group,component_index,root_bits,root_regions,leaf_bits,leaf_regions,path_index,path_length,node_depth,node_bits,node_regions,clone_id,size,bin
All,1,111111,"{AB, AVC, Atria, LV, OFT, RV}",000010,{AB},1,5,0,111111,"{AB, AVC, Atria, LV, OFT, RV}",E8.5-2,82.0,Large
All,1,111111,"{AB, AVC, Atria, LV, OFT, RV}",000010,{AB},1,5,0,111111,"{AB, AVC, Atria, LV, OFT, RV}",E8.5-170,142.0,
All,1,111111,"{AB, AVC, Atria, LV, OFT, RV}",000010,{AB},1,5,0,111111,"{AB, AVC, Atria, LV, OFT, RV}",E8.5-156,48.0,Large
All,1,111111,"{AB, AVC, Atria, LV, OFT, RV}",000010,{AB},1,5,0,111111,"{AB, AVC, Atria, LV, OFT, RV}",E8.5-237,85.0,Large
All,1,111111,"{AB, AVC, Atria, LV, OFT, RV}",000010,{AB},1,5,0,111111,"{AB, AVC, Atria, LV, OFT, RV}",E8.5-25,91.0,Large
All,1,111111,"{AB, AVC, Atria, LV, OFT, RV}",000010,{AB},1,5,0,111111,"{AB, AVC, Atria, LV, OFT, RV}",E8.5-218,30.0,Small
All,1,111111,"{AB, AVC, Atria, LV, OFT, RV}",000010,{AB},1,5,0,111111,"{AB, AVC, Atria, LV, OFT, RV}",E8.5-72,34.0,Large
All,1,111111,"{AB, AVC, Atria, LV, OFT, RV}",000010,{AB},1,5,0,111111,"{AB, AVC, Atria, LV, OFT, RV}",E8.5-68,11.0,Small
All,1,111111,"{AB, AVC, Atria, LV, OFT, RV}",000010,{AB},1,5,0,111111,"{AB, AVC, Atria, LV, OFT, RV}",E8.5-75,38.0,Large
All,1,111111,"{AB, AVC, Atria, LV, OFT, RV}",000010,{AB},1,5,0,111111,"{AB, AVC, Atria, LV, OFT, RV}",E8.5-66,8.0,Small
All,1,111111,"{AB, AVC, Atria, LV, OFT, RV}",000010,{AB},1,5,0,111111,"{AB, AVC, Atria, LV, OFT, RV}",E8.5-135,9.0,Small
All,1,111111,"{AB, AVC, Atria, LV, OFT, RV}",000010,{AB},1,5,0,111111,"{AB, AVC, Atria, LV, OFT, RV}",E8.5-117,19.0,Small
All,1,111111,"{AB, AVC, Atria, LV, OFT, RV}",000010,{AB},1,5,0,111111,"{AB, AVC, Atria, LV, OFT, RV}",E8.5-49,31.0,Large
All,1,111111,"{AB, AVC, Atria, LV, OFT, RV}",000010,{AB},1,5,0,111111,"{AB, AVC, Atria, LV, OFT, RV}",E8.5-194,4.0,Small
All,1,111111,"{AB, AVC, Atria, LV, OFT, RV}",000010,{AB},1,5,0,111111,"{AB, AVC, Atria, LV, OFT, RV}",E8.5-137,4.0,Small
All,1,111111,"{AB, AVC, Atria, LV, OFT, RV}",000010,{AB},1,5,0,111111,"{AB, AVC, Atria, LV, OFT, RV}",E8.5-32,5.0,Small
All,1,111111,"{AB, AVC, Atria, LV, OFT, RV}",000010,{AB},1,5,0,111111,"{AB, AVC, Atria, LV, OFT, RV}",E8.5-79,10.0,Small
All,1,111111,"{AB, AVC, Atria, LV, OFT, RV}",000010,{AB},1,5,0,111111,"{AB, AVC, Atria, LV, OFT, RV}",E8.5-63,4.0,Small
All,1,111111,"{AB, AVC, Atria, LV, OFT, RV}",000010,{AB},1,5,1,011111,"{AB, AVC, Atria, LV, RV}",E8.5-2,82.0,Large
All,1,111111,"{AB, AVC, Atria, LV, OFT, RV}",000010,{AB},1,5,1,011111,"{AB, AVC, Atria, LV, RV}",E8.5-170,142.0,
All,1,111111,"{AB, AVC, Atria, LV, OFT, RV}",000010,{AB},1,5,1,011111,"{AB, AVC, Atria, LV, RV}",E8.5-156,48.0,Large
All,1,111111,"{AB, AVC, Atria, LV, OFT, RV}",000010,{AB},1,5,1,011111,"{AB, AVC, Atria, LV, RV}",E8.5-237,85.0,Large
All,1,111111,"{AB, AVC, Atria, LV, OFT, RV}",000010,{AB},1,5,1,011111,"{AB, AVC, Atria, LV, RV}",E8.5-25,91.0,Large
All,1,111111,"{AB, AVC, Atria, LV, OFT, RV}",000010,{AB},1,5,1,011111,"{AB, AVC, Atria, LV, RV}",E8.5-218,30.0,Small
All,1,111111,"{AB, AVC, Atria, LV, OFT, RV}",000010,{AB},1,5,1,011111,"{AB, AVC, Atria, LV, RV}",E8.5-72,34.0,Large
All,1,111111,"{AB, AVC, Atria, LV, OFT, RV}",000010,{AB},1,5,1,011111,"{AB, AVC, Atria, LV, RV}",E8.5-68,11.0,Small
All,1,111111,"{AB, AVC, Atria, LV, OFT, RV}",000010,{AB},1,5,1,011111,"{AB, AVC, Atria, LV, RV}",E8.5-75,38.0,Large
All,1,111111,"{AB, AVC, Atria, LV, OFT, RV}",000010,{AB},1,5,1,011111,"{AB, AVC, Atria, LV, RV}",E8.5-66,8.0,Small
All,1,111111,"{AB, AVC, Atria, LV, OFT, RV}",000010,{AB},1,5,1,011111,"{AB, AVC, Atria, LV, RV}",E8.5-135,9.0,Small
All,1,111111,"{AB, AVC, Atria, LV, OFT, RV}",000010,{AB},1,5,1,011111,"{AB, AVC, Atria, LV, RV}",E8.5-117,19.0,Small
All,1,111111,"{AB, AVC, Atria, LV, OFT, RV}",000010,{AB},1,5,1,011111,"{AB, AVC, Atria, LV, RV}",E8.5-49,31.0,Large
All,1,111111,"{AB, AVC, Atria, LV, OFT, RV}",000010,{AB},1,5,1,011111,"{AB, AVC, Atria, LV, RV}",E8.5-194,4.0,Small
All,1,111111,"{AB, AVC, Atria, LV, OFT, RV}",000010,{AB},1,5,1,011111,"{AB, AVC, Atria, LV, RV}",E8.5-137,4.0,Small
All,1,111111,"{AB, AVC, Atria, LV, OFT, RV}",000010,{AB},1,5,1,011111,"{AB, AVC, Atria, LV, RV}",E8.5-32,5.0,Small
All,1,111111,"{AB, AVC, Atria, LV, OFT, RV}",000010,{AB},1,5,1,011111,"{AB, AVC, Atria, LV, RV}",E8.5-79,10.0,Small
All,1,111111,"{AB, AVC, Atria, LV, OFT, RV}",000010,{AB},1,5,1,011111,"{AB, AVC, Atria, LV, RV}",E8.5-63,4.0,Small
All,1,111111,"{AB, AVC, Atria, LV, OFT, RV}",000010,{AB},1,5,2,001111,"{AB, AVC, Atria, LV}",E8.5-2,82.0,Large
All,1,111111,"{AB, AVC, Atria, LV, OFT, RV}",000010,{AB},1,5,2,001111,"{AB, AVC, Atria, LV}",E8.5-170,142.0,
All,1,111111,"{AB, AVC, Atria, LV, OFT, RV}",000010,{AB},1,5,2,001111,"{AB, AVC, Atria, LV}",E8.5-156,48.0,Large
All,1,111111,"{AB, AVC, Atria, LV, OFT, RV}",000010,{AB},1,5,2,001111,"{AB, AVC, Atria, LV}",E8.5-237,85.0,Large
All,1,111111,"{AB, AVC, Atria, LV, OFT, RV}",000010,{AB},1,5,2,001111,"{AB, AVC, Atria, LV}",E8.5-25,91.0,Large
All,1,111111,"{AB, AVC, Atria, LV, OFT, RV}",000010,{AB},1,5,2,001111,"{AB, AVC, Atria, LV}",E8.5-218,30.0,Small
All,1,111111,"{AB, AVC, Atria, LV, OFT, RV}",000010,{AB},1,5,2,001111,"{AB, AVC, Atria, LV}",E8.5-72,34.0,Large
All,1,111111,"{AB, AVC, Atria, LV, OFT, RV}",000010,{AB},1,5,2,001111,"{AB, AVC, Atria, LV}",E8.5-68,11.0,Small
All,1,111111,"{AB, AVC, Atria, LV, OFT, RV}",000010,{AB},1,5,2,001111,"{AB, AVC, Atria, LV}",E8.5-75,38.0,Large
All,1,111111,"{AB, AVC, Atria, LV, OFT, RV}",000010,{AB},1,5,2,001111,"{AB, AVC, Atria, LV}",E8.5-66,8.0,Small
All,1,111111,"{AB, AVC, Atria, LV, OFT, RV}",000010,{AB},1,5,2,001111,"{AB, AVC, Atria, LV}",E8.5-135,9.0,Small
All,1,111111,"{AB, AVC, Atria, LV, OFT, RV}",000010,{AB},1,5,2,001111,"{AB, AVC, Atria, LV}",E8.5-117,19.0,Small
All,1,111111,"{AB, AVC, Atria, LV, OFT, RV}",000010,{AB},1,5,2,001111,"{AB, AVC, Atria, LV}",E8.5-49,31.0,Large
All,1,111111,"{AB, AVC, Atria, LV, OFT, RV}",000010,{AB},1,5,2,001111,"{AB, AVC, Atria, LV}",E8.5-194,4.0,Small
All,1,111111,"{AB, AVC, Atria, LV, OFT, RV}",000010,{AB},1,5,2,001111,"{AB, AVC, Atria, LV}",E8.5-137,4.0,Small
All,1,111111,"{AB, AVC, Atria, LV, OFT, RV}",000010,{AB},1,5,2,001111,"{AB, AVC, Atria, LV}",E8.5-32,5.0,Small
All,1,111111,"{AB, AVC, Atria, LV, OFT, RV}",000010,{AB},1,5,2,001111,"{AB, AVC, Atria, LV}",E8.5-79,10.0,Small
All,1,111111,"{AB, AVC, Atria, LV, OFT, RV}",000010,{AB},1,5,2,001111,"{AB, AVC, Atria, LV}",E8.5-63,4.0,Small
All,1,111111,"{AB, AVC, Atria, LV, OFT, RV}",000010,{AB},1,5,3,000111,"{AB, AVC, Atria}",E8.5-2,82.0,Large
All,1,111111,"{AB, AVC, Atria, LV, OFT, RV}",000010,{AB},1,5,3,000111,"{AB, AVC, Atria}",E8.5-170,142.0,
All,1,111111,"{AB, AVC, Atria, LV, OFT, RV}",000010,{AB},1,5,3,000111,"{AB, AVC, Atria}",E8.5-156,48.0,Large
All,1,111111,"{AB, AVC, Atria, LV, OFT, RV}",000010,{AB},1,5,3,000111,"{AB, AVC, Atria}",E8.5-237,85.0,Large
All,1,111111,"{AB, AVC, Atria, LV, OFT, RV}",000010,{AB},1,5,3,000111,"{AB, AVC, Atria}",E8.5-25,91.0,Large
All,1,111111,"{AB, AVC, Atria, LV, OFT, RV}",000010,{AB},1,5,3,000111,"{AB, AVC, Atria}",E8.5-218,30.0,Small
All,1,111111,"{AB, AVC, Atria, LV, OFT, RV}",000010,{AB},1,5,3,000111,"{AB, AVC, Atria}",E8.5-72,34.0,Large
All,1,111111,"{AB, AVC, Atria, LV, OFT, RV}",000010,{AB},1,5,3,000111,"{AB, AVC, Atria}",E8.5-68,11.0,Small
All,1,111111,"{AB, AVC, Atria, LV, OFT, RV}",000010,{AB},1,5,3,000111,"{AB, AVC, Atria}",E8.5-75,38.0,Large
All,1,111111,"{AB, AVC, Atria, LV, OFT, RV}",000010,{AB},1,5,3,000111,"{AB, AVC, Atria}",E8.5-66,8.0,Small
All,1,111111,"{AB, AVC, Atria, LV, OFT, RV}",000010,{AB},1,5,3,000111,"{AB, AVC, Atria}",E8.5-135,9.0,Small
All,1,111111,"{AB, AVC, Atria, LV, OFT, RV}",000010,{AB},1,5,3,000111,"{AB, AVC, Atria}",E8.5-117,19.0,Small
All,1,111111,"{AB, AVC, Atria, LV, OFT, RV}",000010,{AB},1,5,3,000111,"{AB, AVC, Atria}",E8.5-49,31.0,Large
All,1,111111,"{AB, AVC, Atria, LV, OFT, RV}",000010,{AB},1,5,3,000111,"{AB, AVC, Atria}",E8.5-194,4.0,Small
All,1,111111,"{AB, AVC, Atria, LV, OFT, RV}",000010,{AB},1,5,3,000111,"{AB, AVC, Atria}",E8.5-137,4.0,Small
All,1,111111,"{AB, AVC, Atria, LV, OFT, RV}",000010,{AB},1,5,3,000111,"{AB, AVC, Atria}",E8.5-32,5.0,Small
All,1,111111,"{AB, AVC, Atria, LV, OFT, RV}",000010,{AB},1,5,3,000111,"{AB, AVC, Atria}",E8.5-79,10.0,Small
All,1,111111,"{AB, AVC, Atria, LV, OFT, RV}",000010,{AB},1,5,3,000111,"{AB, AVC, Atria}",E8.5-63,4.0,Small
All,1,111111,"{AB, AVC, Atria, LV, OFT, RV}",000010,{AB},1,5,4,000110,"{AB, AVC}",E8.5-2,82.0,Large
All,1,111111,"{AB, AVC, Atria, LV, OFT, RV}",000010,{AB},1,5,4,000110,"{AB, AVC}",E8.5-170,142.0,
All,1,111111,"{AB, AVC, Atria, LV, OFT, RV}",000010,{AB},1,5,4,000110,"{AB, AVC}",E8.5-156,48.0,Large
All,1,111111,"{AB, AVC, Atria, LV, OFT, RV}",000010,{AB},1,5,4,000110,"{AB, AVC}",E8.5-237,85.0,Large
All,1,111111,"{AB, AVC, Atria, LV, OFT, RV}",000010,{AB},1,5,4,000110,"{AB, AVC}",E8.5-25,91.0,Large
All,1,111111,"{AB, AVC, Atria, LV, OFT, RV}",000010,{AB},1,5,4,000110,"{AB, AVC}",E8.5-218,30.0,Small
All,1,111111,"{AB, AVC, Atria, LV, OFT, RV}",000010,{AB},1,5,4,000110,"{AB, AVC}",E8.5-72,34.0,Large
All,1,111111,"{AB, AVC, Atria, LV, OFT, RV}",000010,{AB},1,5,4,000110,"{AB, AVC}",E8.5-68,11.0,Small
All,1,111111,"{AB, AVC, Atria, LV, OFT, RV}",000010,{AB},1,5,4,000110,"{AB, AVC}",E8.5-75,38.0,Large
All,1,111111,"{AB, AVC, Atria, LV, OFT, RV}",000010,{AB},1,5,4,000110,"{AB, AVC}",E8.5-66,8.0,Small
All,1,111111,"{AB, AVC, Atria, LV, OFT, RV}",000010,{AB},1,5,4,000110,"{AB, AVC}",E8.5-135,9.0,Small
All,1,111111,"{AB, AVC, Atria, LV, OFT, RV}",000010,{AB},1,5,4,000110,"{AB, AVC}",E8.5-117,19.0,Small
All,1,111111,"{AB, AVC, Atria, LV, OFT, RV}",000010,{AB},1,5,4,000110,"{AB, AVC}",E8.5-49,31.0,Large
All,1,111111,"{AB, AVC, Atria, LV, OFT, RV}",000010,{AB},1,5,4,000110,"{AB, AVC}",E8.5-194,4.0,Small
All,1,111111,"{AB, AVC, Atria, LV, OFT, RV}",000010,{AB},1,5,4,000110,"{AB, AVC}",E8.5-137,4.0,Small
All,1,111111,"{AB, AVC, Atria, LV, OFT, RV}",000010,{AB},1,5,4,000110,"{AB, AVC}",E8.5-32,5.0,Small
All,1,111111,"{AB, AVC, Atria, LV, OFT, RV}",000010,{AB},1,5,4,000110,"{AB, AVC}",E8.5-79,10.0,Small
All,1,111111,"{AB, AVC, Atria, LV, OFT, RV}",000010,{AB},1,5,4,000110,"{AB, AVC}",E8.5-63,4.0,Small
All,1,111111,"{AB, AVC, Atria, LV, OFT, RV}",000010,{AB},1,5,5,000010,{AB},E8.5-2,82.0,Large
All,1,111111,"{AB, AVC, Atria, LV, OFT, RV}",000010,{AB},1,5,5,000010,{AB},E8.5-170,142.0,
All,1,111111,"{AB, AVC, Atria, LV, OFT, RV}",000010,{AB},1,5,5,000010,{AB},E8.5-156,48.0,Large
All,1,111111,"{AB, AVC, Atria, LV, OFT, RV}",000010,{AB},1,5,5,000010,{AB},E8.5-237,85.0,Large
All,1,111111,"{AB, AVC, Atria, LV, OFT, RV}",000010,{AB},1,5,5,000010,{AB},E8.5-25,91.0,Large
All,1,111111,"{AB, AVC, Atria, LV, OFT, RV}",000010,{AB},1,5,5,000010,{AB},E8.5-218,30.0,Small
All,1,111111,"{AB, AVC, Atria, LV, OFT, RV}",000010,{AB},1,5,5,000010,{AB},E8.5-72,34.0,Large
All,1,111111,"{AB, AVC, Atria, LV, OFT, RV}",000010,{AB},1,5,5,000010,{AB},E8.5-68,11.0,Small
All,1,111111,"{AB, AVC, Atria, LV, OFT, RV}",000010,{AB},1,5,5,000010,{AB},E8.5-75,38.0,Large
All,1,111111,"{AB, AVC, Atria, LV, OFT, RV}",000010,{AB},1,5,5,000010,{AB},E8.5-66,8.0,Small
All,1,111111,"{AB, AVC, Atria, LV, OFT, RV}",000010,{AB},1,5,5,000010,{AB},E8.5-135,9.0,Small
All,1,111111,"{AB, AVC, Atria, LV, OFT, RV}",000010,{AB},1,5,5,000010,{AB},E8.5-117,19.0,Small
All,1,111111,"{AB, AVC, Atria, LV, OFT, RV}",000010,{AB},1,5,5,000010,{AB},E8.5-49,31.0,Large
All,1,111111,"{AB, AVC, Atria, LV, OFT, RV}",000010,{AB},1,5,5,000010,{AB},E8.5-194,4.0,Small
All,1,111111,"{AB, AVC, Atria, LV, OFT, RV}",000010,{AB},1,5,5,000010,{AB},E8.5-137,4.0,Small
All,1,111111,"{AB, AVC, Atria, LV, OFT, RV}",000010,{AB},1,5,5,000010,{AB},E8.5-32,5.0,Small
All,1,111111,"{AB, AVC, Atria, LV, OFT, RV}",000010,{AB},1,5,5,000010,{AB},E8.5-79,10.0,Small
All,1,111111,"{AB, AVC, Atria, LV, OFT, RV}",000010,{AB},1,5,5,000010,{AB},E8.5-63,4.0,Small
All,1,111111,"{AB, AVC, Atria, LV, OFT, RV}",000010,{AB},2,5,0,111111,"{AB, AVC, Atria, LV, OFT, RV}",E8.5-2,82.0,Large
All,1,111111,"{AB, AVC, Atria, LV, OFT, RV}",000010,{AB},2,5,0,111111,"{AB, AVC, Atria, LV, OFT, RV}",E8.5-170,142.0,
All,1,111111,"{AB, AVC, Atria, LV, OFT, RV}",000010,{AB},2,5,0,111111,"{AB, AVC, Atria, LV, OFT, RV}",E8.5-156,48.0,Large
All,1,111111,"{AB, AVC, Atria, LV, OFT, RV}",000010,{AB},2,5,0,111111,"{AB, AVC, Atria, LV, OFT, RV}",E8.5-237,85.0,Large
All,1,111111,"{AB, AVC, Atria, LV, OFT, RV}",000010,{AB},2,5,0,111111,"{AB, AVC, Atria, LV, OFT, RV}",E8.5-25,91.0,Large
All,1,111111,"{AB, AVC, Atria, LV, OFT, RV}",000010,{AB},2,5,0,111111,"{AB, AVC, Atria, LV, OFT, RV}",E8.5-218,30.0,Small
All,1,111111,"{AB, AVC, Atria, LV, OFT, RV}",000010,{AB},2,5,0,111111,"{AB, AVC, Atria, LV, OFT, RV}",E8.5-72,34.0,Large
All,1,111111,"{AB, AVC, Atria, LV, OFT, RV}",000010,{AB},2,5,0,111111,"{AB, AVC, Atria, LV, OFT, RV}",E8.5-68,11.0,Small
All,1,111111,"{AB, AVC, Atria, LV, OFT, RV}",000010,{AB},2,5,0,111111,"{AB, AVC, Atria, LV, OFT, RV}",E8.5-75,38.0,Large
All,1,111111,"{AB, AVC, Atria, LV, OFT, RV}",000010,{AB},2,5,0,111111,"{AB, AVC, Atria, LV, OFT, RV}",E8.5-15,12.0,Small
All,1,111111,"{AB, AVC, Atria, LV, OFT, RV}",000010,{AB},2,5,0,111111,"{AB, AVC, Atria, LV, OFT, RV}",E8.5-144,20.0,Small
All,1,111111,"{AB, AVC, Atria, LV, OFT, RV}",000010,{AB},2,5,0,111111,"{AB, AVC, Atria, LV, OFT, RV}",E8.5-227,30.0,Small
All,1,111111,"{AB, AVC, Atria, LV, OFT, RV}",000010,{AB},2,5,0,111111,"{AB, AVC, Atria, LV, OFT, RV}",E8.5-194,4.0,Small
All,1,111111,"{AB, AVC, Atria, LV, OFT, RV}",000010,{AB},2,5,0,111111,"{AB, AVC, Atria, LV, OFT, RV}",E8.5-137,4.0,Small
All,1,111111,"{AB, AVC, Atria, LV, OFT, RV}",000010,{AB},2,5,0,111111,"{AB, AVC, Atria, LV, OFT, RV}",E8.5-32,5.0,Small
All,1,111111,"{AB, AVC, Atria, LV, OFT, RV}",000010,{AB},2,5,0,111111,"{AB, AVC, Atria, LV, OFT, RV}",E8.5-79,10.0,Small
All,1,111111,"{AB, AVC, Atria, LV, OFT, RV}",000010,{AB},2,5,0,111111,"{AB, AVC, Atria, LV, OFT, RV}",E8.5-63,4.0,Small
All,1,111111,"{AB, AVC, Atria, LV, OFT, RV}",000010,{AB},2,5,1,011111,"{AB, AVC, Atria, LV, RV}",E8.5-2,82.0,Large
All,1,111111,"{AB, AVC, Atria, LV, OFT, RV}",000010,{AB},2,5,1,011111,"{AB, AVC, Atria, LV, RV}",E8.5-170,142.0,
All,1,111111,"{AB, AVC, Atria, LV, OFT, RV}",000010,{AB},2,5,1,011111,"{AB, AVC, Atria, LV, RV}",E8.5-156,48.0,Large
All,1,111111,"{AB, AVC, Atria, LV, OFT, RV}",000010,{AB},2,5,1,011111,"{AB, AVC, Atria, LV, RV}",E8.5-237,85.0,Large
All,1,111111,"{AB, AVC, Atria, LV, OFT, RV}",000010,{AB},2,5,1,011111,"{AB, AVC, Atria, LV, RV}",E8.5-25,91.0,Large
All,1,111111,"{AB, AVC, Atria, LV, OFT, RV}",000010,{AB},2,5,1,011111,"{AB, AVC, Atria, LV, RV}",E8.5-218,30.0,Small
All,1,111111,"{AB, AVC, Atria, LV, OFT, RV}",000010,{AB},2,5,1,011111,"{AB, AVC, Atria, LV, RV}",E8.5-72,34.0,Large
All,1,111111,"{AB, AVC, Atria, LV, OFT, RV}",000010,{AB},2,5,1,011111,"{AB, AVC, Atria, LV, RV}",E8.5-68,11.0,Small
All,1,111111,"{AB, AVC, Atria, LV, OFT, RV}",000010,{AB},2,5,1,011111,"{AB, AVC, Atria, LV, RV}",E8.5-75,38.0,Large
All,1,111111,"{AB, AVC, Atria, LV, OFT, RV}",000010,{AB},2,5,1,011111,"{AB, AVC, Atria, LV, RV}",E8.5-15,12.0,Small
All,1,111111,"{AB, AVC, Atria, LV, OFT, RV}",000010,{AB},2,5,1,011111,"{AB, AVC, Atria, LV, RV}",E8.5-144,20.0,Small
All,1,111111,"{AB, AVC, Atria, LV, OFT, RV}",000010,{AB},2,5,1,011111,"{AB, AVC, Atria, LV, RV}",E8.5-227,30.0,Small
All,1,111111,"{AB, AVC, Atria, LV, OFT, RV}",000010,{AB},2,5,1,011111,"{AB, AVC, Atria, LV, RV}",E8.5-194,4.0,Small
All,1,111111,"{AB, AVC, Atria, LV, OFT, RV}",000010,{AB},2,5,1,011111,"{AB, AVC, Atria, LV, RV}",E8.5-137,4.0,Small
All,1,111111,"{AB, AVC, Atria, LV, OFT, RV}",000010,{AB},2,5,1,011111,"{AB, AVC, Atria, LV, RV}",E8.5-32,5.0,Small
All,1,111111,"{AB, AVC, Atria, LV, OFT, RV}",000010,{AB},2,5,1,011111,"{AB, AVC, Atria, LV, RV}",E8.5-79,10.0,Small
All,1,111111,"{AB, AVC, Atria, LV, OFT, RV}",000010,{AB},2,5,1,011111,"{AB, AVC, Atria, LV, RV}",E8.5-63,4.0,Small
All,1,111111,"{AB, AVC, Atria, LV, OFT, RV}",000010,{AB},2,5,2,001111,"{AB, AVC, Atria, LV}",E8.5-2,82.0,Large
All,1,111111,"{AB, AVC, Atria, LV, OFT, RV}",000010,{AB},2,5,2,001111,"{AB, AVC, Atria, LV}",E8.5-170,142.0,
All,1,111111,"{AB, AVC, Atria, LV, OFT, RV}",000010,{AB},2,5,2,001111,"{AB, AVC, Atria, LV}",E8.5-156,48.0,Large
All,1,111111,"{AB, AVC, Atria, LV, OFT, RV}",000010,{AB},2,5,2,001111,"{AB, AVC, Atria, LV}",E8.5-237,85.0,Large
All,1,111111,"{AB, AVC, Atria, LV, OFT, RV}",000010,{AB},2,5,2,001111,"{AB, AVC, Atria, LV}",E8.5-25,91.0,Large
All,1,111111,"{AB, AVC, Atria, LV, OFT, RV}",000010,{AB},2,5,2,001111,"{AB, AVC, Atria, LV}",E8.5-218,30.0,Small
All,1,111111,"{AB, AVC, Atria, LV, OFT, RV}",000010,{AB},2,5,2,001111,"{AB, AVC, Atria, LV}",E8.5-72,34.0,Large
All,1,111111,"{AB, AVC, Atria, LV, OFT, RV}",000010,{AB},2,5,2,001111,"{AB, AVC, Atria, LV}",E8.5-68,11.0,Small
All,1,111111,"{AB, AVC, Atria, LV, OFT, RV}",000010,{AB},2,5,2,001111,"{AB, AVC, Atria, LV}",E8.5-75,38.0,Large
All,1,111111,"{AB, AVC, Atria, LV, OFT, RV}",000010,{AB},2,5,2,001111,"{AB, AVC, Atria, LV}",E8.5-15,12.0,Small
All,1,111111,"{AB, AVC, Atria, LV, OFT, RV}",000010,{AB},2,5,2,001111,"{AB, AVC, Atria, LV}",E8.5-144,20.0,Small
All,1,111111,"{AB, AVC, Atria, LV, OFT, RV}",000010,{AB},2,5,2,001111,"{AB, AVC, Atria, LV}",E8.5-227,30.0,Small
All,1,111111,"{AB, AVC, Atria, LV, OFT, RV}",000010,{AB},2,5,2,001111,"{AB, AVC, Atria, LV}",E8.5-194,4.0,Small
All,1,111111,"{AB, AVC, Atria, LV, OFT, RV}",000010,{AB},2,5,2,001111,"{AB, AVC, Atria, LV}",E8.5-137,4.0,Small
All,1,111111,"{AB, AVC, Atria, LV, OFT, RV}",000010,{AB},2,5,2,001111,"{AB, AVC, Atria, LV}",E8.5-32,5.0,Small
All,1,111111,"{AB, AVC, Atria, LV, OFT, RV}",000010,{AB},2,5,2,001111,"{AB, AVC, Atria, LV}",E8.5-79,10.0,Small
All,1,111111,"{AB, AVC, Atria, LV, OFT, RV}",000010,{AB},2,5,2,001111,"{AB, AVC, Atria, LV}",E8.5-63,4.0,Small
All,1,111111,"{AB, AVC, Atria, LV, OFT, RV}",000010,{AB},2,5,3,000111,"{AB, AVC, Atria}",E8.5-2,82.0,Large
All,1,111111,"{AB, AVC, Atria, LV, OFT, RV}",000010,{AB},2,5,3,000111,"{AB, AVC, Atria}",E8.5-170,142.0,
All,1,111111,"{AB, AVC, Atria, LV, OFT, RV}",000010,{AB},2,5,3,000111,"{AB, AVC, Atria}",E8.5-156,48.0,Large
All,1,111111,"{AB, AVC, Atria, LV, OFT, RV}",000010,{AB},2,5,3,000111,"{AB, AVC, Atria}",E8.5-237,85.0,Large
All,1,111111,"{AB, AVC, Atria, LV, OFT, RV}",000010,{AB},2,5,3,000111,"{AB, AVC, Atria}",E8.5-25,91.0,Large
All,1,111111,"{AB, AVC, Atria, LV, OFT, RV}",000010,{AB},2,5,3,000111,"{AB, AVC, Atria}",E8.5-218,30.0,Small
All,1,111111,"{AB, AVC, Atria, LV, OFT, RV}",000010,{AB},2,5,3,000111,"{AB, AVC, Atria}",E8.5-72,34.0,Large
All,1,111111,"{AB, AVC, Atria, LV, OFT, RV}",000010,{AB},2,5,3,000111,"{AB, AVC, Atria}",E8.5-68,11.0,Small
All,1,111111,"{AB, AVC, Atria, LV, OFT, RV}",000010,{AB},2,5,3,000111,"{AB, AVC, Atria}",E8.5-75,38.0,Large
All,1,111111,"{AB, AVC, Atria, LV, OFT, RV}",000010,{AB},2,5,3,000111,"{AB, AVC, Atria}",E8.5-15,12.0,Small
All,1,111111,"{AB, AVC, Atria, LV, OFT, RV}",000010,{AB},2,5,3,000111,"{AB, AVC, Atria}",E8.5-144,20.0,Small
All,1,111111,"{AB, AVC, Atria, LV, OFT, RV}",000010,{AB},2,5,3,000111,"{AB, AVC, Atria}",E8.5-227,30.0,Small
All,1,111111,"{AB, AVC, Atria, LV, OFT, RV}",000010,{AB},2,5,3,000111,"{AB, AVC, Atria}",E8.5-194,4.0,Small
All,1,111111,"{AB, AVC, Atria, LV, OFT, RV}",000010,{AB},2,5,3,000111,"{AB, AVC, Atria}",E8.5-137,4.0,Small
All,1,111111,"{AB, AVC, Atria, LV, OFT, RV}",000010,{AB},2,5,3,000111,"{AB, AVC, Atria}",E8.5-32,5.0,Small
All,1,111111,"{AB, AVC, Atria, LV, OFT, RV}",000010,{AB},2,5,3,000111,"{AB, AVC, Atria}",E8.5-79,10.0,Small
All,1,111111,"{AB, AVC, Atria, LV, OFT, RV}",000010,{AB},2,5,3,000111,"{AB, AVC, Atria}",E8.5-63,4.0,Small
All,1,111111,"{AB, AVC, Atria, LV, OFT, RV}",000010,{AB},2,5,4,000011,"{AB, Atria}",E8.5-2,82.0,Large
All,1,111111,"{AB, AVC, Atria, LV, OFT, RV}",000010,{AB},2,5,4,000011,"{AB, Atria}",E8.5-170,142.0,
All,1,111111,"{AB, AVC, Atria, LV, OFT, RV}",000010,{AB},2,5,4,000011,"{AB, Atria}",E8.5-156,48.0,Large
All,1,111111,"{AB, AVC, Atria, LV, OFT, RV}",000010,{AB},2,5,4,000011,"{AB, Atria}",E8.5-237,85.0,Large
All,1,111111,"{AB, AVC, Atria, LV, OFT, RV}",000010,{AB},2,5,4,000011,"{AB, Atria}",E8.5-25,91.0,Large
All,1,111111,"{AB, AVC, Atria, LV, OFT, RV}",000010,{AB},2,5,4,000011,"{AB, Atria}",E8.5-218,30.0,Small
All,1,111111,"{AB, AVC, Atria, LV, OFT, RV}",000010,{AB},2,5,4,000011,"{AB, Atria}",E8.5-72,34.0,Large
All,1,111111,"{AB, AVC, Atria, LV, OFT, RV}",000010,{AB},2,5,4,000011,"{AB, Atria}",E8.5-68,11.0,Small
All,1,111111,"{AB, AVC, Atria, LV, OFT, RV}",000010,{AB},2,5,4,000011,"{AB, Atria}",E8.5-75,38.0,Large
All,1,111111,"{AB, AVC, Atria, LV, OFT, RV}",000010,{AB},2,5,4,000011,"{AB, Atria}",E8.5-15,12.0,Small
All,1,111111,"{AB, AVC, Atria, LV, OFT, RV}",000010,{AB},2,5,4,000011,"{AB, Atria}",E8.5-144,20.0,Small
All,1,111111,"{AB, AVC, Atria, LV, OFT, RV}",000010,{AB},2,5,4,000011,"{AB, Atria}",E8.5-227,30.0,Small
All,1,111111,"{AB, AVC, Atria, LV, OFT, RV}",000010,{AB},2,5,4,000011,"{AB, Atria}",E8.5-194,4.0,Small
All,1,111111,"{AB, AVC, Atria, LV, OFT, RV}",000010,{AB},2,5,4,000011,"{AB, Atria}",E8.5-137,4.0,Small
All,1,111111,"{AB, AVC, Atria, LV, OFT, RV}",000010,{AB},2,5,4,000011,"{AB, Atria}",E8.5-32,5.0,Small
All,1,111111,"{AB, AVC, Atria, LV, OFT, RV}",000010,{AB},2,5,4,000011,"{AB, Atria}",E8.5-79,10.0,Small
All,1,111111,"{AB, AVC, Atria, LV, OFT, RV}",000010,{AB},2,5,4,000011,"{AB, Atria}",E8.5-63,4.0,Small
All,1,111111,"{AB, AVC, Atria, LV, OFT, RV}",000010,{AB},2,5,5,000010,{AB},E8.5-2,82.0,Large
All,1,111111,"{AB, AVC, Atria, LV, OFT, RV}",000010,{AB},2,5,5,000010,{AB},E8.5-170,142.0,
All,1,111111,"{AB, AVC, Atria, LV, OFT, RV}",000010,{AB},2,5,5,000010,{AB},E8.5-156,48.0,Large
All,1,111111,"{AB, AVC, Atria, LV, OFT, RV}",000010,{AB},2,5,5,000010,{AB},E8.5-237,85.0,Large
All,1,111111,"{AB, AVC, Atria, LV, OFT, RV}",000010,{AB},2,5,5,000010,{AB},E8.5-25,91.0,Large
All,1,111111,"{AB, AVC, Atria, LV, OFT, RV}",000010,{AB},2,5,5,000010,{AB},E8.5-218,30.0,Small
All,1,111111,"{AB, AVC, Atria, LV, OFT, RV}",000010,{AB},2,5,5,000010,{AB},E8.5-72,34.0,Large
All,1,111111,"{AB, AVC, Atria, LV, OFT, RV}",000010,{AB},2,5,5,000010,{AB},E8.5-68,11.0,Small
All,1,111111,"{AB, AVC, Atria, LV, OFT, RV}",000010,{AB},2,5,5,000010,{AB},E8.5-75,38.0,Large
All,1,111111,"{AB, AVC, Atria, LV, OFT, RV}",000010,{AB},2,5,5,000010,{AB},E8.5-15,12.0,Small
All,1,111111,"{AB, AVC, Atria, LV, OFT, RV}",000010,{AB},2,5,5,000010,{AB},E8.5-144,20.0,Small
All,1,111111,"{AB, AVC, Atria, LV, OFT, RV}",000010,{AB},2,5,5,000010,{AB},E8.5-227,30.0,Small
All,1,111111,"{AB, AVC, Atria, LV, OFT, RV}",000010,{AB},2,5,5,000010,{AB},E8.5-194,4.0,Small
All,1,111111,"{AB, AVC, Atria, LV, OFT, RV}",000010,{AB},2,5,5,000010,{AB},E8.5-137,4.0,Small
All,1,111111,"{AB, AVC, Atria, LV, OFT, RV}",000010,{AB},2,5,5,000010,{AB},E8.5-32,5.0,Small
All,1,111111,"{AB, AVC, Atria, LV, OFT, RV}",000010,{AB},2,5,5,000010,{AB},E8.5-79,10.0,Small
All,1,111111,"{AB, AVC, Atria, LV, OFT, RV}",000010,{AB},2,5,5,000010,{AB},E8.5-63,4.0,Small
All,1,111111,"{AB, AVC, Atria, LV, OFT, RV}",000010,{AB},3,4,0,111111,"{AB, AVC, Atria, LV, OFT, RV}",E8.5-2,82.0,Large
All,1,111111,"{AB, AVC, Atria, LV, OFT, RV}",000010,{AB},3,4,0,111111,"{AB, AVC, Atria, LV, OFT, RV}",E8.5-170,142.0,
All,1,111111,"{AB, AVC, Atria, LV, OFT, RV}",000010,{AB},3,4,0,111111,"{AB, AVC, Atria, LV, OFT, RV}",E8.5-156,48.0,Large
All,1,111111,"{AB, AVC, Atria, LV, OFT, RV}",000010,{AB},3,4,0,111111,"{AB, AVC, Atria, LV, OFT, RV}",E8.5-237,85.0,Large
All,1,111111,"{AB, AVC, Atria, LV, OFT, RV}",000010,{AB},3,4,0,111111,"{AB, AVC, Atria, LV, OFT, RV}",E8.5-25,91.0,Large
All,1,111111,"{AB, AVC, Atria, LV, OFT, RV}",000010,{AB},3,4,0,111111,"{AB, AVC, Atria, LV, OFT, RV}",E8.5-218,30.0,Small
All,1,111111,"{AB, AVC, Atria, LV, OFT, RV}",000010,{AB},3,4,0,111111,"{AB, AVC, Atria, LV, OFT, RV}",E8.5-72,34.0,Large
All,1,111111,"{AB, AVC, Atria, LV, OFT, RV}",000010,{AB},3,4,0,111111,"{AB, AVC, Atria, LV, OFT, RV}",E8.5-68,11.0,Small
All,1,111111,"{AB, AVC, Atria, LV, OFT, RV}",000010,{AB},3,4,0,111111,"{AB, AVC, Atria, LV, OFT, RV}",E8.5-75,38.0,Large
All,1,111111,"{AB, AVC, Atria, LV, OFT, RV}",000010,{AB},3,4,0,111111,"{AB, AVC, Atria, LV, OFT, RV}",E8.5-194,4.0,Small
All,1,111111,"{AB, AVC, Atria, LV, OFT, RV}",000010,{AB},3,4,0,111111,"{AB, AVC, Atria, LV, OFT, RV}",E8.5-137,4.0,Small
All,1,111111,"{AB, AVC, Atria, LV, OFT, RV}",000010,{AB},3,4,0,111111,"{AB, AVC, Atria, LV, OFT, RV}",E8.5-32,5.0,Small
All,1,111111,"{AB, AVC, Atria, LV, OFT, RV}",000010,{AB},3,4,0,111111,"{AB, AVC, Atria, LV, OFT, RV}",E8.5-79,10.0,Small
All,1,111111,"{AB, AVC, Atria, LV, OFT, RV}",000010,{AB},3,4,0,111111,"{AB, AVC, Atria, LV, OFT, RV}",E8.5-63,4.0,Small
All,1,111111,"{AB, AVC, Atria, LV, OFT, RV}",000010,{AB},3,4,1,011111,"{AB, AVC, Atria, LV, RV}",E8.5-2,82.0,Large
All,1,111111,"{AB, AVC, Atria, LV, OFT, RV}",000010,{AB},3,4,1,011111,"{AB, AVC, Atria, LV, RV}",E8.5-170,142.0,
All,1,111111,"{AB, AVC, Atria, LV, OFT, RV}",000010,{AB},3,4,1,011111,"{AB, AVC, Atria, LV, RV}",E8.5-156,48.0,Large
All,1,111111,"{AB, AVC, Atria, LV, OFT, RV}",000010,{AB},3,4,1,011111,"{AB, AVC, Atria, LV, RV}",E8.5-237,85.0,Large
All,1,111111,"{AB, AVC, Atria, LV, OFT, RV}",000010,{AB},3,4,1,011111,"{AB, AVC, Atria, LV, RV}",E8.5-25,91.0,Large
All,1,111111,"{AB, AVC, Atria, LV, OFT, RV}",000010,{AB},3,4,1,011111,"{AB, AVC, Atria, LV, RV}",E8.5-218,30.0,Small
All,1,111111,"{AB, AVC, Atria, LV, OFT, RV}",000010,{AB},3,4,1,011111,"{AB, AVC, Atria, LV, RV}",E8.5-72,34.0,Large
All,1,111111,"{AB, AVC, Atria, LV, OFT, RV}",000010,{AB},3,4,1,011111,"{AB, AVC, Atria, LV, RV}",E8.5-68,11.0,Small
All,1,111111,"{AB, AVC, Atria, LV, OFT, RV}",000010,{AB},3,4,1,011111,"{AB, AVC, Atria, LV, RV}",E8.5-75,38.0,Large
All,1,111111,"{AB, AVC, Atria, LV, OFT, RV}",000010,{AB},3,4,1,011111,"{AB, AVC, Atria, LV, RV}",E8.5-194,4.0,Small
All,1,111111,"{AB, AVC, Atria, LV, OFT, RV}",000010,{AB},3,4,1,011111,"{AB, AVC, Atria, LV, RV}",E8.5-137,4.0,Small
All,1,111111,"{AB, AVC, Atria, LV, OFT, RV}",000010,{AB},3,4,1,011111,"{AB, AVC, Atria, LV, RV}",E8.5-32,5.0,Small
All,1,111111,"{AB, AVC, Atria, LV, OFT, RV}",000010,{AB},3,4,1,011111,"{AB, AVC, Atria, LV, RV}",E8.5-79,10.0,Small
All,1,111111,"{AB, AVC, Atria, LV, OFT, RV}",000010,{AB},3,4,1,011111,"{AB, AVC, Atria, LV, RV}",E8.5-63,4.0,Small
All,1,111111,"{AB, AVC, Atria, LV, OFT, RV}",000010,{AB},3,4,2,001111,"{AB, AVC, Atria, LV}",E8.5-2,82.0,Large
All,1,111111,"{AB, AVC, Atria, LV, OFT, RV}",000010,{AB},3,4,2,001111,"{AB, AVC, Atria, LV}",E8.5-170,142.0,
All,1,111111,"{AB, AVC, Atria, LV, OFT, RV}",000010,{AB},3,4,2,001111,"{AB, AVC, Atria, LV}",E8.5-156,48.0,Large
All,1,111111,"{AB, AVC, Atria, LV, OFT, RV}",000010,{AB},3,4,2,001111,"{AB, AVC, Atria, LV}",E8.5-237,85.0,Large
All,1,111111,"{AB, AVC, Atria, LV, OFT, RV}",000010,{AB},3,4,2,001111,"{AB, AVC, Atria, LV}",E8.5-25,91.0,Large
All,1,111111,"{AB, AVC, Atria, LV, OFT, RV}",000010,{AB},3,4,2,001111,"{AB, AVC, Atria, LV}",E8.5-218,30.0,Small
All,1,111111,"{AB, AVC, Atria, LV, OFT, RV}",000010,{AB},3,4,2,001111,"{AB, AVC, Atria, LV}",E8.5-72,34.0,Large
All,1,111111,"{AB, AVC, Atria, LV, OFT, RV}",000010,{AB},3,4,2,001111,"{AB, AVC, Atria, LV}",E8.5-68,11.0,Small
All,1,111111,"{AB, AVC, Atria, LV, OFT, RV}",000010,{AB},3,4,2,001111,"{AB, AVC, Atria, LV}",E8.5-75,38.0,Large
All,1,111111,"{AB, AVC, Atria, LV, OFT, RV}",000010,{AB},3,4,2,001111,"{AB, AVC, Atria, LV}",E8.5-194,4.0,Small
All,1,111111,"{AB, AVC, Atria, LV, OFT, RV}",000010,{AB},3,4,2,001111,"{AB, AVC, Atria, LV}",E8.5-137,4.0,Small
All,1,111111,"{AB, AVC, Atria, LV, OFT, RV}",000010,{AB},3,4,2,001111,"{AB, AVC, Atria, LV}",E8.5-32,5.0,Small
All,1,111111,"{AB, AVC, Atria, LV, OFT, RV}",000010,{AB},3,4,2,001111,"{AB, AVC, Atria, LV}",E8.5-79,10.0,Small
All,1,111111,"{AB, AVC, Atria, LV, OFT, RV}",000010,{AB},3,4,2,001111,"{AB, AVC, Atria, LV}",E8.5-63,4.0,Small
All,1,111111,"{AB, AVC, Atria, LV, OFT, RV}",000010,{AB},3,4,3,000111,"{AB, AVC, Atria}",E8.5-2,82.0,Large
All,1,111111,"{AB, AVC, Atria, LV, OFT, RV}",000010,{AB},3,4,3,000111,"{AB, AVC, Atria}",E8.5-170,142.0,
All,1,111111,"{AB, AVC, Atria, LV, OFT, RV}",000010,{AB},3,4,3,000111,"{AB, AVC, Atria}",E8.5-156,48.0,Large
All,1,111111,"{AB, AVC, Atria, LV, OFT, RV}",000010,{AB},3,4,3,000111,"{AB, AVC, Atria}",E8.5-237,85.0,Large
All,1,111111,"{AB, AVC, Atria, LV, OFT, RV}",000010,{AB},3,4,3,000111,"{AB, AVC, Atria}",E8.5-25,91.0,Large
All,1,111111,"{AB, AVC, Atria, LV, OFT, RV}",000010,{AB},3,4,3,000111,"{AB, AVC, Atria}",E8.5-218,30.0,Small
All,1,111111,"{AB, AVC, Atria, LV, OFT, RV}",000010,{AB},3,4,3,000111,"{AB, AVC, Atria}",E8.5-72,34.0,Large
All,1,111111,"{AB, AVC, Atria, LV, OFT, RV}",000010,{AB},3,4,3,000111,"{AB, AVC, Atria}",E8.5-68,11.0,Small
All,1,111111,"{AB, AVC, Atria, LV, OFT, RV}",000010,{AB},3,4,3,000111,"{AB, AVC, Atria}",E8.5-75,38.0,Large
All,1,111111,"{AB, AVC, Atria, LV, OFT, RV}",000010,{AB},3,4,3,000111,"{AB, AVC, Atria}",E8.5-194,4.0,Small
All,1,111111,"{AB, AVC, Atria, LV, OFT, RV}",000010,{AB},3,4,3,000111,"{AB, AVC, Atria}",E8.5-137,4.0,Small
All,1,111111,"{AB, AVC, Atria, LV, OFT, RV}",000010,{AB},3,4,3,000111,"{AB, AVC, Atria}",E8.5-32,5.0,Small
All,1,111111,"{AB, AVC, Atria, LV, OFT, RV}",000010,{AB},3,4,3,000111,"{AB, AVC, Atria}",E8.5-79,10.0,Small
All,1,111111,"{AB, AVC, Atria, LV, OFT, RV}",000010,{AB},3,4,3,000111,"{AB, AVC, Atria}",E8.5-63,4.0,Small
All,1,111111,"{AB, AVC, Atria, LV, OFT, RV}",000010,{AB},3,4,4,000010,{AB},E8.5-2,82.0,Large
All,1,111111,"{AB, AVC, Atria, LV, OFT, RV}",000010,{AB},3,4,4,000010,{AB},E8.5-170,142.0,
All,1,111111,"{AB, AVC, Atria, LV, OFT, RV}",000010,{AB},3,4,4,000010,{AB},E8.5-156,48.0,Large
All,1,111111,"{AB, AVC, Atria, LV, OFT, RV}",000010,{AB},3,4,4,000010,{AB},E8.5-237,85.0,Large
All,1,111111,"{AB, AVC, Atria, LV, OFT, RV}",000010,{AB},3,4,4,000010,{AB},E8.5-25,91.0,Large
All,1,111111,"{AB, AVC, Atria, LV, OFT, RV}",000010,{AB},3,4,4,000010,{AB},E8.5-218,30.0,Small
All,1,111111,"{AB, AVC, Atria, LV, OFT, RV}",000010,{AB},3,4,4,000010,{AB},E8.5-72,34.0,Large
All,1,111111,"{AB, AVC, Atria, LV, OFT, RV}",000010,{AB},3,4,4,000010,{AB},E8.5-68,11.0,Small
All,1,111111,"{AB, AVC, Atria, LV, OFT, RV}",000010,{AB},3,4,4,000010,{AB},E8.5-75,38.0,Large
All,1,111111,"{AB, AVC, Atria, LV, OFT, RV}",000010,{AB},3,4,4,000010,{AB},E8.5-194,4.0,Small
All,1,111111,"{AB, AVC, Atria, LV, OFT, RV}",000010,{AB},3,4,4,000010,{AB},E8.5-137,4.0,Small
All,1,111111,"{AB, AVC, Atria, LV, OFT, RV}",000010,{AB},3,4,4,000010,{AB},E8.5-32,5.0,Small
All,1,111111,"{AB, AVC, Atria, LV, OFT, RV}",000010,{AB},3,4,4,000010,{AB},E8.5-79,10.0,Small
All,1,111111,"{AB, AVC, Atria, LV, OFT, RV}",000010,{AB},3,4,4,000010,{AB},E8.5-63,4.0,Small
All,1,111111,"{AB, AVC, Atria, LV, OFT, RV}",000010,{AB},4,4,0,111111,"{AB, AVC, Atria, LV, OFT, RV}",E8.5-2,82.0,Large
All,1,111111,"{AB, AVC, Atria, LV, OFT, RV}",000010,{AB},4,4,0,111111,"{AB, AVC, Atria, LV, OFT, RV}",E8.5-170,142.0,
All,1,111111,"{AB, AVC, Atria, LV, OFT, RV}",000010,{AB},4,4,0,111111,"{AB, AVC, Atria, LV, OFT, RV}",E8.5-156,48.0,Large
All,1,111111,"{AB, AVC, Atria, LV, OFT, RV}",000010,{AB},4,4,0,111111,"{AB, AVC, Atria, LV, OFT, RV}",E8.5-237,85.0,Large
All,1,111111,"{AB, AVC, Atria, LV, OFT, RV}",000010,{AB},4,4,0,111111,"{AB, AVC, Atria, LV, OFT, RV}",E8.5-25,91.0,Large
All,1,111111,"{AB, AVC, Atria, LV, OFT, RV}",000010,{AB},4,4,0,111111,"{AB, AVC, Atria, LV, OFT, RV}",E8.5-218,30.0,Small
All,1,111111,"{AB, AVC, Atria, LV, OFT, RV}",000010,{AB},4,4,0,111111,"{AB, AVC, Atria, LV, OFT, RV}",E8.5-72,34.0,Large
All,1,111111,"{AB, AVC, Atria, LV, OFT, RV}",000010,{AB},4,4,0,111111,"{AB, AVC, Atria, LV, OFT, RV}",E8.5-66,8.0,Small
All,1,111111,"{AB, AVC, Atria, LV, OFT, RV}",000010,{AB},4,4,0,111111,"{AB, AVC, Atria, LV, OFT, RV}",E8.5-135,9.0,Small
All,1,111111,"{AB, AVC, Atria, LV, OFT, RV}",000010,{AB},4,4,0,111111,"{AB, AVC, Atria, LV, OFT, RV}",E8.5-117,19.0,Small
All,1,111111,"{AB, AVC, Atria, LV, OFT, RV}",000010,{AB},4,4,0,111111,"{AB, AVC, Atria, LV, OFT, RV}",E8.5-49,31.0,Large
All,1,111111,"{AB, AVC, Atria, LV, OFT, RV}",000010,{AB},4,4,0,111111,"{AB, AVC, Atria, LV, OFT, RV}",E8.5-194,4.0,Small
All,1,111111,"{AB, AVC, Atria, LV, OFT, RV}",000010,{AB},4,4,0,111111,"{AB, AVC, Atria, LV, OFT, RV}",E8.5-137,4.0,Small
All,1,111111,"{AB, AVC, Atria, LV, OFT, RV}",000010,{AB},4,4,0,111111,"{AB, AVC, Atria, LV, OFT, RV}",E8.5-32,5.0,Small
All,1,111111,"{AB, AVC, Atria, LV, OFT, RV}",000010,{AB},4,4,0,111111,"{AB, AVC, Atria, LV, OFT, RV}",E8.5-79,10.0,Small
All,1,111111,"{AB, AVC, Atria, LV, OFT, RV}",000010,{AB},4,4,0,111111,"{AB, AVC, Atria, LV, OFT, RV}",E8.5-63,4.0,Small
All,1,111111,"{AB, AVC, Atria, LV, OFT, RV}",000010,{AB},4,4,1,011111,"{AB, AVC, Atria, LV, RV}",E8.5-2,82.0,Large
All,1,111111,"{AB, AVC, Atria, LV, OFT, RV}",000010,{AB},4,4,1,011111,"{AB, AVC, Atria, LV, RV}",E8.5-170,142.0,
All,1,111111,"{AB, AVC, Atria, LV, OFT, RV}",000010,{AB},4,4,1,011111,"{AB, AVC, Atria, LV, RV}",E8.5-156,48.0,Large
All,1,111111,"{AB, AVC, Atria, LV, OFT, RV}",000010,{AB},4,4,1,011111,"{AB, AVC, Atria, LV, RV}",E8.5-237,85.0,Large
All,1,111111,"{AB, AVC, Atria, LV, OFT, RV}",000010,{AB},4,4,1,011111,"{AB, AVC, Atria, LV, RV}",E8.5-25,91.0,Large
All,1,111111,"{AB, AVC, Atria, LV, OFT, RV}",000010,{AB},4,4,1,011111,"{AB, AVC, Atria, LV, RV}",E8.5-218,30.0,Small
All,1,111111,"{AB, AVC, Atria, LV, OFT, RV}",000010,{AB},4,4,1,011111,"{AB, AVC, Atria, LV, RV}",E8.5-72,34.0,Large
All,1,111111,"{AB, AVC, Atria, LV, OFT, RV}",000010,{AB},4,4,1,011111,"{AB, AVC, Atria, LV, RV}",E8.5-66,8.0,Small
All,1,111111,"{AB, AVC, Atria, LV, OFT, RV}",000010,{AB},4,4,1,011111,"{AB, AVC, Atria, LV, RV}",E8.5-135,9.0,Small
All,1,111111,"{AB, AVC, Atria, LV, OFT, RV}",000010,{AB},4,4,1,011111,"{AB, AVC, Atria, LV, RV}",E8.5-117,19.0,Small
All,1,111111,"{AB, AVC, Atria, LV, OFT, RV}",000010,{AB},4,4,1,011111,"{AB, AVC, Atria, LV, RV}",E8.5-49,31.0,Large
All,1,111111,"{AB, AVC, Atria, LV, OFT, RV}",000010,{AB},4,4,1,011111,"{AB, AVC, Atria, LV, RV}",E8.5-194,4.0,Small
All,1,111111,"{AB, AVC, Atria, LV, OFT, RV}",000010,{AB},4,4,1,011111,"{AB, AVC, Atria, LV, RV}",E8.5-137,4.0,Small
All,1,111111,"{AB, AVC, Atria, LV, OFT, RV}",000010,{AB},4,4,1,011111,"{AB, AVC, Atria, LV, RV}",E8.5-32,5.0,Small
All,1,111111,"{AB, AVC, Atria, LV, OFT, RV}",000010,{AB},4,4,1,011111,"{AB, AVC, Atria, LV, RV}",E8.5-79,10.0,Small
All,1,111111,"{AB, AVC, Atria, LV, OFT, RV}",000010,{AB},4,4,1,011111,"{AB, AVC, Atria, LV, RV}",E8.5-63,4.0,Small
All,1,111111,"{AB, AVC, Atria, LV, OFT, RV}",000010,{AB},4,4,2,001111,"{AB, AVC, Atria, LV}",E8.5-2,82.0,Large
All,1,111111,"{AB, AVC, Atria, LV, OFT, RV}",000010,{AB},4,4,2,001111,"{AB, AVC, Atria, LV}",E8.5-170,142.0,
All,1,111111,"{AB, AVC, Atria, LV, OFT, RV}",000010,{AB},4,4,2,001111,"{AB, AVC, Atria, LV}",E8.5-156,48.0,Large
All,1,111111,"{AB, AVC, Atria, LV, OFT, RV}",000010,{AB},4,4,2,001111,"{AB, AVC, Atria, LV}",E8.5-237,85.0,Large
All,1,111111,"{AB, AVC, Atria, LV, OFT, RV}",000010,{AB},4,4,2,001111,"{AB, AVC, Atria, LV}",E8.5-25,91.0,Large
All,1,111111,"{AB, AVC, Atria, LV, OFT, RV}",000010,{AB},4,4,2,001111,"{AB, AVC, Atria, LV}",E8.5-218,30.0,Small
All,1,111111,"{AB, AVC, Atria, LV, OFT, RV}",000010,{AB},4,4,2,001111,"{AB, AVC, Atria, LV}",E8.5-72,34.0,Large
All,1,111111,"{AB, AVC, Atria, LV, OFT, RV}",000010,{AB},4,4,2,001111,"{AB, AVC, Atria, LV}",E8.5-66,8.0,Small
All,1,111111,"{AB, AVC, Atria, LV, OFT, RV}",000010,{AB},4,4,2,001111,"{AB, AVC, Atria, LV}",E8.5-135,9.0,Small
All,1,111111,"{AB, AVC, Atria, LV, OFT, RV}",000010,{AB},4,4,2,001111,"{AB, AVC, Atria, LV}",E8.5-117,19.0,Small
All,1,111111,"{AB, AVC, Atria, LV, OFT, RV}",000010,{AB},4,4,2,001111,"{AB, AVC, Atria, LV}",E8.5-49,31.0,Large
All,1,111111,"{AB, AVC, Atria, LV, OFT, RV}",000010,{AB},4,4,2,001111,"{AB, AVC, Atria, LV}",E8.5-194,4.0,Small
All,1,111111,"{AB, AVC, Atria, LV, OFT, RV}",000010,{AB},4,4,2,001111,"{AB, AVC, Atria, LV}",E8.5-137,4.0,Small
All,1,111111,"{AB, AVC, Atria, LV, OFT, RV}",000010,{AB},4,4,2,001111,"{AB, AVC, Atria, LV}",E8.5-32,5.0,Small
All,1,111111,"{AB, AVC, Atria, LV, OFT, RV}",000010,{AB},4,4,2,001111,"{AB, AVC, Atria, LV}",E8.5-79,10.0,Small
All,1,111111,"{AB, AVC, Atria, LV, OFT, RV}",000010,{AB},4,4,2,001111,"{AB, AVC, Atria, LV}",E8.5-63,4.0,Small
All,1,111111,"{AB, AVC, Atria, LV, OFT, RV}",000010,{AB},4,4,3,000110,"{AB, AVC}",E8.5-2,82.0,Large
All,1,111111,"{AB, AVC, Atria, LV, OFT, RV}",000010,{AB},4,4,3,000110,"{AB, AVC}",E8.5-170,142.0,
All,1,111111,"{AB, AVC, Atria, LV, OFT, RV}",000010,{AB},4,4,3,000110,"{AB, AVC}",E8.5-156,48.0,Large
All,1,111111,"{AB, AVC, Atria, LV, OFT, RV}",000010,{AB},4,4,3,000110,"{AB, AVC}",E8.5-237,85.0,Large
All,1,111111,"{AB, AVC, Atria, LV, OFT, RV}",000010,{AB},4,4,3,000110,"{AB, AVC}",E8.5-25,91.0,Large
All,1,111111,"{AB, AVC, Atria, LV, OFT, RV}",000010,{AB},4,4,3,000110,"{AB, AVC}",E8.5-218,30.0,Small
All,1,111111,"{AB, AVC, Atria, LV, OFT, RV}",000010,{AB},4,4,3,000110,"{AB, AVC}",E8.5-72,34.0,Large
All,1,111111,"{AB, AVC, Atria, LV, OFT, RV}",000010,{AB},4,4,3,000110,"{AB, AVC}",E8.5-66,8.0,Small
All,1,111111,"{AB, AVC, Atria, LV, OFT, RV}",000010,{AB},4,4,3,000110,"{AB, AVC}",E8.5-135,9.0,Small
All,1,111111,"{AB, AVC, Atria, LV, OFT, RV}",000010,{AB},4,4,3,000110,"{AB, AVC}",E8.5-117,19.0,Small
All,1,111111,"{AB, AVC, Atria, LV, OFT, RV}",000010,{AB},4,4,3,000110,"{AB, AVC}",E8.5-49,31.0,Large
All,1,111111,"{AB, AVC, Atria, LV, OFT, RV}",000010,{AB},4,4,3,000110,"{AB, AVC}",E8.5-194,4.0,Small
All,1,111111,"{AB, AVC, Atria, LV, OFT, RV}",000010,{AB},4,4,3,000110,"{AB, AVC}",E8.5-137,4.0,Small
All,1,111111,"{AB, AVC, Atria, LV, OFT, RV}",000010,{AB},4,4,3,000110,"{AB, AVC}",E8.5-32,5.0,Small
All,1,111111,"{AB, AVC, Atria, LV, OFT, RV}",000010,{AB},4,4,3,000110,"{AB, AVC}",E8.5-79,10.0,Small
All,1,111111,"{AB, AVC, Atria, LV, OFT, RV}",000010,{AB},4,4,3,000110,"{AB, AVC}",E8.5-63,4.0,Small
All,1,111111,"{AB, AVC, Atria, LV, OFT, RV}",000010,{AB},4,4,4,000010,{AB},E8.5-2,82.0,Large
All,1,111111,"{AB, AVC, Atria, LV, OFT, RV}",000010,{AB},4,4,4,000010,{AB},E8.5-170,142.0,
All,1,111111,"{AB, AVC, Atria, LV, OFT, RV}",000010,{AB},4,4,4,000010,{AB},E8.5-156,48.0,Large
All,1,111111,"{AB, AVC, Atria, LV, OFT, RV}",000010,{AB},4,4,4,000010,{AB},E8.5-237,85.0,Large
All,1,111111,"{AB, AVC, Atria, LV, OFT, RV}",000010,{AB},4,4,4,000010,{AB},E8.5-25,91.0,Large
All,1,111111,"{AB, AVC, Atria, LV, OFT, RV}",000010,{AB},4,4,4,000010,{AB},E8.5-218,30.0,Small
All,1,111111,"{AB, AVC, Atria, LV, OFT, RV}",000010,{AB},4,4,4,000010,{AB},E8.5-72,34.0,Large
All,1,111111,"{AB, AVC, Atria, LV, OFT, RV}",000010,{AB},4,4,4,000010,{AB},E8.5-66,8.0,Small
All,1,111111,"{AB, AVC, Atria, LV, OFT, RV}",000010,{AB},4,4,4,000010,{AB},E8.5-135,9.0,Small
All,1,111111,"{AB, AVC, Atria, LV, OFT, RV}",000010,{AB},4,4,4,000010,{AB},E8.5-117,19.0,Small
All,1,111111,"{AB, AVC, Atria, LV, OFT, RV}",000010,{AB},4,4,4,000010,{AB},E8.5-49,31.0,Large
All,1,111111,"{AB, AVC, Atria, LV, OFT, RV}",000010,{AB},4,4,4,000010,{AB},E8.5-194,4.0,Small
All,1,111111,"{AB, AVC, Atria, LV, OFT, RV}",000010,{AB},4,4,4,000010,{AB},E8.5-137,4.0,Small
All,1,111111,"{AB, AVC, Atria, LV, OFT, RV}",000010,{AB},4,4,4,000010,{AB},E8.5-32,5.0,Small
All,1,111111,"{AB, AVC, Atria, LV, OFT, RV}",000010,{AB},4,4,4,000010,{AB},E8.5-79,10.0,Small
All,1,111111,"{AB, AVC, Atria, LV, OFT, RV}",000010,{AB},4,4,4,000010,{AB},E8.5-63,4.0,Small
All,1,111111,"{AB, AVC, Atria, LV, OFT, RV}",000010,{AB},5,4,0,111111,"{AB, AVC, Atria, LV, OFT, RV}",E8.5-2,82.0,Large
All,1,111111,"{AB, AVC, Atria, LV, OFT, RV}",000010,{AB},5,4,0,111111,"{AB, AVC, Atria, LV, OFT, RV}",E8.5-170,142.0,
All,1,111111,"{AB, AVC, Atria, LV, OFT, RV}",000010,{AB},5,4,0,111111,"{AB, AVC, Atria, LV, OFT, RV}",E8.5-156,48.0,Large
All,1,111111,"{AB, AVC, Atria, LV, OFT, RV}",000010,{AB},5,4,0,111111,"{AB, AVC, Atria, LV, OFT, RV}",E8.5-237,85.0,Large
All,1,111111,"{AB, AVC, Atria, LV, OFT, RV}",000010,{AB},5,4,0,111111,"{AB, AVC, Atria, LV, OFT, RV}",E8.5-25,91.0,Large
All,1,111111,"{AB, AVC, Atria, LV, OFT, RV}",000010,{AB},5,4,0,111111,"{AB, AVC, Atria, LV, OFT, RV}",E8.5-218,30.0,Small
All,1,111111,"{AB, AVC, Atria, LV, OFT, RV}",000010,{AB},5,4,0,111111,"{AB, AVC, Atria, LV, OFT, RV}",E8.5-72,34.0,Large
All,1,111111,"{AB, AVC, Atria, LV, OFT, RV}",000010,{AB},5,4,0,111111,"{AB, AVC, Atria, LV, OFT, RV}",E8.5-15,12.0,Small
All,1,111111,"{AB, AVC, Atria, LV, OFT, RV}",000010,{AB},5,4,0,111111,"{AB, AVC, Atria, LV, OFT, RV}",E8.5-144,20.0,Small
All,1,111111,"{AB, AVC, Atria, LV, OFT, RV}",000010,{AB},5,4,0,111111,"{AB, AVC, Atria, LV, OFT, RV}",E8.5-227,30.0,Small
All,1,111111,"{AB, AVC, Atria, LV, OFT, RV}",000010,{AB},5,4,0,111111,"{AB, AVC, Atria, LV, OFT, RV}",E8.5-194,4.0,Small
All,1,111111,"{AB, AVC, Atria, LV, OFT, RV}",000010,{AB},5,4,0,111111,"{AB, AVC, Atria, LV, OFT, RV}",E8.5-137,4.0,Small
All,1,111111,"{AB, AVC, Atria, LV, OFT, RV}",000010,{AB},5,4,0,111111,"{AB, AVC, Atria, LV, OFT, RV}",E8.5-32,5.0,Small
All,1,111111,"{AB, AVC, Atria, LV, OFT, RV}",000010,{AB},5,4,0,111111,"{AB, AVC, Atria, LV, OFT, RV}",E8.5-79,10.0,Small
All,1,111111,"{AB, AVC, Atria, LV, OFT, RV}",000010,{AB},5,4,0,111111,"{AB, AVC, Atria, LV, OFT, RV}",E8.5-63,4.0,Small
All,1,111111,"{AB, AVC, Atria, LV, OFT, RV}",000010,{AB},5,4,1,011111,"{AB, AVC, Atria, LV, RV}",E8.5-2,82.0,Large
All,1,111111,"{AB, AVC, Atria, LV, OFT, RV}",000010,{AB},5,4,1,011111,"{AB, AVC, Atria, LV, RV}",E8.5-170,142.0,
All,1,111111,"{AB, AVC, Atria, LV, OFT, RV}",000010,{AB},5,4,1,011111,"{AB, AVC, Atria, LV, RV}",E8.5-156,48.0,Large
All,1,111111,"{AB, AVC, Atria, LV, OFT, RV}",000010,{AB},5,4,1,011111,"{AB, AVC, Atria, LV, RV}",E8.5-237,85.0,Large
All,1,111111,"{AB, AVC, Atria, LV, OFT, RV}",000010,{AB},5,4,1,011111,"{AB, AVC, Atria, LV, RV}",E8.5-25,91.0,Large
All,1,111111,"{AB, AVC, Atria, LV, OFT, RV}",000010,{AB},5,4,1,011111,"{AB, AVC, Atria, LV, RV}",E8.5-218,30.0,Small
All,1,111111,"{AB, AVC, Atria, LV, OFT, RV}",000010,{AB},5,4,1,011111,"{AB, AVC, Atria, LV, RV}",E8.5-72,34.0,Large
All,1,111111,"{AB, AVC, Atria, LV, OFT, RV}",000010,{AB},5,4,1,011111,"{AB, AVC, Atria, LV, RV}",E8.5-15,12.0,Small
All,1,111111,"{AB, AVC, Atria, LV, OFT, RV}",000010,{AB},5,4,1,011111,"{AB, AVC, Atria, LV, RV}",E8.5-144,20.0,Small
All,1,111111,"{AB, AVC, Atria, LV, OFT, RV}",000010,{AB},5,4,1,011111,"{AB, AVC, Atria, LV, RV}",E8.5-227,30.0,Small
All,1,111111,"{AB, AVC, Atria, LV, OFT, RV}",000010,{AB},5,4,1,011111,"{AB, AVC, Atria, LV, RV}",E8.5-194,4.0,Small
All,1,111111,"{AB, AVC, Atria, LV, OFT, RV}",000010,{AB},5,4,1,011111,"{AB, AVC, Atria, LV, RV}",E8.5-137,4.0,Small
All,1,111111,"{AB, AVC, Atria, LV, OFT, RV}",000010,{AB},5,4,1,011111,"{AB, AVC, Atria, LV, RV}",E8.5-32,5.0,Small
All,1,111111,"{AB, AVC, Atria, LV, OFT, RV}",000010,{AB},5,4,1,011111,"{AB, AVC, Atria, LV, RV}",E8.5-79,10.0,Small
All,1,111111,"{AB, AVC, Atria, LV, OFT, RV}",000010,{AB},5,4,1,011111,"{AB, AVC, Atria, LV, RV}",E8.5-63,4.0,Small
All,1,111111,"{AB, AVC, Atria, LV, OFT, RV}",000010,{AB},5,4,2,001111,"{AB, AVC, Atria, LV}",E8.5-2,82.0,Large
All,1,111111,"{AB, AVC, Atria, LV, OFT, RV}",000010,{AB},5,4,2,001111,"{AB, AVC, Atria, LV}",E8.5-170,142.0,
All,1,111111,"{AB, AVC, Atria, LV, OFT, RV}",000010,{AB},5,4,2,001111,"{AB, AVC, Atria, LV}",E8.5-156,48.0,Large
All,1,111111,"{AB, AVC, Atria, LV, OFT, RV}",000010,{AB},5,4,2,001111,"{AB, AVC, Atria, LV}",E8.5-237,85.0,Large
All,1,111111,"{AB, AVC, Atria, LV, OFT, RV}",000010,{AB},5,4,2,001111,"{AB, AVC, Atria, LV}",E8.5-25,91.0,Large
All,1,111111,"{AB, AVC, Atria, LV, OFT, RV}",000010,{AB},5,4,2,001111,"{AB, AVC, Atria, LV}",E8.5-218,30.0,Small
All,1,111111,"{AB, AVC, Atria, LV, OFT, RV}",000010,{AB},5,4,2,001111,"{AB, AVC, Atria, LV}",E8.5-72,34.0,Large
All,1,111111,"{AB, AVC, Atria, LV, OFT, RV}",000010,{AB},5,4,2,001111,"{AB, AVC, Atria, LV}",E8.5-15,12.0,Small
All,1,111111,"{AB, AVC, Atria, LV, OFT, RV}",000010,{AB},5,4,2,001111,"{AB, AVC, Atria, LV}",E8.5-144,20.0,Small
All,1,111111,"{AB, AVC, Atria, LV, OFT, RV}",000010,{AB},5,4,2,001111,"{AB, AVC, Atria, LV}",E8.5-227,30.0,Small
All,1,111111,"{AB, AVC, Atria, LV, OFT, RV}",000010,{AB},5,4,2,001111,"{AB, AVC, Atria, LV}",E8.5-194,4.0,Small
All,1,111111,"{AB, AVC, Atria, LV, OFT, RV}",000010,{AB},5,4,2,001111,"{AB, AVC, Atria, LV}",E8.5-137,4.0,Small
All,1,111111,"{AB, AVC, Atria, LV, OFT, RV}",000010,{AB},5,4,2,001111,"{AB, AVC, Atria, LV}",E8.5-32,5.0,Small
All,1,111111,"{AB, AVC, Atria, LV, OFT, RV}",000010,{AB},5,4,2,001111,"{AB, AVC, Atria, LV}",E8.5-79,10.0,Small
All,1,111111,"{AB, AVC, Atria, LV, OFT, RV}",000010,{AB},5,4,2,001111,"{AB, AVC, Atria, LV}",E8.5-63,4.0,Small
All,1,111111,"{AB, AVC, Atria, LV, OFT, RV}",000010,{AB},5,4,3,000011,"{AB, Atria}",E8.5-2,82.0,Large
All,1,111111,"{AB, AVC, Atria, LV, OFT, RV}",000010,{AB},5,4,3,000011,"{AB, Atria}",E8.5-170,142.0,
All,1,111111,"{AB, AVC, Atria, LV, OFT, RV}",000010,{AB},5,4,3,000011,"{AB, Atria}",E8.5-156,48.0,Large
All,1,111111,"{AB, AVC, Atria, LV, OFT, RV}",000010,{AB},5,4,3,000011,"{AB, Atria}",E8.5-237,85.0,Large
All,1,111111,"{AB, AVC, Atria, LV, OFT, RV}",000010,{AB},5,4,3,000011,"{AB, Atria}",E8.5-25,91.0,Large
All,1,111111,"{AB, AVC, Atria, LV, OFT, RV}",000010,{AB},5,4,3,000011,"{AB, Atria}",E8.5-218,30.0,Small
All,1,111111,"{AB, AVC, Atria, LV, OFT, RV}",000010,{AB},5,4,3,000011,"{AB, Atria}",E8.5-72,34.0,Large
All,1,111111,"{AB, AVC, Atria, LV, OFT, RV}",000010,{AB},5,4,3,000011,"{AB, Atria}",E8.5-15,12.0,Small
All,1,111111,"{AB, AVC, Atria, LV, OFT, RV}",000010,{AB},5,4,3,000011,"{AB, Atria}",E8.5-144,20.0,Small
All,1,111111,"{AB, AVC, Atria, LV, OFT, RV}",000010,{AB},5,4,3,000011,"{AB, Atria}",E8.5-227,30.0,Small
All,1,111111,"{AB, AVC, Atria, LV, OFT, RV}",000010,{AB},5,4,3,000011,"{AB, Atria}",E8.5-194,4.0,Small
All,1,111111,"{AB, AVC, Atria, LV, OFT, RV}",000010,{AB},5,4,3,000011,"{AB, Atria}",E8.5-137,4.0,Small
All,1,111111,"{AB, AVC, Atria, LV, OFT, RV}",000010,{AB},5,4,3,000011,"{AB, Atria}",E8.5-32,5.0,Small
All,1,111111,"{AB, AVC, Atria, LV, OFT, RV}",000010,{AB},5,4,3,000011,"{AB, Atria}",E8.5-79,10.0,Small
All,1,111111,"{AB, AVC, Atria, LV, OFT, RV}",000010,{AB},5,4,3,000011,"{AB, Atria}",E8.5-63,4.0,Small
All,1,111111,"{AB, AVC, Atria, LV, OFT, RV}",000010,{AB},5,4,4,000010,{AB},E8.5-2,82.0,Large
All,1,111111,"{AB, AVC, Atria, LV, OFT, RV}",000010,{AB},5,4,4,000010,{AB},E8.5-170,142.0,
All,1,111111,"{AB, AVC, Atria, LV, OFT, RV}",000010,{AB},5,4,4,000010,{AB},E8.5-156,48.0,Large
All,1,111111,"{AB, AVC, Atria, LV, OFT, RV}",000010,{AB},5,4,4,000010,{AB},E8.5-237,85.0,Large
All,1,111111,"{AB, AVC, Atria, LV, OFT, RV}",000010,{AB},5,4,4,000010,{AB},E8.5-25,91.0,Large
All,1,111111,"{AB, AVC, Atria, LV, OFT, RV}",000010,{AB},5,4,4,000010,{AB},E8.5-218,30.0,Small
All,1,111111,"{AB, AVC, Atria, LV, OFT, RV}",000010,{AB},5,4,4,000010,{AB},E8.5-72,34.0,Large
All,1,111111,"{AB, AVC, Atria, LV, OFT, RV}",000010,{AB},5,4,4,000010,{AB},E8.5-15,12.0,Small
All,1,111111,"{AB, AVC, Atria, LV, OFT, RV}",000010,{AB},5,4,4,000010,{AB},E8.5-144,20.0,Small
All,1,111111,"{AB, AVC, Atria, LV, OFT, RV}",000010,{AB},5,4,4,000010,{AB},E8.5-227,30.0,Small
All,1,111111,"{AB, AVC, Atria, LV, OFT, RV}",000010,{AB},5,4,4,000010,{AB},E8.5-194,4.0,Small
All,1,111111,"{AB, AVC, Atria, LV, OFT, RV}",000010,{AB},5,4,4,000010,{AB},E8.5-137,4.0,Small
All,1,111111,"{AB, AVC, Atria, LV, OFT, RV}",000010,{AB},5,4,4,000010,{AB},E8.5-32,5.0,Small
All,1,111111,"{AB, AVC, Atria, LV, OFT, RV}",000010,{AB},5,4,4,000010,{AB},E8.5-79,10.0,Small
All,1,111111,"{AB, AVC, Atria, LV, OFT, RV}",000010,{AB},5,4,4,000010,{AB},E8.5-63,4.0,Small
All,1,111111,"{AB, AVC, Atria, LV, OFT, RV}",000010,{AB},6,4,0,111111,"{AB, AVC, Atria, LV, OFT, RV}",E8.5-2,82.0,Large
All,1,111111,"{AB, AVC, Atria, LV, OFT, RV}",000010,{AB},6,4,0,111111,"{AB, AVC, Atria, LV, OFT, RV}",E8.5-170,142.0,
All,1,111111,"{AB, AVC, Atria, LV, OFT, RV}",000010,{AB},6,4,0,111111,"{AB, AVC, Atria, LV, OFT, RV}",E8.5-156,48.0,Large
All,1,111111,"{AB, AVC, Atria, LV, OFT, RV}",000010,{AB},6,4,0,111111,"{AB, AVC, Atria, LV, OFT, RV}",E8.5-237,85.0,Large
All,1,111111,"{AB, AVC, Atria, LV, OFT, RV}",000010,{AB},6,4,0,111111,"{AB, AVC, Atria, LV, OFT, RV}",E8.5-25,91.0,Large
All,1,111111,"{AB, AVC, Atria, LV, OFT, RV}",000010,{AB},6,4,0,111111,"{AB, AVC, Atria, LV, OFT, RV}",E8.5-68,11.0,Small
All,1,111111,"{AB, AVC, Atria, LV, OFT, RV}",000010,{AB},6,4,0,111111,"{AB, AVC, Atria, LV, OFT, RV}",E8.5-75,38.0,Large
All,1,111111,"{AB, AVC, Atria, LV, OFT, RV}",000010,{AB},6,4,0,111111,"{AB, AVC, Atria, LV, OFT, RV}",E8.5-66,8.0,Small
All,1,111111,"{AB, AVC, Atria, LV, OFT, RV}",000010,{AB},6,4,0,111111,"{AB, AVC, Atria, LV, OFT, RV}",E8.5-135,9.0,Small
All,1,111111,"{AB, AVC, Atria, LV, OFT, RV}",000010,{AB},6,4,0,111111,"{AB, AVC, Atria, LV, OFT, RV}",E8.5-117,19.0,Small
All,1,111111,"{AB, AVC, Atria, LV, OFT, RV}",000010,{AB},6,4,0,111111,"{AB, AVC, Atria, LV, OFT, RV}",E8.5-49,31.0,Large
All,1,111111,"{AB, AVC, Atria, LV, OFT, RV}",000010,{AB},6,4,0,111111,"{AB, AVC, Atria, LV, OFT, RV}",E8.5-194,4.0,Small
All,1,111111,"{AB, AVC, Atria, LV, OFT, RV}",000010,{AB},6,4,0,111111,"{AB, AVC, Atria, LV, OFT, RV}",E8.5-137,4.0,Small
All,1,111111,"{AB, AVC, Atria, LV, OFT, RV}",000010,{AB},6,4,0,111111,"{AB, AVC, Atria, LV, OFT, RV}",E8.5-32,5.0,Small
All,1,111111,"{AB, AVC, Atria, LV, OFT, RV}",000010,{AB},6,4,0,111111,"{AB, AVC, Atria, LV, OFT, RV}",E8.5-79,10.0,Small
All,1,111111,"{AB, AVC, Atria, LV, OFT, RV}",000010,{AB},6,4,0,111111,"{AB, AVC, Atria, LV, OFT, RV}",E8.5-63,4.0,Small
All,1,111111,"{AB, AVC, Atria, LV, OFT, RV}",000010,{AB},6,4,1,011111,"{AB, AVC, Atria, LV, RV}",E8.5-2,82.0,Large
All,1,111111,"{AB, AVC, Atria, LV, OFT, RV}",000010,{AB},6,4,1,011111,"{AB, AVC, Atria, LV, RV}",E8.5-170,142.0,
All,1,111111,"{AB, AVC, Atria, LV, OFT, RV}",000010,{AB},6,4,1,011111,"{AB, AVC, Atria, LV, RV}",E8.5-156,48.0,Large
All,1,111111,"{AB, AVC, Atria, LV, OFT, RV}",000010,{AB},6,4,1,011111,"{AB, AVC, Atria, LV, RV}",E8.5-237,85.0,Large
All,1,111111,"{AB, AVC, Atria, LV, OFT, RV}",000010,{AB},6,4,1,011111,"{AB, AVC, Atria, LV, RV}",E8.5-25,91.0,Large
All,1,111111,"{AB, AVC, Atria, LV, OFT, RV}",000010,{AB},6,4,1,011111,"{AB, AVC, Atria, LV, RV}",E8.5-68,11.0,Small
All,1,111111,"{AB, AVC, Atria, LV, OFT, RV}",000010,{AB},6,4,1,011111,"{AB, AVC, Atria, LV, RV}",E8.5-75,38.0,Large
All,1,111111,"{AB, AVC, Atria, LV, OFT, RV}",000010,{AB},6,4,1,011111,"{AB, AVC, Atria, LV, RV}",E8.5-66,8.0,Small
All,1,111111,"{AB, AVC, Atria, LV, OFT, RV}",000010,{AB},6,4,1,011111,"{AB, AVC, Atria, LV, RV}",E8.5-135,9.0,Small
All,1,111111,"{AB, AVC, Atria, LV, OFT, RV}",000010,{AB},6,4,1,011111,"{AB, AVC, Atria, LV, RV}",E8.5-117,19.0,Small
All,1,111111,"{AB, AVC, Atria, LV, OFT, RV}",000010,{AB},6,4,1,011111,"{AB, AVC, Atria, LV, RV}",E8.5-49,31.0,Large
All,1,111111,"{AB, AVC, Atria, LV, OFT, RV}",000010,{AB},6,4,1,011111,"{AB, AVC, Atria, LV, RV}",E8.5-194,4.0,Small
All,1,111111,"{AB, AVC, Atria, LV, OFT, RV}",000010,{AB},6,4,1,011111,"{AB, AVC, Atria, LV, RV}",E8.5-137,4.0,Small
All,1,111111,"{AB, AVC, Atria, LV, OFT, RV}",000010,{AB},6,4,1,011111,"{AB, AVC, Atria, LV, RV}",E8.5-32,5.0,Small
All,1,111111,"{AB, AVC, Atria, LV, OFT, RV}",000010,{AB},6,4,1,011111,"{AB, AVC, Atria, LV, RV}",E8.5-79,10.0,Small
All,1,111111,"{AB, AVC, Atria, LV, OFT, RV}",000010,{AB},6,4,1,011111,"{AB, AVC, Atria, LV, RV}",E8.5-63,4.0,Small
All,1,111111,"{AB, AVC, Atria, LV, OFT, RV}",000010,{AB},6,4,2,000111,"{AB, AVC, Atria}",E8.5-2,82.0,Large
All,1,111111,"{AB, AVC, Atria, LV, OFT, RV}",000010,{AB},6,4,2,000111,"{AB, AVC, Atria}",E8.5-170,142.0,
All,1,111111,"{AB, AVC, Atria, LV, OFT, RV}",000010,{AB},6,4,2,000111,"{AB, AVC, Atria}",E8.5-156,48.0,Large
All,1,111111,"{AB, AVC, Atria, LV, OFT, RV}",000010,{AB},6,4,2,000111,"{AB, AVC, Atria}",E8.5-237,85.0,Large
All,1,111111,"{AB, AVC, Atria, LV, OFT, RV}",000010,{AB},6,4,2,000111,"{AB, AVC, Atria}",E8.5-25,91.0,Large
All,1,111111,"{AB, AVC, Atria, LV, OFT, RV}",000010,{AB},6,4,2,000111,"{AB, AVC, Atria}",E8.5-68,11.0,Small
All,1,111111,"{AB, AVC, Atria, LV, OFT, RV}",000010,{AB},6,4,2,000111,"{AB, AVC, Atria}",E8.5-75,38.0,Large
All,1,111111,"{AB, AVC, Atria, LV, OFT, RV}",000010,{AB},6,4,2,000111,"{AB, AVC, Atria}",E8.5-66,8.0,Small
All,1,111111,"{AB, AVC, Atria, LV, OFT, RV}",000010,{AB},6,4,2,000111,"{AB, AVC, Atria}",E8.5-135,9.0,Small
All,1,111111,"{AB, AVC, Atria, LV, OFT, RV}",000010,{AB},6,4,2,000111,"{AB, AVC, Atria}",E8.5-117,19.0,Small
All,1,111111,"{AB, AVC, Atria, LV, OFT, RV}",000010,{AB},6,4,2,000111,"{AB, AVC, Atria}",E8.5-49,31.0,Large
All,1,111111,"{AB, AVC, Atria, LV, OFT, RV}",000010,{AB},6,4,2,000111,"{AB, AVC, Atria}",E8.5-194,4.0,Small
All,1,111111,"{AB, AVC, Atria, LV, OFT, RV}",000010,{AB},6,4,2,000111,"{AB, AVC, Atria}",E8.5-137,4.0,Small
All,1,111111,"{AB, AVC, Atria, LV, OFT, RV}",000010,{AB},6,4,2,000111,"{AB, AVC, Atria}",E8.5-32,5.0,Small
All,1,111111,"{AB, AVC, Atria, LV, OFT, RV}",000010,{AB},6,4,2,000111,"{AB, AVC, Atria}",E8.5-79,10.0,Small
All,1,111111,"{AB, AVC, Atria, LV, OFT, RV}",000010,{AB},6,4,2,000111,"{AB, AVC, Atria}",E8.5-63,4.0,Small
All,1,111111,"{AB, AVC, Atria, LV, OFT, RV}",000010,{AB},6,4,3,000110,"{AB, AVC}",E8.5-2,82.0,Large
All,1,111111,"{AB, AVC, Atria, LV, OFT, RV}",000010,{AB},6,4,3,000110,"{AB, AVC}",E8.5-170,142.0,
All,1,111111,"{AB, AVC, Atria, LV, OFT, RV}",000010,{AB},6,4,3,000110,"{AB, AVC}",E8.5-156,48.0,Large
All,1,111111,"{AB, AVC, Atria, LV, OFT, RV}",000010,{AB},6,4,3,000110,"{AB, AVC}",E8.5-237,85.0,Large
All,1,111111,"{AB, AVC, Atria, LV, OFT, RV}",000010,{AB},6,4,3,000110,"{AB, AVC}",E8.5-25,91.0,Large
All,1,111111,"{AB, AVC, Atria, LV, OFT, RV}",000010,{AB},6,4,3,000110,"{AB, AVC}",E8.5-68,11.0,Small
All,1,111111,"{AB, AVC, Atria, LV, OFT, RV}",000010,{AB},6,4,3,000110,"{AB, AVC}",E8.5-75,38.0,Large
All,1,111111,"{AB, AVC, Atria, LV, OFT, RV}",000010,{AB},6,4,3,000110,"{AB, AVC}",E8.5-66,8.0,Small
All,1,111111,"{AB, AVC, Atria, LV, OFT, RV}",000010,{AB},6,4,3,000110,"{AB, AVC}",E8.5-135,9.0,Small
All,1,111111,"{AB, AVC, Atria, LV, OFT, RV}",000010,{AB},6,4,3,000110,"{AB, AVC}",E8.5-117,19.0,Small
All,1,111111,"{AB, AVC, Atria, LV, OFT, RV}",000010,{AB},6,4,3,000110,"{AB, AVC}",E8.5-49,31.0,Large
All,1,111111,"{AB, AVC, Atria, LV, OFT, RV}",000010,{AB},6,4,3,000110,"{AB, AVC}",E8.5-194,4.0,Small
All,1,111111,"{AB, AVC, Atria, LV, OFT, RV}",000010,{AB},6,4,3,000110,"{AB, AVC}",E8.5-137,4.0,Small
All,1,111111,"{AB, AVC, Atria, LV, OFT, RV}",000010,{AB},6,4,3,000110,"{AB, AVC}",E8.5-32,5.0,Small
All,1,111111,"{AB, AVC, Atria, LV, OFT, RV}",000010,{AB},6,4,3,000110,"{AB, AVC}",E8.5-79,10.0,Small
All,1,111111,"{AB, AVC, Atria, LV, OFT, RV}",000010,{AB},6,4,3,000110,"{AB, AVC}",E8.5-63,4.0,Small
All,1,111111,"{AB, AVC, Atria, LV, OFT, RV}",000010,{AB},6,4,4,000010,{AB},E8.5-2,82.0,Large
All,1,111111,"{AB, AVC, Atria, LV, OFT, RV}",000010,{AB},6,4,4,000010,{AB},E8.5-170,142.0,
All,1,111111,"{AB, AVC, Atria, LV, OFT, RV}",000010,{AB},6,4,4,000010,{AB},E8.5-156,48.0,Large
All,1,111111,"{AB, AVC, Atria, LV, OFT, RV}",000010,{AB},6,4,4,000010,{AB},E8.5-237,85.0,Large
All,1,111111,"{AB, AVC, Atria, LV, OFT, RV}",000010,{AB},6,4,4,000010,{AB},E8.5-25,91.0,Large
All,1,111111,"{AB, AVC, Atria, LV, OFT, RV}",000010,{AB},6,4,4,000010,{AB},E8.5-68,11.0,Small
All,1,111111,"{AB, AVC, Atria, LV, OFT, RV}",000010,{AB},6,4,4,000010,{AB},E8.5-75,38.0,Large
All,1,111111,"{AB, AVC, Atria, LV, OFT, RV}",000010,{AB},6,4,4,000010,{AB},E8.5-66,8.0,Small
All,1,111111,"{AB, AVC, Atria, LV, OFT, RV}",000010,{AB},6,4,4,000010,{AB},E8.5-135,9.0,Small
All,1,111111,"{AB, AVC, Atria, LV, OFT, RV}",000010,{AB},6,4,4,000010,{AB},E8.5-117,19.0,Small
All,1,111111,"{AB, AVC, Atria, LV, OFT, RV}",000010,{AB},6,4,4,000010,{AB},E8.5-49,31.0,Large
All,1,111111,"{AB, AVC, Atria, LV, OFT, RV}",000010,{AB},6,4,4,000010,{AB},E8.5-194,4.0,Small
All,1,111111,"{AB, AVC, Atria, LV, OFT, RV}",000010,{AB},6,4,4,000010,{AB},E8.5-137,4.0,Small
All,1,111111,"{AB, AVC, Atria, LV, OFT, RV}",000010,{AB},6,4,4,000010,{AB},E8.5-32,5.0,Small
All,1,111111,"{AB, AVC, Atria, LV, OFT, RV}",000010,{AB},6,4,4,000010,{AB},E8.5-79,10.0,Small
All,1,111111,"{AB, AVC, Atria, LV, OFT, RV}",000010,{AB},6,4,4,000010,{AB},E8.5-63,4.0,Small
All,1,111111,"{AB, AVC, Atria, LV, OFT, RV}",000010,{AB},7,4,0,111111,"{AB, AVC, Atria, LV, OFT, RV}",E8.5-2,82.0,Large
All,1,111111,"{AB, AVC, Atria, LV, OFT, RV}",000010,{AB},7,4,0,111111,"{AB, AVC, Atria, LV, OFT, RV}",E8.5-170,142.0,
All,1,111111,"{AB, AVC, Atria, LV, OFT, RV}",000010,{AB},7,4,0,111111,"{AB, AVC, Atria, LV, OFT, RV}",E8.5-156,48.0,Large
All,1,111111,"{AB, AVC, Atria, LV, OFT, RV}",000010,{AB},7,4,0,111111,"{AB, AVC, Atria, LV, OFT, RV}",E8.5-237,85.0,Large
All,1,111111,"{AB, AVC, Atria, LV, OFT, RV}",000010,{AB},7,4,0,111111,"{AB, AVC, Atria, LV, OFT, RV}",E8.5-25,91.0,Large
All,1,111111,"{AB, AVC, Atria, LV, OFT, RV}",000010,{AB},7,4,0,111111,"{AB, AVC, Atria, LV, OFT, RV}",E8.5-68,11.0,Small
All,1,111111,"{AB, AVC, Atria, LV, OFT, RV}",000010,{AB},7,4,0,111111,"{AB, AVC, Atria, LV, OFT, RV}",E8.5-75,38.0,Large
All,1,111111,"{AB, AVC, Atria, LV, OFT, RV}",000010,{AB},7,4,0,111111,"{AB, AVC, Atria, LV, OFT, RV}",E8.5-15,12.0,Small
All,1,111111,"{AB, AVC, Atria, LV, OFT, RV}",000010,{AB},7,4,0,111111,"{AB, AVC, Atria, LV, OFT, RV}",E8.5-144,20.0,Small
All,1,111111,"{AB, AVC, Atria, LV, OFT, RV}",000010,{AB},7,4,0,111111,"{AB, AVC, Atria, LV, OFT, RV}",E8.5-227,30.0,Small
All,1,111111,"{AB, AVC, Atria, LV, OFT, RV}",000010,{AB},7,4,0,111111,"{AB, AVC, Atria, LV, OFT, RV}",E8.5-194,4.0,Small
All,1,111111,"{AB, AVC, Atria, LV, OFT, RV}",000010,{AB},7,4,0,111111,"{AB, AVC, Atria, LV, OFT, RV}",E8.5-137,4.0,Small
All,1,111111,"{AB, AVC, Atria, LV, OFT, RV}",000010,{AB},7,4,0,111111,"{AB, AVC, Atria, LV, OFT, RV}",E8.5-32,5.0,Small
All,1,111111,"{AB, AVC, Atria, LV, OFT, RV}",000010,{AB},7,4,0,111111,"{AB, AVC, Atria, LV, OFT, RV}",E8.5-79,10.0,Small
All,1,111111,"{AB, AVC, Atria, LV, OFT, RV}",000010,{AB},7,4,0,111111,"{AB, AVC, Atria, LV, OFT, RV}",E8.5-63,4.0,Small
All,1,111111,"{AB, AVC, Atria, LV, OFT, RV}",000010,{AB},7,4,1,011111,"{AB, AVC, Atria, LV, RV}",E8.5-2,82.0,Large
All,1,111111,"{AB, AVC, Atria, LV, OFT, RV}",000010,{AB},7,4,1,011111,"{AB, AVC, Atria, LV, RV}",E8.5-170,142.0,
All,1,111111,"{AB, AVC, Atria, LV, OFT, RV}",000010,{AB},7,4,1,011111,"{AB, AVC, Atria, LV, RV}",E8.5-156,48.0,Large
All,1,111111,"{AB, AVC, Atria, LV, OFT, RV}",000010,{AB},7,4,1,011111,"{AB, AVC, Atria, LV, RV}",E8.5-237,85.0,Large
All,1,111111,"{AB, AVC, Atria, LV, OFT, RV}",000010,{AB},7,4,1,011111,"{AB, AVC, Atria, LV, RV}",E8.5-25,91.0,Large
All,1,111111,"{AB, AVC, Atria, LV, OFT, RV}",000010,{AB},7,4,1,011111,"{AB, AVC, Atria, LV, RV}",E8.5-68,11.0,Small
All,1,111111,"{AB, AVC, Atria, LV, OFT, RV}",000010,{AB},7,4,1,011111,"{AB, AVC, Atria, LV, RV}",E8.5-75,38.0,Large
All,1,111111,"{AB, AVC, Atria, LV, OFT, RV}",000010,{AB},7,4,1,011111,"{AB, AVC, Atria, LV, RV}",E8.5-15,12.0,Small
All,1,111111,"{AB, AVC, Atria, LV, OFT, RV}",000010,{AB},7,4,1,011111,"{AB, AVC, Atria, LV, RV}",E8.5-144,20.0,Small
All,1,111111,"{AB, AVC, Atria, LV, OFT, RV}",000010,{AB},7,4,1,011111,"{AB, AVC, Atria, LV, RV}",E8.5-227,30.0,Small
All,1,111111,"{AB, AVC, Atria, LV, OFT, RV}",000010,{AB},7,4,1,011111,"{AB, AVC, Atria, LV, RV}",E8.5-194,4.0,Small
All,1,111111,"{AB, AVC, Atria, LV, OFT, RV}",000010,{AB},7,4,1,011111,"{AB, AVC, Atria, LV, RV}",E8.5-137,4.0,Small
All,1,111111,"{AB, AVC, Atria, LV, OFT, RV}",000010,{AB},7,4,1,011111,"{AB, AVC, Atria, LV, RV}",E8.5-32,5.0,Small
All,1,111111,"{AB, AVC, Atria, LV, OFT, RV}",000010,{AB},7,4,1,011111,"{AB, AVC, Atria, LV, RV}",E8.5-79,10.0,Small
All,1,111111,"{AB, AVC, Atria, LV, OFT, RV}",000010,{AB},7,4,1,011111,"{AB, AVC, Atria, LV, RV}",E8.5-63,4.0,Small
All,1,111111,"{AB, AVC, Atria, LV, OFT, RV}",000010,{AB},7,4,2,000111,"{AB, AVC, Atria}",E8.5-2,82.0,Large
All,1,111111,"{AB, AVC, Atria, LV, OFT, RV}",000010,{AB},7,4,2,000111,"{AB, AVC, Atria}",E8.5-170,142.0,
All,1,111111,"{AB, AVC, Atria, LV, OFT, RV}",000010,{AB},7,4,2,000111,"{AB, AVC, Atria}",E8.5-156,48.0,Large
All,1,111111,"{AB, AVC, Atria, LV, OFT, RV}",000010,{AB},7,4,2,000111,"{AB, AVC, Atria}",E8.5-237,85.0,Large
All,1,111111,"{AB, AVC, Atria, LV, OFT, RV}",000010,{AB},7,4,2,000111,"{AB, AVC, Atria}",E8.5-25,91.0,Large
All,1,111111,"{AB, AVC, Atria, LV, OFT, RV}",000010,{AB},7,4,2,000111,"{AB, AVC, Atria}",E8.5-68,11.0,Small
All,1,111111,"{AB, AVC, Atria, LV, OFT, RV}",000010,{AB},7,4,2,000111,"{AB, AVC, Atria}",E8.5-75,38.0,Large
All,1,111111,"{AB, AVC, Atria, LV, OFT, RV}",000010,{AB},7,4,2,000111,"{AB, AVC, Atria}",E8.5-15,12.0,Small
All,1,111111,"{AB, AVC, Atria, LV, OFT, RV}",000010,{AB},7,4,2,000111,"{AB, AVC, Atria}",E8.5-144,20.0,Small
All,1,111111,"{AB, AVC, Atria, LV, OFT, RV}",000010,{AB},7,4,2,000111,"{AB, AVC, Atria}",E8.5-227,30.0,Small
All,1,111111,"{AB, AVC, Atria, LV, OFT, RV}",000010,{AB},7,4,2,000111,"{AB, AVC, Atria}",E8.5-194,4.0,Small
All,1,111111,"{AB, AVC, Atria, LV, OFT, RV}",000010,{AB},7,4,2,000111,"{AB, AVC, Atria}",E8.5-137,4.0,Small
All,1,111111,"{AB, AVC, Atria, LV, OFT, RV}",000010,{AB},7,4,2,000111,"{AB, AVC, Atria}",E8.5-32,5.0,Small
All,1,111111,"{AB, AVC, Atria, LV, OFT, RV}",000010,{AB},7,4,2,000111,"{AB, AVC, Atria}",E8.5-79,10.0,Small
All,1,111111,"{AB, AVC, Atria, LV, OFT, RV}",000010,{AB},7,4,2,000111,"{AB, AVC, Atria}",E8.5-63,4.0,Small
All,1,111111,"{AB, AVC, Atria, LV, OFT, RV}",000010,{AB},7,4,3,000011,"{AB, Atria}",E8.5-2,82.0,Large
All,1,111111,"{AB, AVC, Atria, LV, OFT, RV}",000010,{AB},7,4,3,000011,"{AB, Atria}",E8.5-170,142.0,
All,1,111111,"{AB, AVC, Atria, LV, OFT, RV}",000010,{AB},7,4,3,000011,"{AB, Atria}",E8.5-156,48.0,Large
All,1,111111,"{AB, AVC, Atria, LV, OFT, RV}",000010,{AB},7,4,3,000011,"{AB, Atria}",E8.5-237,85.0,Large
All,1,111111,"{AB, AVC, Atria, LV, OFT, RV}",000010,{AB},7,4,3,000011,"{AB, Atria}",E8.5-25,91.0,Large
All,1,111111,"{AB, AVC, Atria, LV, OFT, RV}",000010,{AB},7,4,3,000011,"{AB, Atria}",E8.5-68,11.0,Small
All,1,111111,"{AB, AVC, Atria, LV, OFT, RV}",000010,{AB},7,4,3,000011,"{AB, Atria}",E8.5-75,38.0,Large
All,1,111111,"{AB, AVC, Atria, LV, OFT, RV}",000010,{AB},7,4,3,000011,"{AB, Atria}",E8.5-15,12.0,Small
All,1,111111,"{AB, AVC, Atria, LV, OFT, RV}",000010,{AB},7,4,3,000011,"{AB, Atria}",E8.5-144,20.0,Small
All,1,111111,"{AB, AVC, Atria, LV, OFT, RV}",000010,{AB},7,4,3,000011,"{AB, Atria}",E8.5-227,30.0,Small
All,1,111111,"{AB, AVC, Atria, LV, OFT, RV}",000010,{AB},7,4,3,000011,"{AB, Atria}",E8.5-194,4.0,Small
All,1,111111,"{AB, AVC, Atria, LV, OFT, RV}",000010,{AB},7,4,3,000011,"{AB, Atria}",E8.5-137,4.0,Small
All,1,111111,"{AB, AVC, Atria, LV, OFT, RV}",000010,{AB},7,4,3,000011,"{AB, Atria}",E8.5-32,5.0,Small
All,1,111111,"{AB, AVC, Atria, LV, OFT, RV}",000010,{AB},7,4,3,000011,"{AB, Atria}",E8.5-79,10.0,Small
All,1,111111,"{AB, AVC, Atria, LV, OFT, RV}",000010,{AB},7,4,3,000011,"{AB, Atria}",E8.5-63,4.0,Small
All,1,111111,"{AB, AVC, Atria, LV, OFT, RV}",000010,{AB},7,4,4,000010,{AB},E8.5-2,82.0,Large
All,1,111111,"{AB, AVC, Atria, LV, OFT, RV}",000010,{AB},7,4,4,000010,{AB},E8.5-170,142.0,
All,1,111111,"{AB, AVC, Atria, LV, OFT, RV}",000010,{AB},7,4,4,000010,{AB},E8.5-156,48.0,Large
All,1,111111,"{AB, AVC, Atria, LV, OFT, RV}",000010,{AB},7,4,4,000010,{AB},E8.5-237,85.0,Large
All,1,111111,"{AB, AVC, Atria, LV, OFT, RV}",000010,{AB},7,4,4,000010,{AB},E8.5-25,91.0,Large
All,1,111111,"{AB, AVC, Atria, LV, OFT, RV}",000010,{AB},7,4,4,000010,{AB},E8.5-68,11.0,Small
All,1,111111,"{AB, AVC, Atria, LV, OFT, RV}",000010,{AB},7,4,4,000010,{AB},E8.5-75,38.0,Large
All,1,111111,"{AB, AVC, Atria, LV, OFT, RV}",000010,{AB},7,4,4,000010,{AB},E8.5-15,12.0,Small
All,1,111111,"{AB, AVC, Atria, LV, OFT, RV}",000010,{AB},7,4,4,000010,{AB},E8.5-144,20.0,Small
All,1,111111,"{AB, AVC, Atria, LV, OFT, RV}",000010,{AB},7,4,4,000010,{AB},E8.5-227,30.0,Small
All,1,111111,"{AB, AVC, Atria, LV, OFT, RV}",000010,{AB},7,4,4,000010,{AB},E8.5-194,4.0,Small
All,1,111111,"{AB, AVC, Atria, LV, OFT, RV}",000010,{AB},7,4,4,000010,{AB},E8.5-137,4.0,Small
All,1,111111,"{AB, AVC, Atria, LV, OFT, RV}",000010,{AB},7,4,4,000010,{AB},E8.5-32,5.0,Small
All,1,111111,"{AB, AVC, Atria, LV, OFT, RV}",000010,{AB},7,4,4,000010,{AB},E8.5-79,10.0,Small
All,1,111111,"{AB, AVC, Atria, LV, OFT, RV}",000010,{AB},7,4,4,000010,{AB},E8.5-63,4.0,Small
All,1,111111,"{AB, AVC, Atria, LV, OFT, RV}",000010,{AB},8,3,0,111111,"{AB, AVC, Atria, LV, OFT, RV}",E8.5-2,82.0,Large
All,1,111111,"{AB, AVC, Atria, LV, OFT, RV}",000010,{AB},8,3,0,111111,"{AB, AVC, Atria, LV, OFT, RV}",E8.5-170,142.0,
All,1,111111,"{AB, AVC, Atria, LV, OFT, RV}",000010,{AB},8,3,0,111111,"{AB, AVC, Atria, LV, OFT, RV}",E8.5-156,48.0,Large
All,1,111111,"{AB, AVC, Atria, LV, OFT, RV}",000010,{AB},8,3,0,111111,"{AB, AVC, Atria, LV, OFT, RV}",E8.5-237,85.0,Large
All,1,111111,"{AB, AVC, Atria, LV, OFT, RV}",000010,{AB},8,3,0,111111,"{AB, AVC, Atria, LV, OFT, RV}",E8.5-25,91.0,Large
All,1,111111,"{AB, AVC, Atria, LV, OFT, RV}",000010,{AB},8,3,0,111111,"{AB, AVC, Atria, LV, OFT, RV}",E8.5-68,11.0,Small
All,1,111111,"{AB, AVC, Atria, LV, OFT, RV}",000010,{AB},8,3,0,111111,"{AB, AVC, Atria, LV, OFT, RV}",E8.5-75,38.0,Large
All,1,111111,"{AB, AVC, Atria, LV, OFT, RV}",000010,{AB},8,3,0,111111,"{AB, AVC, Atria, LV, OFT, RV}",E8.5-194,4.0,Small
All,1,111111,"{AB, AVC, Atria, LV, OFT, RV}",000010,{AB},8,3,0,111111,"{AB, AVC, Atria, LV, OFT, RV}",E8.5-137,4.0,Small
All,1,111111,"{AB, AVC, Atria, LV, OFT, RV}",000010,{AB},8,3,0,111111,"{AB, AVC, Atria, LV, OFT, RV}",E8.5-32,5.0,Small
All,1,111111,"{AB, AVC, Atria, LV, OFT, RV}",000010,{AB},8,3,0,111111,"{AB, AVC, Atria, LV, OFT, RV}",E8.5-79,10.0,Small
All,1,111111,"{AB, AVC, Atria, LV, OFT, RV}",000010,{AB},8,3,0,111111,"{AB, AVC, Atria, LV, OFT, RV}",E8.5-63,4.0,Small
All,1,111111,"{AB, AVC, Atria, LV, OFT, RV}",000010,{AB},8,3,1,011111,"{AB, AVC, Atria, LV, RV}",E8.5-2,82.0,Large
All,1,111111,"{AB, AVC, Atria, LV, OFT, RV}",000010,{AB},8,3,1,011111,"{AB, AVC, Atria, LV, RV}",E8.5-170,142.0,
All,1,111111,"{AB, AVC, Atria, LV, OFT, RV}",000010,{AB},8,3,1,011111,"{AB, AVC, Atria, LV, RV}",E8.5-156,48.0,Large
All,1,111111,"{AB, AVC, Atria, LV, OFT, RV}",000010,{AB},8,3,1,011111,"{AB, AVC, Atria, LV, RV}",E8.5-237,85.0,Large
All,1,111111,"{AB, AVC, Atria, LV, OFT, RV}",000010,{AB},8,3,1,011111,"{AB, AVC, Atria, LV, RV}",E8.5-25,91.0,Large
All,1,111111,"{AB, AVC, Atria, LV, OFT, RV}",000010,{AB},8,3,1,011111,"{AB, AVC, Atria, LV, RV}",E8.5-68,11.0,Small
All,1,111111,"{AB, AVC, Atria, LV, OFT, RV}",000010,{AB},8,3,1,011111,"{AB, AVC, Atria, LV, RV}",E8.5-75,38.0,Large
All,1,111111,"{AB, AVC, Atria, LV, OFT, RV}",000010,{AB},8,3,1,011111,"{AB, AVC, Atria, LV, RV}",E8.5-194,4.0,Small
All,1,111111,"{AB, AVC, Atria, LV, OFT, RV}",000010,{AB},8,3,1,011111,"{AB, AVC, Atria, LV, RV}",E8.5-137,4.0,Small
All,1,111111,"{AB, AVC, Atria, LV, OFT, RV}",000010,{AB},8,3,1,011111,"{AB, AVC, Atria, LV, RV}",E8.5-32,5.0,Small
All,1,111111,"{AB, AVC, Atria, LV, OFT, RV}",000010,{AB},8,3,1,011111,"{AB, AVC, Atria, LV, RV}",E8.5-79,10.0,Small
All,1,111111,"{AB, AVC, Atria, LV, OFT, RV}",000010,{AB},8,3,1,011111,"{AB, AVC, Atria, LV, RV}",E8.5-63,4.0,Small
All,1,111111,"{AB, AVC, Atria, LV, OFT, RV}",000010,{AB},8,3,2,000111,"{AB, AVC, Atria}",E8.5-2,82.0,Large
All,1,111111,"{AB, AVC, Atria, LV, OFT, RV}",000010,{AB},8,3,2,000111,"{AB, AVC, Atria}",E8.5-170,142.0,
All,1,111111,"{AB, AVC, Atria, LV, OFT, RV}",000010,{AB},8,3,2,000111,"{AB, AVC, Atria}",E8.5-156,48.0,Large
All,1,111111,"{AB, AVC, Atria, LV, OFT, RV}",000010,{AB},8,3,2,000111,"{AB, AVC, Atria}",E8.5-237,85.0,Large
All,1,111111,"{AB, AVC, Atria, LV, OFT, RV}",000010,{AB},8,3,2,000111,"{AB, AVC, Atria}",E8.5-25,91.0,Large
All,1,111111,"{AB, AVC, Atria, LV, OFT, RV}",000010,{AB},8,3,2,000111,"{AB, AVC, Atria}",E8.5-68,11.0,Small
All,1,111111,"{AB, AVC, Atria, LV, OFT, RV}",000010,{AB},8,3,2,000111,"{AB, AVC, Atria}",E8.5-75,38.0,Large
All,1,111111,"{AB, AVC, Atria, LV, OFT, RV}",000010,{AB},8,3,2,000111,"{AB, AVC, Atria}",E8.5-194,4.0,Small
All,1,111111,"{AB, AVC, Atria, LV, OFT, RV}",000010,{AB},8,3,2,000111,"{AB, AVC, Atria}",E8.5-137,4.0,Small
All,1,111111,"{AB, AVC, Atria, LV, OFT, RV}",000010,{AB},8,3,2,000111,"{AB, AVC, Atria}",E8.5-32,5.0,Small
All,1,111111,"{AB, AVC, Atria, LV, OFT, RV}",000010,{AB},8,3,2,000111,"{AB, AVC, Atria}",E8.5-79,10.0,Small
All,1,111111,"{AB, AVC, Atria, LV, OFT, RV}",000010,{AB},8,3,2,000111,"{AB, AVC, Atria}",E8.5-63,4.0,Small
All,1,111111,"{AB, AVC, Atria, LV, OFT, RV}",000010,{AB},8,3,3,000010,{AB},E8.5-2,82.0,Large
All,1,111111,"{AB, AVC, Atria, LV, OFT, RV}",000010,{AB},8,3,3,000010,{AB},E8.5-170,142.0,
All,1,111111,"{AB, AVC, Atria, LV, OFT, RV}",000010,{AB},8,3,3,000010,{AB},E8.5-156,48.0,Large
All,1,111111,"{AB, AVC, Atria, LV, OFT, RV}",000010,{AB},8,3,3,000010,{AB},E8.5-237,85.0,Large
All,1,111111,"{AB, AVC, Atria, LV, OFT, RV}",000010,{AB},8,3,3,000010,{AB},E8.5-25,91.0,Large
All,1,111111,"{AB, AVC, Atria, LV, OFT, RV}",000010,{AB},8,3,3,000010,{AB},E8.5-68,11.0,Small
All,1,111111,"{AB, AVC, Atria, LV, OFT, RV}",000010,{AB},8,3,3,000010,{AB},E8.5-75,38.0,Large
All,1,111111,"{AB, AVC, Atria, LV, OFT, RV}",000010,{AB},8,3,3,000010,{AB},E8.5-194,4.0,Small
All,1,111111,"{AB, AVC, Atria, LV, OFT, RV}",000010,{AB},8,3,3,000010,{AB},E8.5-137,4.0,Small
All,1,111111,"{AB, AVC, Atria, LV, OFT, RV}",000010,{AB},8,3,3,000010,{AB},E8.5-32,5.0,Small
All,1,111111,"{AB, AVC, Atria, LV, OFT, RV}",000010,{AB},8,3,3,000010,{AB},E8.5-79,10.0,Small
All,1,111111,"{AB, AVC, Atria, LV, OFT, RV}",000010,{AB},8,3,3,000010,{AB},E8.5-63,4.0,Small
All,1,111111,"{AB, AVC, Atria, LV, OFT, RV}",000010,{AB},9,4,0,111111,"{AB, AVC, Atria, LV, OFT, RV}",E8.5-2,82.0,Large
All,1,111111,"{AB, AVC, Atria, LV, OFT, RV}",000010,{AB},9,4,0,111111,"{AB, AVC, Atria, LV, OFT, RV}",E8.5-170,142.0,
All,1,111111,"{AB, AVC, Atria, LV, OFT, RV}",000010,{AB},9,4,0,111111,"{AB, AVC, Atria, LV, OFT, RV}",E8.5-218,30.0,Small
All,1,111111,"{AB, AVC, Atria, LV, OFT, RV}",000010,{AB},9,4,0,111111,"{AB, AVC, Atria, LV, OFT, RV}",E8.5-72,34.0,Large
All,1,111111,"{AB, AVC, Atria, LV, OFT, RV}",000010,{AB},9,4,0,111111,"{AB, AVC, Atria, LV, OFT, RV}",E8.5-68,11.0,Small
All,1,111111,"{AB, AVC, Atria, LV, OFT, RV}",000010,{AB},9,4,0,111111,"{AB, AVC, Atria, LV, OFT, RV}",E8.5-75,38.0,Large
All,1,111111,"{AB, AVC, Atria, LV, OFT, RV}",000010,{AB},9,4,0,111111,"{AB, AVC, Atria, LV, OFT, RV}",E8.5-66,8.0,Small
All,1,111111,"{AB, AVC, Atria, LV, OFT, RV}",000010,{AB},9,4,0,111111,"{AB, AVC, Atria, LV, OFT, RV}",E8.5-135,9.0,Small
All,1,111111,"{AB, AVC, Atria, LV, OFT, RV}",000010,{AB},9,4,0,111111,"{AB, AVC, Atria, LV, OFT, RV}",E8.5-117,19.0,Small
All,1,111111,"{AB, AVC, Atria, LV, OFT, RV}",000010,{AB},9,4,0,111111,"{AB, AVC, Atria, LV, OFT, RV}",E8.5-49,31.0,Large
All,1,111111,"{AB, AVC, Atria, LV, OFT, RV}",000010,{AB},9,4,0,111111,"{AB, AVC, Atria, LV, OFT, RV}",E8.5-194,4.0,Small
All,1,111111,"{AB, AVC, Atria, LV, OFT, RV}",000010,{AB},9,4,0,111111,"{AB, AVC, Atria, LV, OFT, RV}",E8.5-137,4.0,Small
All,1,111111,"{AB, AVC, Atria, LV, OFT, RV}",000010,{AB},9,4,0,111111,"{AB, AVC, Atria, LV, OFT, RV}",E8.5-32,5.0,Small
All,1,111111,"{AB, AVC, Atria, LV, OFT, RV}",000010,{AB},9,4,0,111111,"{AB, AVC, Atria, LV, OFT, RV}",E8.5-79,10.0,Small
All,1,111111,"{AB, AVC, Atria, LV, OFT, RV}",000010,{AB},9,4,0,111111,"{AB, AVC, Atria, LV, OFT, RV}",E8.5-63,4.0,Small
All,1,111111,"{AB, AVC, Atria, LV, OFT, RV}",000010,{AB},9,4,1,001111,"{AB, AVC, Atria, LV}",E8.5-2,82.0,Large
All,1,111111,"{AB, AVC, Atria, LV, OFT, RV}",000010,{AB},9,4,1,001111,"{AB, AVC, Atria, LV}",E8.5-170,142.0,
All,1,111111,"{AB, AVC, Atria, LV, OFT, RV}",000010,{AB},9,4,1,001111,"{AB, AVC, Atria, LV}",E8.5-218,30.0,Small
All,1,111111,"{AB, AVC, Atria, LV, OFT, RV}",000010,{AB},9,4,1,001111,"{AB, AVC, Atria, LV}",E8.5-72,34.0,Large
All,1,111111,"{AB, AVC, Atria, LV, OFT, RV}",000010,{AB},9,4,1,001111,"{AB, AVC, Atria, LV}",E8.5-68,11.0,Small
All,1,111111,"{AB, AVC, Atria, LV, OFT, RV}",000010,{AB},9,4,1,001111,"{AB, AVC, Atria, LV}",E8.5-75,38.0,Large
All,1,111111,"{AB, AVC, Atria, LV, OFT, RV}",000010,{AB},9,4,1,001111,"{AB, AVC, Atria, LV}",E8.5-66,8.0,Small
All,1,111111,"{AB, AVC, Atria, LV, OFT, RV}",000010,{AB},9,4,1,001111,"{AB, AVC, Atria, LV}",E8.5-135,9.0,Small
All,1,111111,"{AB, AVC, Atria, LV, OFT, RV}",000010,{AB},9,4,1,001111,"{AB, AVC, Atria, LV}",E8.5-117,19.0,Small
All,1,111111,"{AB, AVC, Atria, LV, OFT, RV}",000010,{AB},9,4,1,001111,"{AB, AVC, Atria, LV}",E8.5-49,31.0,Large
All,1,111111,"{AB, AVC, Atria, LV, OFT, RV}",000010,{AB},9,4,1,001111,"{AB, AVC, Atria, LV}",E8.5-194,4.0,Small
All,1,111111,"{AB, AVC, Atria, LV, OFT, RV}",000010,{AB},9,4,1,001111,"{AB, AVC, Atria, LV}",E8.5-137,4.0,Small
All,1,111111,"{AB, AVC, Atria, LV, OFT, RV}",000010,{AB},9,4,1,001111,"{AB, AVC, Atria, LV}",E8.5-32,5.0,Small
All,1,111111,"{AB, AVC, Atria, LV, OFT, RV}",000010,{AB},9,4,1,001111,"{AB, AVC, Atria, LV}",E8.5-79,10.0,Small
All,1,111111,"{AB, AVC, Atria, LV, OFT, RV}",000010,{AB},9,4,1,001111,"{AB, AVC, Atria, LV}",E8.5-63,4.0,Small
All,1,111111,"{AB, AVC, Atria, LV, OFT, RV}",000010,{AB},9,4,2,000111,"{AB, AVC, Atria}",E8.5-2,82.0,Large
All,1,111111,"{AB, AVC, Atria, LV, OFT, RV}",000010,{AB},9,4,2,000111,"{AB, AVC, Atria}",E8.5-170,142.0,
All,1,111111,"{AB, AVC, Atria, LV, OFT, RV}",000010,{AB},9,4,2,000111,"{AB, AVC, Atria}",E8.5-218,30.0,Small
All,1,111111,"{AB, AVC, Atria, LV, OFT, RV}",000010,{AB},9,4,2,000111,"{AB, AVC, Atria}",E8.5-72,34.0,Large
All,1,111111,"{AB, AVC, Atria, LV, OFT, RV}",000010,{AB},9,4,2,000111,"{AB, AVC, Atria}",E8.5-68,11.0,Small
All,1,111111,"{AB, AVC, Atria, LV, OFT, RV}",000010,{AB},9,4,2,000111,"{AB, AVC, Atria}",E8.5-75,38.0,Large
All,1,111111,"{AB, AVC, Atria, LV, OFT, RV}",000010,{AB},9,4,2,000111,"{AB, AVC, Atria}",E8.5-66,8.0,Small
All,1,111111,"{AB, AVC, Atria, LV, OFT, RV}",000010,{AB},9,4,2,000111,"{AB, AVC, Atria}",E8.5-135,9.0,Small
All,1,111111,"{AB, AVC, Atria, LV, OFT, RV}",000010,{AB},9,4,2,000111,"{AB, AVC, Atria}",E8.5-117,19.0,Small
All,1,111111,"{AB, AVC, Atria, LV, OFT, RV}",000010,{AB},9,4,2,000111,"{AB, AVC, Atria}",E8.5-49,31.0,Large
All,1,111111,"{AB, AVC, Atria, LV, OFT, RV}",000010,{AB},9,4,2,000111,"{AB, AVC, Atria}",E8.5-194,4.0,Small
All,1,111111,"{AB, AVC, Atria, LV, OFT, RV}",000010,{AB},9,4,2,000111,"{AB, AVC, Atria}",E8.5-137,4.0,Small
All,1,111111,"{AB, AVC, Atria, LV, OFT, RV}",000010,{AB},9,4,2,000111,"{AB, AVC, Atria}",E8.5-32,5.0,Small
All,1,111111,"{AB, AVC, Atria, LV, OFT, RV}",000010,{AB},9,4,2,000111,"{AB, AVC, Atria}",E8.5-79,10.0,Small
All,1,111111,"{AB, AVC, Atria, LV, OFT, RV}",000010,{AB},9,4,2,000111,"{AB, AVC, Atria}",E8.5-63,4.0,Small
All,1,111111,"{AB, AVC, Atria, LV, OFT, RV}",000010,{AB},9,4,3,000110,"{AB, AVC}",E8.5-2,82.0,Large
All,1,111111,"{AB, AVC, Atria, LV, OFT, RV}",000010,{AB},9,4,3,000110,"{AB, AVC}",E8.5-170,142.0,
All,1,111111,"{AB, AVC, Atria, LV, OFT, RV}",000010,{AB},9,4,3,000110,"{AB, AVC}",E8.5-218,30.0,Small
All,1,111111,"{AB, AVC, Atria, LV, OFT, RV}",000010,{AB},9,4,3,000110,"{AB, AVC}",E8.5-72,34.0,Large
All,1,111111,"{AB, AVC, Atria, LV, OFT, RV}",000010,{AB},9,4,3,000110,"{AB, AVC}",E8.5-68,11.0,Small
All,1,111111,"{AB, AVC, Atria, LV, OFT, RV}",000010,{AB},9,4,3,000110,"{AB, AVC}",E8.5-75,38.0,Large
All,1,111111,"{AB, AVC, Atria, LV, OFT, RV}",000010,{AB},9,4,3,000110,"{AB, AVC}",E8.5-66,8.0,Small
All,1,111111,"{AB, AVC, Atria, LV, OFT, RV}",000010,{AB},9,4,3,000110,"{AB, AVC}",E8.5-135,9.0,Small
All,1,111111,"{AB, AVC, Atria, LV, OFT, RV}",000010,{AB},9,4,3,000110,"{AB, AVC}",E8.5-117,19.0,Small
All,1,111111,"{AB, AVC, Atria, LV, OFT, RV}",000010,{AB},9,4,3,000110,"{AB, AVC}",E8.5-49,31.0,Large
All,1,111111,"{AB, AVC, Atria, LV, OFT, RV}",000010,{AB},9,4,3,000110,"{AB, AVC}",E8.5-194,4.0,Small
All,1,111111,"{AB, AVC, Atria, LV, OFT, RV}",000010,{AB},9,4,3,000110,"{AB, AVC}",E8.5-137,4.0,Small
All,1,111111,"{AB, AVC, Atria, LV, OFT, RV}",000010,{AB},9,4,3,000110,"{AB, AVC}",E8.5-32,5.0,Small
All,1,111111,"{AB, AVC, Atria, LV, OFT, RV}",000010,{AB},9,4,3,000110,"{AB, AVC}",E8.5-79,10.0,Small
All,1,111111,"{AB, AVC, Atria, LV, OFT, RV}",000010,{AB},9,4,3,000110,"{AB, AVC}",E8.5-63,4.0,Small
All,1,111111,"{AB, AVC, Atria, LV, OFT, RV}",000010,{AB},9,4,4,000010,{AB},E8.5-2,82.0,Large
All,1,111111,"{AB, AVC, Atria, LV, OFT, RV}",000010,{AB},9,4,4,000010,{AB},E8.5-170,142.0,
All,1,111111,"{AB, AVC, Atria, LV, OFT, RV}",000010,{AB},9,4,4,000010,{AB},E8.5-218,30.0,Small
All,1,111111,"{AB, AVC, Atria, LV, OFT, RV}",000010,{AB},9,4,4,000010,{AB},E8.5-72,34.0,Large
All,1,111111,"{AB, AVC, Atria, LV, OFT, RV}",000010,{AB},9,4,4,000010,{AB},E8.5-68,11.0,Small
All,1,111111,"{AB, AVC, Atria, LV, OFT, RV}",000010,{AB},9,4,4,000010,{AB},E8.5-75,38.0,Large
All,1,111111,"{AB, AVC, Atria, LV, OFT, RV}",000010,{AB},9,4,4,000010,{AB},E8.5-66,8.0,Small
All,1,111111,"{AB, AVC, Atria, LV, OFT, RV}",000010,{AB},9,4,4,000010,{AB},E8.5-135,9.0,Small
All,1,111111,"{AB, AVC, Atria, LV, OFT, RV}",000010,{AB},9,4,4,000010,{AB},E8.5-117,19.0,Small
All,1,111111,"{AB, AVC, Atria, LV, OFT, RV}",000010,{AB},9,4,4,000010,{AB},E8.5-49,31.0,Large
All,1,111111,"{AB, AVC, Atria, LV, OFT, RV}",000010,{AB},9,4,4,000010,{AB},E8.5-194,4.0,Small
All,1,111111,"{AB, AVC, Atria, LV, OFT, RV}",000010,{AB},9,4,4,000010,{AB},E8.5-137,4.0,Small
All,1,111111,"{AB, AVC, Atria, LV, OFT, RV}",000010,{AB},9,4,4,000010,{AB},E8.5-32,5.0,Small
All,1,111111,"{AB, AVC, Atria, LV, OFT, RV}",000010,{AB},9,4,4,000010,{AB},E8.5-79,10.0,Small
All,1,111111,"{AB, AVC, Atria, LV, OFT, RV}",000010,{AB},9,4,4,000010,{AB},E8.5-63,4.0,Small
All,1,111111,"{AB, AVC, Atria, LV, OFT, RV}",000010,{AB},10,4,0,111111,"{AB, AVC, Atria, LV, OFT, RV}",E8.5-2,82.0,Large
All,1,111111,"{AB, AVC, Atria, LV, OFT, RV}",000010,{AB},10,4,0,111111,"{AB, AVC, Atria, LV, OFT, RV}",E8.5-170,142.0,
All,1,111111,"{AB, AVC, Atria, LV, OFT, RV}",000010,{AB},10,4,0,111111,"{AB, AVC, Atria, LV, OFT, RV}",E8.5-218,30.0,Small
All,1,111111,"{AB, AVC, Atria, LV, OFT, RV}",000010,{AB},10,4,0,111111,"{AB, AVC, Atria, LV, OFT, RV}",E8.5-72,34.0,Large
All,1,111111,"{AB, AVC, Atria, LV, OFT, RV}",000010,{AB},10,4,0,111111,"{AB, AVC, Atria, LV, OFT, RV}",E8.5-68,11.0,Small
All,1,111111,"{AB, AVC, Atria, LV, OFT, RV}",000010,{AB},10,4,0,111111,"{AB, AVC, Atria, LV, OFT, RV}",E8.5-75,38.0,Large
All,1,111111,"{AB, AVC, Atria, LV, OFT, RV}",000010,{AB},10,4,0,111111,"{AB, AVC, Atria, LV, OFT, RV}",E8.5-15,12.0,Small
All,1,111111,"{AB, AVC, Atria, LV, OFT, RV}",000010,{AB},10,4,0,111111,"{AB, AVC, Atria, LV, OFT, RV}",E8.5-144,20.0,Small
All,1,111111,"{AB, AVC, Atria, LV, OFT, RV}",000010,{AB},10,4,0,111111,"{AB, AVC, Atria, LV, OFT, RV}",E8.5-227,30.0,Small
All,1,111111,"{AB, AVC, Atria, LV, OFT, RV}",000010,{AB},10,4,0,111111,"{AB, AVC, Atria, LV, OFT, RV}",E8.5-194,4.0,Small
All,1,111111,"{AB, AVC, Atria, LV, OFT, RV}",000010,{AB},10,4,0,111111,"{AB, AVC, Atria, LV, OFT, RV}",E8.5-137,4.0,Small
All,1,111111,"{AB, AVC, Atria, LV, OFT, RV}",000010,{AB},10,4,0,111111,"{AB, AVC, Atria, LV, OFT, RV}",E8.5-32,5.0,Small
All,1,111111,"{AB, AVC, Atria, LV, OFT, RV}",000010,{AB},10,4,0,111111,"{AB, AVC, Atria, LV, OFT, RV}",E8.5-79,10.0,Small
All,1,111111,"{AB, AVC, Atria, LV, OFT, RV}",000010,{AB},10,4,0,111111,"{AB, AVC, Atria, LV, OFT, RV}",E8.5-63,4.0,Small
All,1,111111,"{AB, AVC, Atria, LV, OFT, RV}",000010,{AB},10,4,1,001111,"{AB, AVC, Atria, LV}",E8.5-2,82.0,Large
All,1,111111,"{AB, AVC, Atria, LV, OFT, RV}",000010,{AB},10,4,1,001111,"{AB, AVC, Atria, LV}",E8.5-170,142.0,
All,1,111111,"{AB, AVC, Atria, LV, OFT, RV}",000010,{AB},10,4,1,001111,"{AB, AVC, Atria, LV}",E8.5-218,30.0,Small
All,1,111111,"{AB, AVC, Atria, LV, OFT, RV}",000010,{AB},10,4,1,001111,"{AB, AVC, Atria, LV}",E8.5-72,34.0,Large
All,1,111111,"{AB, AVC, Atria, LV, OFT, RV}",000010,{AB},10,4,1,001111,"{AB, AVC, Atria, LV}",E8.5-68,11.0,Small
All,1,111111,"{AB, AVC, Atria, LV, OFT, RV}",000010,{AB},10,4,1,001111,"{AB, AVC, Atria, LV}",E8.5-75,38.0,Large
All,1,111111,"{AB, AVC, Atria, LV, OFT, RV}",000010,{AB},10,4,1,001111,"{AB, AVC, Atria, LV}",E8.5-15,12.0,Small
All,1,111111,"{AB, AVC, Atria, LV, OFT, RV}",000010,{AB},10,4,1,001111,"{AB, AVC, Atria, LV}",E8.5-144,20.0,Small
All,1,111111,"{AB, AVC, Atria, LV, OFT, RV}",000010,{AB},10,4,1,001111,"{AB, AVC, Atria, LV}",E8.5-227,30.0,Small
All,1,111111,"{AB, AVC, Atria, LV, OFT, RV}",000010,{AB},10,4,1,001111,"{AB, AVC, Atria, LV}",E8.5-194,4.0,Small
All,1,111111,"{AB, AVC, Atria, LV, OFT, RV}",000010,{AB},10,4,1,001111,"{AB, AVC, Atria, LV}",E8.5-137,4.0,Small
All,1,111111,"{AB, AVC, Atria, LV, OFT, RV}",000010,{AB},10,4,1,001111,"{AB, AVC, Atria, LV}",E8.5-32,5.0,Small
All,1,111111,"{AB, AVC, Atria, LV, OFT, RV}",000010,{AB},10,4,1,001111,"{AB, AVC, Atria, LV}",E8.5-79,10.0,Small
All,1,111111,"{AB, AVC, Atria, LV, OFT, RV}",000010,{AB},10,4,1,001111,"{AB, AVC, Atria, LV}",E8.5-63,4.0,Small
All,1,111111,"{AB, AVC, Atria, LV, OFT, RV}",000010,{AB},10,4,2,000111,"{AB, AVC, Atria}",E8.5-2,82.0,Large
All,1,111111,"{AB, AVC, Atria, LV, OFT, RV}",000010,{AB},10,4,2,000111,"{AB, AVC, Atria}",E8.5-170,142.0,
All,1,111111,"{AB, AVC, Atria, LV, OFT, RV}",000010,{AB},10,4,2,000111,"{AB, AVC, Atria}",E8.5-218,30.0,Small
All,1,111111,"{AB, AVC, Atria, LV, OFT, RV}",000010,{AB},10,4,2,000111,"{AB, AVC, Atria}",E8.5-72,34.0,Large
All,1,111111,"{AB, AVC, Atria, LV, OFT, RV}",000010,{AB},10,4,2,000111,"{AB, AVC, Atria}",E8.5-68,11.0,Small
All,1,111111,"{AB, AVC, Atria, LV, OFT, RV}",000010,{AB},10,4,2,000111,"{AB, AVC, Atria}",E8.5-75,38.0,Large
All,1,111111,"{AB, AVC, Atria, LV, OFT, RV}",000010,{AB},10,4,2,000111,"{AB, AVC, Atria}",E8.5-15,12.0,Small
All,1,111111,"{AB, AVC, Atria, LV, OFT, RV}",000010,{AB},10,4,2,000111,"{AB, AVC, Atria}",E8.5-144,20.0,Small
All,1,111111,"{AB, AVC, Atria, LV, OFT, RV}",000010,{AB},10,4,2,000111,"{AB, AVC, Atria}",E8.5-227,30.0,Small
All,1,111111,"{AB, AVC, Atria, LV, OFT, RV}",000010,{AB},10,4,2,000111,"{AB, AVC, Atria}",E8.5-194,4.0,Small
All,1,111111,"{AB, AVC, Atria, LV, OFT, RV}",000010,{AB},10,4,2,000111,"{AB, AVC, Atria}",E8.5-137,4.0,Small
All,1,111111,"{AB, AVC, Atria, LV, OFT, RV}",000010,{AB},10,4,2,000111,"{AB, AVC, Atria}",E8.5-32,5.0,Small
All,1,111111,"{AB, AVC, Atria, LV, OFT, RV}",000010,{AB},10,4,2,000111,"{AB, AVC, Atria}",E8.5-79,10.0,Small
All,1,111111,"{AB, AVC, Atria, LV, OFT, RV}",000010,{AB},10,4,2,000111,"{AB, AVC, Atria}",E8.5-63,4.0,Small
All,1,111111,"{AB, AVC, Atria, LV, OFT, RV}",000010,{AB},10,4,3,000011,"{AB, Atria}",E8.5-2,82.0,Large
All,1,111111,"{AB, AVC, Atria, LV, OFT, RV}",000010,{AB},10,4,3,000011,"{AB, Atria}",E8.5-170,142.0,
All,1,111111,"{AB, AVC, Atria, LV, OFT, RV}",000010,{AB},10,4,3,000011,"{AB, Atria}",E8.5-218,30.0,Small
All,1,111111,"{AB, AVC, Atria, LV, OFT, RV}",000010,{AB},10,4,3,000011,"{AB, Atria}",E8.5-72,34.0,Large
All,1,111111,"{AB, AVC, Atria, LV, OFT, RV}",000010,{AB},10,4,3,000011,"{AB, Atria}",E8.5-68,11.0,Small
All,1,111111,"{AB, AVC, Atria, LV, OFT, RV}",000010,{AB},10,4,3,000011,"{AB, Atria}",E8.5-75,38.0,Large
All,1,111111,"{AB, AVC, Atria, LV, OFT, RV}",000010,{AB},10,4,3,000011,"{AB, Atria}",E8.5-15,12.0,Small
All,1,111111,"{AB, AVC, Atria, LV, OFT, RV}",000010,{AB},10,4,3,000011,"{AB, Atria}",E8.5-144,20.0,Small
All,1,111111,"{AB, AVC, Atria, LV, OFT, RV}",000010,{AB},10,4,3,000011,"{AB, Atria}",E8.5-227,30.0,Small
All,1,111111,"{AB, AVC, Atria, LV, OFT, RV}",000010,{AB},10,4,3,000011,"{AB, Atria}",E8.5-194,4.0,Small
All,1,111111,"{AB, AVC, Atria, LV, OFT, RV}",000010,{AB},10,4,3,000011,"{AB, Atria}",E8.5-137,4.0,Small
All,1,111111,"{AB, AVC, Atria, LV, OFT, RV}",000010,{AB},10,4,3,000011,"{AB, Atria}",E8.5-32,5.0,Small
All,1,111111,"{AB, AVC, Atria, LV, OFT, RV}",000010,{AB},10,4,3,000011,"{AB, Atria}",E8.5-79,10.0,Small
All,1,111111,"{AB, AVC, Atria, LV, OFT, RV}",000010,{AB},10,4,3,000011,"{AB, Atria}",E8.5-63,4.0,Small
All,1,111111,"{AB, AVC, Atria, LV, OFT, RV}",000010,{AB},10,4,4,000010,{AB},E8.5-2,82.0,Large
All,1,111111,"{AB, AVC, Atria, LV, OFT, RV}",000010,{AB},10,4,4,000010,{AB},E8.5-170,142.0,
All,1,111111,"{AB, AVC, Atria, LV, OFT, RV}",000010,{AB},10,4,4,000010,{AB},E8.5-218,30.0,Small
All,1,111111,"{AB, AVC, Atria, LV, OFT, RV}",000010,{AB},10,4,4,000010,{AB},E8.5-72,34.0,Large
All,1,111111,"{AB, AVC, Atria, LV, OFT, RV}",000010,{AB},10,4,4,000010,{AB},E8.5-68,11.0,Small
All,1,111111,"{AB, AVC, Atria, LV, OFT, RV}",000010,{AB},10,4,4,000010,{AB},E8.5-75,38.0,Large
All,1,111111,"{AB, AVC, Atria, LV, OFT, RV}",000010,{AB},10,4,4,000010,{AB},E8.5-15,12.0,Small
All,1,111111,"{AB, AVC, Atria, LV, OFT, RV}",000010,{AB},10,4,4,000010,{AB},E8.5-144,20.0,Small
All,1,111111,"{AB, AVC, Atria, LV, OFT, RV}",000010,{AB},10,4,4,000010,{AB},E8.5-227,30.0,Small
All,1,111111,"{AB, AVC, Atria, LV, OFT, RV}",000010,{AB},10,4,4,000010,{AB},E8.5-194,4.0,Small
All,1,111111,"{AB, AVC, Atria, LV, OFT, RV}",000010,{AB},10,4,4,000010,{AB},E8.5-137,4.0,Small
All,1,111111,"{AB, AVC, Atria, LV, OFT, RV}",000010,{AB},10,4,4,000010,{AB},E8.5-32,5.0,Small
All,1,111111,"{AB, AVC, Atria, LV, OFT, RV}",000010,{AB},10,4,4,000010,{AB},E8.5-79,10.0,Small
All,1,111111,"{AB, AVC, Atria, LV, OFT, RV}",000010,{AB},10,4,4,000010,{AB},E8.5-63,4.0,Small
All,1,111111,"{AB, AVC, Atria, LV, OFT, RV}",000010,{AB},11,3,0,111111,"{AB, AVC, Atria, LV, OFT, RV}",E8.5-2,82.0,Large
All,1,111111,"{AB, AVC, Atria, LV, OFT, RV}",000010,{AB},11,3,0,111111,"{AB, AVC, Atria, LV, OFT, RV}",E8.5-170,142.0,
All,1,111111,"{AB, AVC, Atria, LV, OFT, RV}",000010,{AB},11,3,0,111111,"{AB, AVC, Atria, LV, OFT, RV}",E8.5-218,30.0,Small
All,1,111111,"{AB, AVC, Atria, LV, OFT, RV}",000010,{AB},11,3,0,111111,"{AB, AVC, Atria, LV, OFT, RV}",E8.5-72,34.0,Large
All,1,111111,"{AB, AVC, Atria, LV, OFT, RV}",000010,{AB},11,3,0,111111,"{AB, AVC, Atria, LV, OFT, RV}",E8.5-68,11.0,Small
All,1,111111,"{AB, AVC, Atria, LV, OFT, RV}",000010,{AB},11,3,0,111111,"{AB, AVC, Atria, LV, OFT, RV}",E8.5-75,38.0,Large
All,1,111111,"{AB, AVC, Atria, LV, OFT, RV}",000010,{AB},11,3,0,111111,"{AB, AVC, Atria, LV, OFT, RV}",E8.5-194,4.0,Small
All,1,111111,"{AB, AVC, Atria, LV, OFT, RV}",000010,{AB},11,3,0,111111,"{AB, AVC, Atria, LV, OFT, RV}",E8.5-137,4.0,Small
All,1,111111,"{AB, AVC, Atria, LV, OFT, RV}",000010,{AB},11,3,0,111111,"{AB, AVC, Atria, LV, OFT, RV}",E8.5-32,5.0,Small
All,1,111111,"{AB, AVC, Atria, LV, OFT, RV}",000010,{AB},11,3,0,111111,"{AB, AVC, Atria, LV, OFT, RV}",E8.5-79,10.0,Small
All,1,111111,"{AB, AVC, Atria, LV, OFT, RV}",000010,{AB},11,3,0,111111,"{AB, AVC, Atria, LV, OFT, RV}",E8.5-63,4.0,Small
All,1,111111,"{AB, AVC, Atria, LV, OFT, RV}",000010,{AB},11,3,1,001111,"{AB, AVC, Atria, LV}",E8.5-2,82.0,Large
All,1,111111,"{AB, AVC, Atria, LV, OFT, RV}",000010,{AB},11,3,1,001111,"{AB, AVC, Atria, LV}",E8.5-170,142.0,
All,1,111111,"{AB, AVC, Atria, LV, OFT, RV}",000010,{AB},11,3,1,001111,"{AB, AVC, Atria, LV}",E8.5-218,30.0,Small
All,1,111111,"{AB, AVC, Atria, LV, OFT, RV}",000010,{AB},11,3,1,001111,"{AB, AVC, Atria, LV}",E8.5-72,34.0,Large
All,1,111111,"{AB, AVC, Atria, LV, OFT, RV}",000010,{AB},11,3,1,001111,"{AB, AVC, Atria, LV}",E8.5-68,11.0,Small
All,1,111111,"{AB, AVC, Atria, LV, OFT, RV}",000010,{AB},11,3,1,001111,"{AB, AVC, Atria, LV}",E8.5-75,38.0,Large
All,1,111111,"{AB, AVC, Atria, LV, OFT, RV}",000010,{AB},11,3,1,001111,"{AB, AVC, Atria, LV}",E8.5-194,4.0,Small
All,1,111111,"{AB, AVC, Atria, LV, OFT, RV}",000010,{AB},11,3,1,001111,"{AB, AVC, Atria, LV}",E8.5-137,4.0,Small
All,1,111111,"{AB, AVC, Atria, LV, OFT, RV}",000010,{AB},11,3,1,001111,"{AB, AVC, Atria, LV}",E8.5-32,5.0,Small
All,1,111111,"{AB, AVC, Atria, LV, OFT, RV}",000010,{AB},11,3,1,001111,"{AB, AVC, Atria, LV}",E8.5-79,10.0,Small
All,1,111111,"{AB, AVC, Atria, LV, OFT, RV}",000010,{AB},11,3,1,001111,"{AB, AVC, Atria, LV}",E8.5-63,4.0,Small
All,1,111111,"{AB, AVC, Atria, LV, OFT, RV}",000010,{AB},11,3,2,000111,"{AB, AVC, Atria}",E8.5-2,82.0,Large
All,1,111111,"{AB, AVC, Atria, LV, OFT, RV}",000010,{AB},11,3,2,000111,"{AB, AVC, Atria}",E8.5-170,142.0,
All,1,111111,"{AB, AVC, Atria, LV, OFT, RV}",000010,{AB},11,3,2,000111,"{AB, AVC, Atria}",E8.5-218,30.0,Small
All,1,111111,"{AB, AVC, Atria, LV, OFT, RV}",000010,{AB},11,3,2,000111,"{AB, AVC, Atria}",E8.5-72,34.0,Large
All,1,111111,"{AB, AVC, Atria, LV, OFT, RV}",000010,{AB},11,3,2,000111,"{AB, AVC, Atria}",E8.5-68,11.0,Small
All,1,111111,"{AB, AVC, Atria, LV, OFT, RV}",000010,{AB},11,3,2,000111,"{AB, AVC, Atria}",E8.5-75,38.0,Large
All,1,111111,"{AB, AVC, Atria, LV, OFT, RV}",000010,{AB},11,3,2,000111,"{AB, AVC, Atria}",E8.5-194,4.0,Small
All,1,111111,"{AB, AVC, Atria, LV, OFT, RV}",000010,{AB},11,3,2,000111,"{AB, AVC, Atria}",E8.5-137,4.0,Small
All,1,111111,"{AB, AVC, Atria, LV, OFT, RV}",000010,{AB},11,3,2,000111,"{AB, AVC, Atria}",E8.5-32,5.0,Small
All,1,111111,"{AB, AVC, Atria, LV, OFT, RV}",000010,{AB},11,3,2,000111,"{AB, AVC, Atria}",E8.5-79,10.0,Small
All,1,111111,"{AB, AVC, Atria, LV, OFT, RV}",000010,{AB},11,3,2,000111,"{AB, AVC, Atria}",E8.5-63,4.0,Small
All,1,111111,"{AB, AVC, Atria, LV, OFT, RV}",000010,{AB},11,3,3,000010,{AB},E8.5-2,82.0,Large
All,1,111111,"{AB, AVC, Atria, LV, OFT, RV}",000010,{AB},11,3,3,000010,{AB},E8.5-170,142.0,
All,1,111111,"{AB, AVC, Atria, LV, OFT, RV}",000010,{AB},11,3,3,000010,{AB},E8.5-218,30.0,Small
All,1,111111,"{AB, AVC, Atria, LV, OFT, RV}",000010,{AB},11,3,3,000010,{AB},E8.5-72,34.0,Large
All,1,111111,"{AB, AVC, Atria, LV, OFT, RV}",000010,{AB},11,3,3,000010,{AB},E8.5-68,11.0,Small
All,1,111111,"{AB, AVC, Atria, LV, OFT, RV}",000010,{AB},11,3,3,000010,{AB},E8.5-75,38.0,Large
All,1,111111,"{AB, AVC, Atria, LV, OFT, RV}",000010,{AB},11,3,3,000010,{AB},E8.5-194,4.0,Small
All,1,111111,"{AB, AVC, Atria, LV, OFT, RV}",000010,{AB},11,3,3,000010,{AB},E8.5-137,4.0,Small
All,1,111111,"{AB, AVC, Atria, LV, OFT, RV}",000010,{AB},11,3,3,000010,{AB},E8.5-32,5.0,Small
All,1,111111,"{AB, AVC, Atria, LV, OFT, RV}",000010,{AB},11,3,3,000010,{AB},E8.5-79,10.0,Small
All,1,111111,"{AB, AVC, Atria, LV, OFT, RV}",000010,{AB},11,3,3,000010,{AB},E8.5-63,4.0,Small
All,1,111111,"{AB, AVC, Atria, LV, OFT, RV}",000010,{AB},12,3,0,111111,"{AB, AVC, Atria, LV, OFT, RV}",E8.5-2,82.0,Large
All,1,111111,"{AB, AVC, Atria, LV, OFT, RV}",000010,{AB},12,3,0,111111,"{AB, AVC, Atria, LV, OFT, RV}",E8.5-170,142.0,
All,1,111111,"{AB, AVC, Atria, LV, OFT, RV}",000010,{AB},12,3,0,111111,"{AB, AVC, Atria, LV, OFT, RV}",E8.5-218,30.0,Small
All,1,111111,"{AB, AVC, Atria, LV, OFT, RV}",000010,{AB},12,3,0,111111,"{AB, AVC, Atria, LV, OFT, RV}",E8.5-72,34.0,Large
All,1,111111,"{AB, AVC, Atria, LV, OFT, RV}",000010,{AB},12,3,0,111111,"{AB, AVC, Atria, LV, OFT, RV}",E8.5-66,8.0,Small
All,1,111111,"{AB, AVC, Atria, LV, OFT, RV}",000010,{AB},12,3,0,111111,"{AB, AVC, Atria, LV, OFT, RV}",E8.5-135,9.0,Small
All,1,111111,"{AB, AVC, Atria, LV, OFT, RV}",000010,{AB},12,3,0,111111,"{AB, AVC, Atria, LV, OFT, RV}",E8.5-117,19.0,Small
All,1,111111,"{AB, AVC, Atria, LV, OFT, RV}",000010,{AB},12,3,0,111111,"{AB, AVC, Atria, LV, OFT, RV}",E8.5-49,31.0,Large
All,1,111111,"{AB, AVC, Atria, LV, OFT, RV}",000010,{AB},12,3,0,111111,"{AB, AVC, Atria, LV, OFT, RV}",E8.5-194,4.0,Small
All,1,111111,"{AB, AVC, Atria, LV, OFT, RV}",000010,{AB},12,3,0,111111,"{AB, AVC, Atria, LV, OFT, RV}",E8.5-137,4.0,Small
All,1,111111,"{AB, AVC, Atria, LV, OFT, RV}",000010,{AB},12,3,0,111111,"{AB, AVC, Atria, LV, OFT, RV}",E8.5-32,5.0,Small
All,1,111111,"{AB, AVC, Atria, LV, OFT, RV}",000010,{AB},12,3,0,111111,"{AB, AVC, Atria, LV, OFT, RV}",E8.5-79,10.0,Small
All,1,111111,"{AB, AVC, Atria, LV, OFT, RV}",000010,{AB},12,3,0,111111,"{AB, AVC, Atria, LV, OFT, RV}",E8.5-63,4.0,Small
All,1,111111,"{AB, AVC, Atria, LV, OFT, RV}",000010,{AB},12,3,1,001111,"{AB, AVC, Atria, LV}",E8.5-2,82.0,Large
All,1,111111,"{AB, AVC, Atria, LV, OFT, RV}",000010,{AB},12,3,1,001111,"{AB, AVC, Atria, LV}",E8.5-170,142.0,
All,1,111111,"{AB, AVC, Atria, LV, OFT, RV}",000010,{AB},12,3,1,001111,"{AB, AVC, Atria, LV}",E8.5-218,30.0,Small
All,1,111111,"{AB, AVC, Atria, LV, OFT, RV}",000010,{AB},12,3,1,001111,"{AB, AVC, Atria, LV}",E8.5-72,34.0,Large
All,1,111111,"{AB, AVC, Atria, LV, OFT, RV}",000010,{AB},12,3,1,001111,"{AB, AVC, Atria, LV}",E8.5-66,8.0,Small
All,1,111111,"{AB, AVC, Atria, LV, OFT, RV}",000010,{AB},12,3,1,001111,"{AB, AVC, Atria, LV}",E8.5-135,9.0,Small
All,1,111111,"{AB, AVC, Atria, LV, OFT, RV}",000010,{AB},12,3,1,001111,"{AB, AVC, Atria, LV}",E8.5-117,19.0,Small
All,1,111111,"{AB, AVC, Atria, LV, OFT, RV}",000010,{AB},12,3,1,001111,"{AB, AVC, Atria, LV}",E8.5-49,31.0,Large
All,1,111111,"{AB, AVC, Atria, LV, OFT, RV}",000010,{AB},12,3,1,001111,"{AB, AVC, Atria, LV}",E8.5-194,4.0,Small
All,1,111111,"{AB, AVC, Atria, LV, OFT, RV}",000010,{AB},12,3,1,001111,"{AB, AVC, Atria, LV}",E8.5-137,4.0,Small
All,1,111111,"{AB, AVC, Atria, LV, OFT, RV}",000010,{AB},12,3,1,001111,"{AB, AVC, Atria, LV}",E8.5-32,5.0,Small
All,1,111111,"{AB, AVC, Atria, LV, OFT, RV}",000010,{AB},12,3,1,001111,"{AB, AVC, Atria, LV}",E8.5-79,10.0,Small
All,1,111111,"{AB, AVC, Atria, LV, OFT, RV}",000010,{AB},12,3,1,001111,"{AB, AVC, Atria, LV}",E8.5-63,4.0,Small
All,1,111111,"{AB, AVC, Atria, LV, OFT, RV}",000010,{AB},12,3,2,000110,"{AB, AVC}",E8.5-2,82.0,Large
All,1,111111,"{AB, AVC, Atria, LV, OFT, RV}",000010,{AB},12,3,2,000110,"{AB, AVC}",E8.5-170,142.0,
All,1,111111,"{AB, AVC, Atria, LV, OFT, RV}",000010,{AB},12,3,2,000110,"{AB, AVC}",E8.5-218,30.0,Small
All,1,111111,"{AB, AVC, Atria, LV, OFT, RV}",000010,{AB},12,3,2,000110,"{AB, AVC}",E8.5-72,34.0,Large
All,1,111111,"{AB, AVC, Atria, LV, OFT, RV}",000010,{AB},12,3,2,000110,"{AB, AVC}",E8.5-66,8.0,Small
All,1,111111,"{AB, AVC, Atria, LV, OFT, RV}",000010,{AB},12,3,2,000110,"{AB, AVC}",E8.5-135,9.0,Small
All,1,111111,"{AB, AVC, Atria, LV, OFT, RV}",000010,{AB},12,3,2,000110,"{AB, AVC}",E8.5-117,19.0,Small
All,1,111111,"{AB, AVC, Atria, LV, OFT, RV}",000010,{AB},12,3,2,000110,"{AB, AVC}",E8.5-49,31.0,Large
All,1,111111,"{AB, AVC, Atria, LV, OFT, RV}",000010,{AB},12,3,2,000110,"{AB, AVC}",E8.5-194,4.0,Small
All,1,111111,"{AB, AVC, Atria, LV, OFT, RV}",000010,{AB},12,3,2,000110,"{AB, AVC}",E8.5-137,4.0,Small
All,1,111111,"{AB, AVC, Atria, LV, OFT, RV}",000010,{AB},12,3,2,000110,"{AB, AVC}",E8.5-32,5.0,Small
All,1,111111,"{AB, AVC, Atria, LV, OFT, RV}",000010,{AB},12,3,2,000110,"{AB, AVC}",E8.5-79,10.0,Small
All,1,111111,"{AB, AVC, Atria, LV, OFT, RV}",000010,{AB},12,3,2,000110,"{AB, AVC}",E8.5-63,4.0,Small
All,1,111111,"{AB, AVC, Atria, LV, OFT, RV}",000010,{AB},12,3,3,000010,{AB},E8.5-2,82.0,Large
All,1,111111,"{AB, AVC, Atria, LV, OFT, RV}",000010,{AB},12,3,3,000010,{AB},E8.5-170,142.0,
All,1,111111,"{AB, AVC, Atria, LV, OFT, RV}",000010,{AB},12,3,3,000010,{AB},E8.5-218,30.0,Small
All,1,111111,"{AB, AVC, Atria, LV, OFT, RV}",000010,{AB},12,3,3,000010,{AB},E8.5-72,34.0,Large
All,1,111111,"{AB, AVC, Atria, LV, OFT, RV}",000010,{AB},12,3,3,000010,{AB},E8.5-66,8.0,Small
All,1,111111,"{AB, AVC, Atria, LV, OFT, RV}",000010,{AB},12,3,3,000010,{AB},E8.5-135,9.0,Small
All,1,111111,"{AB, AVC, Atria, LV, OFT, RV}",000010,{AB},12,3,3,000010,{AB},E8.5-117,19.0,Small
All,1,111111,"{AB, AVC, Atria, LV, OFT, RV}",000010,{AB},12,3,3,000010,{AB},E8.5-49,31.0,Large
All,1,111111,"{AB, AVC, Atria, LV, OFT, RV}",000010,{AB},12,3,3,000010,{AB},E8.5-194,4.0,Small
All,1,111111,"{AB, AVC, Atria, LV, OFT, RV}",000010,{AB},12,3,3,000010,{AB},E8.5-137,4.0,Small
All,1,111111,"{AB, AVC, Atria, LV, OFT, RV}",000010,{AB},12,3,3,000010,{AB},E8.5-32,5.0,Small
All,1,111111,"{AB, AVC, Atria, LV, OFT, RV}",000010,{AB},12,3,3,000010,{AB},E8.5-79,10.0,Small
All,1,111111,"{AB, AVC, Atria, LV, OFT, RV}",000010,{AB},12,3,3,000010,{AB},E8.5-63,4.0,Small
All,1,111111,"{AB, AVC, Atria, LV, OFT, RV}",000010,{AB},13,3,0,111111,"{AB, AVC, Atria, LV, OFT, RV}",E8.5-2,82.0,Large
All,1,111111,"{AB, AVC, Atria, LV, OFT, RV}",000010,{AB},13,3,0,111111,"{AB, AVC, Atria, LV, OFT, RV}",E8.5-170,142.0,
All,1,111111,"{AB, AVC, Atria, LV, OFT, RV}",000010,{AB},13,3,0,111111,"{AB, AVC, Atria, LV, OFT, RV}",E8.5-218,30.0,Small
All,1,111111,"{AB, AVC, Atria, LV, OFT, RV}",000010,{AB},13,3,0,111111,"{AB, AVC, Atria, LV, OFT, RV}",E8.5-72,34.0,Large
All,1,111111,"{AB, AVC, Atria, LV, OFT, RV}",000010,{AB},13,3,0,111111,"{AB, AVC, Atria, LV, OFT, RV}",E8.5-15,12.0,Small
All,1,111111,"{AB, AVC, Atria, LV, OFT, RV}",000010,{AB},13,3,0,111111,"{AB, AVC, Atria, LV, OFT, RV}",E8.5-144,20.0,Small
All,1,111111,"{AB, AVC, Atria, LV, OFT, RV}",000010,{AB},13,3,0,111111,"{AB, AVC, Atria, LV, OFT, RV}",E8.5-227,30.0,Small
All,1,111111,"{AB, AVC, Atria, LV, OFT, RV}",000010,{AB},13,3,0,111111,"{AB, AVC, Atria, LV, OFT, RV}",E8.5-194,4.0,Small
All,1,111111,"{AB, AVC, Atria, LV, OFT, RV}",000010,{AB},13,3,0,111111,"{AB, AVC, Atria, LV, OFT, RV}",E8.5-137,4.0,Small
All,1,111111,"{AB, AVC, Atria, LV, OFT, RV}",000010,{AB},13,3,0,111111,"{AB, AVC, Atria, LV, OFT, RV}",E8.5-32,5.0,Small
All,1,111111,"{AB, AVC, Atria, LV, OFT, RV}",000010,{AB},13,3,0,111111,"{AB, AVC, Atria, LV, OFT, RV}",E8.5-79,10.0,Small
All,1,111111,"{AB, AVC, Atria, LV, OFT, RV}",000010,{AB},13,3,0,111111,"{AB, AVC, Atria, LV, OFT, RV}",E8.5-63,4.0,Small
All,1,111111,"{AB, AVC, Atria, LV, OFT, RV}",000010,{AB},13,3,1,001111,"{AB, AVC, Atria, LV}",E8.5-2,82.0,Large
All,1,111111,"{AB, AVC, Atria, LV, OFT, RV}",000010,{AB},13,3,1,001111,"{AB, AVC, Atria, LV}",E8.5-170,142.0,
All,1,111111,"{AB, AVC, Atria, LV, OFT, RV}",000010,{AB},13,3,1,001111,"{AB, AVC, Atria, LV}",E8.5-218,30.0,Small
All,1,111111,"{AB, AVC, Atria, LV, OFT, RV}",000010,{AB},13,3,1,001111,"{AB, AVC, Atria, LV}",E8.5-72,34.0,Large
All,1,111111,"{AB, AVC, Atria, LV, OFT, RV}",000010,{AB},13,3,1,001111,"{AB, AVC, Atria, LV}",E8.5-15,12.0,Small
All,1,111111,"{AB, AVC, Atria, LV, OFT, RV}",000010,{AB},13,3,1,001111,"{AB, AVC, Atria, LV}",E8.5-144,20.0,Small
All,1,111111,"{AB, AVC, Atria, LV, OFT, RV}",000010,{AB},13,3,1,001111,"{AB, AVC, Atria, LV}",E8.5-227,30.0,Small
All,1,111111,"{AB, AVC, Atria, LV, OFT, RV}",000010,{AB},13,3,1,001111,"{AB, AVC, Atria, LV}",E8.5-194,4.0,Small
All,1,111111,"{AB, AVC, Atria, LV, OFT, RV}",000010,{AB},13,3,1,001111,"{AB, AVC, Atria, LV}",E8.5-137,4.0,Small
All,1,111111,"{AB, AVC, Atria, LV, OFT, RV}",000010,{AB},13,3,1,001111,"{AB, AVC, Atria, LV}",E8.5-32,5.0,Small
All,1,111111,"{AB, AVC, Atria, LV, OFT, RV}",000010,{AB},13,3,1,001111,"{AB, AVC, Atria, LV}",E8.5-79,10.0,Small
All,1,111111,"{AB, AVC, Atria, LV, OFT, RV}",000010,{AB},13,3,1,001111,"{AB, AVC, Atria, LV}",E8.5-63,4.0,Small
All,1,111111,"{AB, AVC, Atria, LV, OFT, RV}",000010,{AB},13,3,2,000011,"{AB, Atria}",E8.5-2,82.0,Large
All,1,111111,"{AB, AVC, Atria, LV, OFT, RV}",000010,{AB},13,3,2,000011,"{AB, Atria}",E8.5-170,142.0,
All,1,111111,"{AB, AVC, Atria, LV, OFT, RV}",000010,{AB},13,3,2,000011,"{AB, Atria}",E8.5-218,30.0,Small
All,1,111111,"{AB, AVC, Atria, LV, OFT, RV}",000010,{AB},13,3,2,000011,"{AB, Atria}",E8.5-72,34.0,Large
All,1,111111,"{AB, AVC, Atria, LV, OFT, RV}",000010,{AB},13,3,2,000011,"{AB, Atria}",E8.5-15,12.0,Small
All,1,111111,"{AB, AVC, Atria, LV, OFT, RV}",000010,{AB},13,3,2,000011,"{AB, Atria}",E8.5-144,20.0,Small
All,1,111111,"{AB, AVC, Atria, LV, OFT, RV}",000010,{AB},13,3,2,000011,"{AB, Atria}",E8.5-227,30.0,Small
All,1,111111,"{AB, AVC, Atria, LV, OFT, RV}",000010,{AB},13,3,2,000011,"{AB, Atria}",E8.5-194,4.0,Small
All,1,111111,"{AB, AVC, Atria, LV, OFT, RV}",000010,{AB},13,3,2,000011,"{AB, Atria}",E8.5-137,4.0,Small
All,1,111111,"{AB, AVC, Atria, LV, OFT, RV}",000010,{AB},13,3,2,000011,"{AB, Atria}",E8.5-32,5.0,Small
All,1,111111,"{AB, AVC, Atria, LV, OFT, RV}",000010,{AB},13,3,2,000011,"{AB, Atria}",E8.5-79,10.0,Small
All,1,111111,"{AB, AVC, Atria, LV, OFT, RV}",000010,{AB},13,3,2,000011,"{AB, Atria}",E8.5-63,4.0,Small
All,1,111111,"{AB, AVC, Atria, LV, OFT, RV}",000010,{AB},13,3,3,000010,{AB},E8.5-2,82.0,Large
All,1,111111,"{AB, AVC, Atria, LV, OFT, RV}",000010,{AB},13,3,3,000010,{AB},E8.5-170,142.0,
All,1,111111,"{AB, AVC, Atria, LV, OFT, RV}",000010,{AB},13,3,3,000010,{AB},E8.5-218,30.0,Small
All,1,111111,"{AB, AVC, Atria, LV, OFT, RV}",000010,{AB},13,3,3,000010,{AB},E8.5-72,34.0,Large
All,1,111111,"{AB, AVC, Atria, LV, OFT, RV}",000010,{AB},13,3,3,000010,{AB},E8.5-15,12.0,Small
All,1,111111,"{AB, AVC, Atria, LV, OFT, RV}",000010,{AB},13,3,3,000010,{AB},E8.5-144,20.0,Small
All,1,111111,"{AB, AVC, Atria, LV, OFT, RV}",000010,{AB},13,3,3,000010,{AB},E8.5-227,30.0,Small
All,1,111111,"{AB, AVC, Atria, LV, OFT, RV}",000010,{AB},13,3,3,000010,{AB},E8.5-194,4.0,Small
All,1,111111,"{AB, AVC, Atria, LV, OFT, RV}",000010,{AB},13,3,3,000010,{AB},E8.5-137,4.0,Small
All,1,111111,"{AB, AVC, Atria, LV, OFT, RV}",000010,{AB},13,3,3,000010,{AB},E8.5-32,5.0,Small
All,1,111111,"{AB, AVC, Atria, LV, OFT, RV}",000010,{AB},13,3,3,000010,{AB},E8.5-79,10.0,Small
All,1,111111,"{AB, AVC, Atria, LV, OFT, RV}",000010,{AB},13,3,3,000010,{AB},E8.5-63,4.0,Small
All,1,111111,"{AB, AVC, Atria, LV, OFT, RV}",000010,{AB},14,4,0,111111,"{AB, AVC, Atria, LV, OFT, RV}",E8.5-2,82.0,Large
All,1,111111,"{AB, AVC, Atria, LV, OFT, RV}",000010,{AB},14,4,0,111111,"{AB, AVC, Atria, LV, OFT, RV}",E8.5-170,142.0,
All,1,111111,"{AB, AVC, Atria, LV, OFT, RV}",000010,{AB},14,4,0,111111,"{AB, AVC, Atria, LV, OFT, RV}",E8.5-204,40.0,Large
All,1,111111,"{AB, AVC, Atria, LV, OFT, RV}",000010,{AB},14,4,0,111111,"{AB, AVC, Atria, LV, OFT, RV}",E8.5-60,23.0,Small
All,1,111111,"{AB, AVC, Atria, LV, OFT, RV}",000010,{AB},14,4,0,111111,"{AB, AVC, Atria, LV, OFT, RV}",E8.5-15,12.0,Small
All,1,111111,"{AB, AVC, Atria, LV, OFT, RV}",000010,{AB},14,4,0,111111,"{AB, AVC, Atria, LV, OFT, RV}",E8.5-144,20.0,Small
All,1,111111,"{AB, AVC, Atria, LV, OFT, RV}",000010,{AB},14,4,0,111111,"{AB, AVC, Atria, LV, OFT, RV}",E8.5-227,30.0,Small
All,1,111111,"{AB, AVC, Atria, LV, OFT, RV}",000010,{AB},14,4,0,111111,"{AB, AVC, Atria, LV, OFT, RV}",E8.5-194,4.0,Small
All,1,111111,"{AB, AVC, Atria, LV, OFT, RV}",000010,{AB},14,4,0,111111,"{AB, AVC, Atria, LV, OFT, RV}",E8.5-137,4.0,Small
All,1,111111,"{AB, AVC, Atria, LV, OFT, RV}",000010,{AB},14,4,0,111111,"{AB, AVC, Atria, LV, OFT, RV}",E8.5-32,5.0,Small
All,1,111111,"{AB, AVC, Atria, LV, OFT, RV}",000010,{AB},14,4,0,111111,"{AB, AVC, Atria, LV, OFT, RV}",E8.5-79,10.0,Small
All,1,111111,"{AB, AVC, Atria, LV, OFT, RV}",000010,{AB},14,4,0,111111,"{AB, AVC, Atria, LV, OFT, RV}",E8.5-63,4.0,Small
All,1,111111,"{AB, AVC, Atria, LV, OFT, RV}",000010,{AB},14,4,1,110011,"{AB, Atria, OFT, RV}",E8.5-2,82.0,Large
All,1,111111,"{AB, AVC, Atria, LV, OFT, RV}",000010,{AB},14,4,1,110011,"{AB, Atria, OFT, RV}",E8.5-170,142.0,
All,1,111111,"{AB, AVC, Atria, LV, OFT, RV}",000010,{AB},14,4,1,110011,"{AB, Atria, OFT, RV}",E8.5-204,40.0,Large
All,1,111111,"{AB, AVC, Atria, LV, OFT, RV}",000010,{AB},14,4,1,110011,"{AB, Atria, OFT, RV}",E8.5-60,23.0,Small
All,1,111111,"{AB, AVC, Atria, LV, OFT, RV}",000010,{AB},14,4,1,110011,"{AB, Atria, OFT, RV}",E8.5-15,12.0,Small
All,1,111111,"{AB, AVC, Atria, LV, OFT, RV}",000010,{AB},14,4,1,110011,"{AB, Atria, OFT, RV}",E8.5-144,20.0,Small
All,1,111111,"{AB, AVC, Atria, LV, OFT, RV}",000010,{AB},14,4,1,110011,"{AB, Atria, OFT, RV}",E8.5-227,30.0,Small
All,1,111111,"{AB, AVC, Atria, LV, OFT, RV}",000010,{AB},14,4,1,110011,"{AB, Atria, OFT, RV}",E8.5-194,4.0,Small
All,1,111111,"{AB, AVC, Atria, LV, OFT, RV}",000010,{AB},14,4,1,110011,"{AB, Atria, OFT, RV}",E8.5-137,4.0,Small
All,1,111111,"{AB, AVC, Atria, LV, OFT, RV}",000010,{AB},14,4,1,110011,"{AB, Atria, OFT, RV}",E8.5-32,5.0,Small
All,1,111111,"{AB, AVC, Atria, LV, OFT, RV}",000010,{AB},14,4,1,110011,"{AB, Atria, OFT, RV}",E8.5-79,10.0,Small
All,1,111111,"{AB, AVC, Atria, LV, OFT, RV}",000010,{AB},14,4,1,110011,"{AB, Atria, OFT, RV}",E8.5-63,4.0,Small
All,1,111111,"{AB, AVC, Atria, LV, OFT, RV}",000010,{AB},14,4,2,100011,"{AB, Atria, OFT}",E8.5-2,82.0,Large
All,1,111111,"{AB, AVC, Atria, LV, OFT, RV}",000010,{AB},14,4,2,100011,"{AB, Atria, OFT}",E8.5-170,142.0,
All,1,111111,"{AB, AVC, Atria, LV, OFT, RV}",000010,{AB},14,4,2,100011,"{AB, Atria, OFT}",E8.5-204,40.0,Large
All,1,111111,"{AB, AVC, Atria, LV, OFT, RV}",000010,{AB},14,4,2,100011,"{AB, Atria, OFT}",E8.5-60,23.0,Small
All,1,111111,"{AB, AVC, Atria, LV, OFT, RV}",000010,{AB},14,4,2,100011,"{AB, Atria, OFT}",E8.5-15,12.0,Small
All,1,111111,"{AB, AVC, Atria, LV, OFT, RV}",000010,{AB},14,4,2,100011,"{AB, Atria, OFT}",E8.5-144,20.0,Small
All,1,111111,"{AB, AVC, Atria, LV, OFT, RV}",000010,{AB},14,4,2,100011,"{AB, Atria, OFT}",E8.5-227,30.0,Small
All,1,111111,"{AB, AVC, Atria, LV, OFT, RV}",000010,{AB},14,4,2,100011,"{AB, Atria, OFT}",E8.5-194,4.0,Small
All,1,111111,"{AB, AVC, Atria, LV, OFT, RV}",000010,{AB},14,4,2,100011,"{AB, Atria, OFT}",E8.5-137,4.0,Small
All,1,111111,"{AB, AVC, Atria, LV, OFT, RV}",000010,{AB},14,4,2,100011,"{AB, Atria, OFT}",E8.5-32,5.0,Small
All,1,111111,"{AB, AVC, Atria, LV, OFT, RV}",000010,{AB},14,4,2,100011,"{AB, Atria, OFT}",E8.5-79,10.0,Small
All,1,111111,"{AB, AVC, Atria, LV, OFT, RV}",000010,{AB},14,4,2,100011,"{AB, Atria, OFT}",E8.5-63,4.0,Small
All,1,111111,"{AB, AVC, Atria, LV, OFT, RV}",000010,{AB},14,4,3,000011,"{AB, Atria}",E8.5-2,82.0,Large
All,1,111111,"{AB, AVC, Atria, LV, OFT, RV}",000010,{AB},14,4,3,000011,"{AB, Atria}",E8.5-170,142.0,
All,1,111111,"{AB, AVC, Atria, LV, OFT, RV}",000010,{AB},14,4,3,000011,"{AB, Atria}",E8.5-204,40.0,Large
All,1,111111,"{AB, AVC, Atria, LV, OFT, RV}",000010,{AB},14,4,3,000011,"{AB, Atria}",E8.5-60,23.0,Small
All,1,111111,"{AB, AVC, Atria, LV, OFT, RV}",000010,{AB},14,4,3,000011,"{AB, Atria}",E8.5-15,12.0,Small
All,1,111111,"{AB, AVC, Atria, LV, OFT, RV}",000010,{AB},14,4,3,000011,"{AB, Atria}",E8.5-144,20.0,Small
All,1,111111,"{AB, AVC, Atria, LV, OFT, RV}",000010,{AB},14,4,3,000011,"{AB, Atria}",E8.5-227,30.0,Small
All,1,111111,"{AB, AVC, Atria, LV, OFT, RV}",000010,{AB},14,4,3,000011,"{AB, Atria}",E8.5-194,4.0,Small
All,1,111111,"{AB, AVC, Atria, LV, OFT, RV}",000010,{AB},14,4,3,000011,"{AB, Atria}",E8.5-137,4.0,Small
All,1,111111,"{AB, AVC, Atria, LV, OFT, RV}",000010,{AB},14,4,3,000011,"{AB, Atria}",E8.5-32,5.0,Small
All,1,111111,"{AB, AVC, Atria, LV, OFT, RV}",000010,{AB},14,4,3,000011,"{AB, Atria}",E8.5-79,10.0,Small
All,1,111111,"{AB, AVC, Atria, LV, OFT, RV}",000010,{AB},14,4,3,000011,"{AB, Atria}",E8.5-63,4.0,Small
All,1,111111,"{AB, AVC, Atria, LV, OFT, RV}",000010,{AB},14,4,4,000010,{AB},E8.5-2,82.0,Large
All,1,111111,"{AB, AVC, Atria, LV, OFT, RV}",000010,{AB},14,4,4,000010,{AB},E8.5-170,142.0,
All,1,111111,"{AB, AVC, Atria, LV, OFT, RV}",000010,{AB},14,4,4,000010,{AB},E8.5-204,40.0,Large
All,1,111111,"{AB, AVC, Atria, LV, OFT, RV}",000010,{AB},14,4,4,000010,{AB},E8.5-60,23.0,Small
All,1,111111,"{AB, AVC, Atria, LV, OFT, RV}",000010,{AB},14,4,4,000010,{AB},E8.5-15,12.0,Small
All,1,111111,"{AB, AVC, Atria, LV, OFT, RV}",000010,{AB},14,4,4,000010,{AB},E8.5-144,20.0,Small
All,1,111111,"{AB, AVC, Atria, LV, OFT, RV}",000010,{AB},14,4,4,000010,{AB},E8.5-227,30.0,Small
All,1,111111,"{AB, AVC, Atria, LV, OFT, RV}",000010,{AB},14,4,4,000010,{AB},E8.5-194,4.0,Small
All,1,111111,"{AB, AVC, Atria, LV, OFT, RV}",000010,{AB},14,4,4,000010,{AB},E8.5-137,4.0,Small
All,1,111111,"{AB, AVC, Atria, LV, OFT, RV}",000010,{AB},14,4,4,000010,{AB},E8.5-32,5.0,Small
All,1,111111,"{AB, AVC, Atria, LV, OFT, RV}",000010,{AB},14,4,4,000010,{AB},E8.5-79,10.0,Small
All,1,111111,"{AB, AVC, Atria, LV, OFT, RV}",000010,{AB},14,4,4,000010,{AB},E8.5-63,4.0,Small
All,1,111111,"{AB, AVC, Atria, LV, OFT, RV}",000010,{AB},15,3,0,111111,"{AB, AVC, Atria, LV, OFT, RV}",E8.5-2,82.0,Large
All,1,111111,"{AB, AVC, Atria, LV, OFT, RV}",000010,{AB},15,3,0,111111,"{AB, AVC, Atria, LV, OFT, RV}",E8.5-170,142.0,
All,1,111111,"{AB, AVC, Atria, LV, OFT, RV}",000010,{AB},15,3,0,111111,"{AB, AVC, Atria, LV, OFT, RV}",E8.5-204,40.0,Large
All,1,111111,"{AB, AVC, Atria, LV, OFT, RV}",000010,{AB},15,3,0,111111,"{AB, AVC, Atria, LV, OFT, RV}",E8.5-60,23.0,Small
All,1,111111,"{AB, AVC, Atria, LV, OFT, RV}",000010,{AB},15,3,0,111111,"{AB, AVC, Atria, LV, OFT, RV}",E8.5-194,4.0,Small
All,1,111111,"{AB, AVC, Atria, LV, OFT, RV}",000010,{AB},15,3,0,111111,"{AB, AVC, Atria, LV, OFT, RV}",E8.5-137,4.0,Small
All,1,111111,"{AB, AVC, Atria, LV, OFT, RV}",000010,{AB},15,3,0,111111,"{AB, AVC, Atria, LV, OFT, RV}",E8.5-32,5.0,Small
All,1,111111,"{AB, AVC, Atria, LV, OFT, RV}",000010,{AB},15,3,0,111111,"{AB, AVC, Atria, LV, OFT, RV}",E8.5-79,10.0,Small
All,1,111111,"{AB, AVC, Atria, LV, OFT, RV}",000010,{AB},15,3,0,111111,"{AB, AVC, Atria, LV, OFT, RV}",E8.5-63,4.0,Small
All,1,111111,"{AB, AVC, Atria, LV, OFT, RV}",000010,{AB},15,3,1,110011,"{AB, Atria, OFT, RV}",E8.5-2,82.0,Large
All,1,111111,"{AB, AVC, Atria, LV, OFT, RV}",000010,{AB},15,3,1,110011,"{AB, Atria, OFT, RV}",E8.5-170,142.0,
All,1,111111,"{AB, AVC, Atria, LV, OFT, RV}",000010,{AB},15,3,1,110011,"{AB, Atria, OFT, RV}",E8.5-204,40.0,Large
All,1,111111,"{AB, AVC, Atria, LV, OFT, RV}",000010,{AB},15,3,1,110011,"{AB, Atria, OFT, RV}",E8.5-60,23.0,Small
All,1,111111,"{AB, AVC, Atria, LV, OFT, RV}",000010,{AB},15,3,1,110011,"{AB, Atria, OFT, RV}",E8.5-194,4.0,Small
All,1,111111,"{AB, AVC, Atria, LV, OFT, RV}",000010,{AB},15,3,1,110011,"{AB, Atria, OFT, RV}",E8.5-137,4.0,Small
All,1,111111,"{AB, AVC, Atria, LV, OFT, RV}",000010,{AB},15,3,1,110011,"{AB, Atria, OFT, RV}",E8.5-32,5.0,Small
All,1,111111,"{AB, AVC, Atria, LV, OFT, RV}",000010,{AB},15,3,1,110011,"{AB, Atria, OFT, RV}",E8.5-79,10.0,Small
All,1,111111,"{AB, AVC, Atria, LV, OFT, RV}",000010,{AB},15,3,1,110011,"{AB, Atria, OFT, RV}",E8.5-63,4.0,Small
All,1,111111,"{AB, AVC, Atria, LV, OFT, RV}",000010,{AB},15,3,2,100011,"{AB, Atria, OFT}",E8.5-2,82.0,Large
All,1,111111,"{AB, AVC, Atria, LV, OFT, RV}",000010,{AB},15,3,2,100011,"{AB, Atria, OFT}",E8.5-170,142.0,
All,1,111111,"{AB, AVC, Atria, LV, OFT, RV}",000010,{AB},15,3,2,100011,"{AB, Atria, OFT}",E8.5-204,40.0,Large
All,1,111111,"{AB, AVC, Atria, LV, OFT, RV}",000010,{AB},15,3,2,100011,"{AB, Atria, OFT}",E8.5-60,23.0,Small
All,1,111111,"{AB, AVC, Atria, LV, OFT, RV}",000010,{AB},15,3,2,100011,"{AB, Atria, OFT}",E8.5-194,4.0,Small
All,1,111111,"{AB, AVC, Atria, LV, OFT, RV}",000010,{AB},15,3,2,100011,"{AB, Atria, OFT}",E8.5-137,4.0,Small
All,1,111111,"{AB, AVC, Atria, LV, OFT, RV}",000010,{AB},15,3,2,100011,"{AB, Atria, OFT}",E8.5-32,5.0,Small
All,1,111111,"{AB, AVC, Atria, LV, OFT, RV}",000010,{AB},15,3,2,100011,"{AB, Atria, OFT}",E8.5-79,10.0,Small
All,1,111111,"{AB, AVC, Atria, LV, OFT, RV}",000010,{AB},15,3,2,100011,"{AB, Atria, OFT}",E8.5-63,4.0,Small
All,1,111111,"{AB, AVC, Atria, LV, OFT, RV}",000010,{AB},15,3,3,000010,{AB},E8.5-2,82.0,Large
All,1,111111,"{AB, AVC, Atria, LV, OFT, RV}",000010,{AB},15,3,3,000010,{AB},E8.5-170,142.0,
All,1,111111,"{AB, AVC, Atria, LV, OFT, RV}",000010,{AB},15,3,3,000010,{AB},E8.5-204,40.0,Large
All,1,111111,"{AB, AVC, Atria, LV, OFT, RV}",000010,{AB},15,3,3,000010,{AB},E8.5-60,23.0,Small
All,1,111111,"{AB, AVC, Atria, LV, OFT, RV}",000010,{AB},15,3,3,000010,{AB},E8.5-194,4.0,Small
All,1,111111,"{AB, AVC, Atria, LV, OFT, RV}",000010,{AB},15,3,3,000010,{AB},E8.5-137,4.0,Small
All,1,111111,"{AB, AVC, Atria, LV, OFT, RV}",000010,{AB},15,3,3,000010,{AB},E8.5-32,5.0,Small
All,1,111111,"{AB, AVC, Atria, LV, OFT, RV}",000010,{AB},15,3,3,000010,{AB},E8.5-79,10.0,Small
All,1,111111,"{AB, AVC, Atria, LV, OFT, RV}",000010,{AB},15,3,3,000010,{AB},E8.5-63,4.0,Small
All,1,111111,"{AB, AVC, Atria, LV, OFT, RV}",000010,{AB},16,3,0,111111,"{AB, AVC, Atria, LV, OFT, RV}",E8.5-2,82.0,Large
All,1,111111,"{AB, AVC, Atria, LV, OFT, RV}",000010,{AB},16,3,0,111111,"{AB, AVC, Atria, LV, OFT, RV}",E8.5-170,142.0,
All,1,111111,"{AB, AVC, Atria, LV, OFT, RV}",000010,{AB},16,3,0,111111,"{AB, AVC, Atria, LV, OFT, RV}",E8.5-204,40.0,Large
All,1,111111,"{AB, AVC, Atria, LV, OFT, RV}",000010,{AB},16,3,0,111111,"{AB, AVC, Atria, LV, OFT, RV}",E8.5-15,12.0,Small
All,1,111111,"{AB, AVC, Atria, LV, OFT, RV}",000010,{AB},16,3,0,111111,"{AB, AVC, Atria, LV, OFT, RV}",E8.5-144,20.0,Small
All,1,111111,"{AB, AVC, Atria, LV, OFT, RV}",000010,{AB},16,3,0,111111,"{AB, AVC, Atria, LV, OFT, RV}",E8.5-227,30.0,Small
All,1,111111,"{AB, AVC, Atria, LV, OFT, RV}",000010,{AB},16,3,0,111111,"{AB, AVC, Atria, LV, OFT, RV}",E8.5-194,4.0,Small
All,1,111111,"{AB, AVC, Atria, LV, OFT, RV}",000010,{AB},16,3,0,111111,"{AB, AVC, Atria, LV, OFT, RV}",E8.5-137,4.0,Small
All,1,111111,"{AB, AVC, Atria, LV, OFT, RV}",000010,{AB},16,3,0,111111,"{AB, AVC, Atria, LV, OFT, RV}",E8.5-32,5.0,Small
All,1,111111,"{AB, AVC, Atria, LV, OFT, RV}",000010,{AB},16,3,0,111111,"{AB, AVC, Atria, LV, OFT, RV}",E8.5-79,10.0,Small
All,1,111111,"{AB, AVC, Atria, LV, OFT, RV}",000010,{AB},16,3,0,111111,"{AB, AVC, Atria, LV, OFT, RV}",E8.5-63,4.0,Small
All,1,111111,"{AB, AVC, Atria, LV, OFT, RV}",000010,{AB},16,3,1,110011,"{AB, Atria, OFT, RV}",E8.5-2,82.0,Large
All,1,111111,"{AB, AVC, Atria, LV, OFT, RV}",000010,{AB},16,3,1,110011,"{AB, Atria, OFT, RV}",E8.5-170,142.0,
All,1,111111,"{AB, AVC, Atria, LV, OFT, RV}",000010,{AB},16,3,1,110011,"{AB, Atria, OFT, RV}",E8.5-204,40.0,Large
All,1,111111,"{AB, AVC, Atria, LV, OFT, RV}",000010,{AB},16,3,1,110011,"{AB, Atria, OFT, RV}",E8.5-15,12.0,Small
All,1,111111,"{AB, AVC, Atria, LV, OFT, RV}",000010,{AB},16,3,1,110011,"{AB, Atria, OFT, RV}",E8.5-144,20.0,Small
All,1,111111,"{AB, AVC, Atria, LV, OFT, RV}",000010,{AB},16,3,1,110011,"{AB, Atria, OFT, RV}",E8.5-227,30.0,Small
All,1,111111,"{AB, AVC, Atria, LV, OFT, RV}",000010,{AB},16,3,1,110011,"{AB, Atria, OFT, RV}",E8.5-194,4.0,Small
All,1,111111,"{AB, AVC, Atria, LV, OFT, RV}",000010,{AB},16,3,1,110011,"{AB, Atria, OFT, RV}",E8.5-137,4.0,Small
All,1,111111,"{AB, AVC, Atria, LV, OFT, RV}",000010,{AB},16,3,1,110011,"{AB, Atria, OFT, RV}",E8.5-32,5.0,Small
All,1,111111,"{AB, AVC, Atria, LV, OFT, RV}",000010,{AB},16,3,1,110011,"{AB, Atria, OFT, RV}",E8.5-79,10.0,Small
All,1,111111,"{AB, AVC, Atria, LV, OFT, RV}",000010,{AB},16,3,1,110011,"{AB, Atria, OFT, RV}",E8.5-63,4.0,Small
All,1,111111,"{AB, AVC, Atria, LV, OFT, RV}",000010,{AB},16,3,2,000011,"{AB, Atria}",E8.5-2,82.0,Large
All,1,111111,"{AB, AVC, Atria, LV, OFT, RV}",000010,{AB},16,3,2,000011,"{AB, Atria}",E8.5-170,142.0,
All,1,111111,"{AB, AVC, Atria, LV, OFT, RV}",000010,{AB},16,3,2,000011,"{AB, Atria}",E8.5-204,40.0,Large
All,1,111111,"{AB, AVC, Atria, LV, OFT, RV}",000010,{AB},16,3,2,000011,"{AB, Atria}",E8.5-15,12.0,Small
All,1,111111,"{AB, AVC, Atria, LV, OFT, RV}",000010,{AB},16,3,2,000011,"{AB, Atria}",E8.5-144,20.0,Small
All,1,111111,"{AB, AVC, Atria, LV, OFT, RV}",000010,{AB},16,3,2,000011,"{AB, Atria}",E8.5-227,30.0,Small
All,1,111111,"{AB, AVC, Atria, LV, OFT, RV}",000010,{AB},16,3,2,000011,"{AB, Atria}",E8.5-194,4.0,Small
All,1,111111,"{AB, AVC, Atria, LV, OFT, RV}",000010,{AB},16,3,2,000011,"{AB, Atria}",E8.5-137,4.0,Small
All,1,111111,"{AB, AVC, Atria, LV, OFT, RV}",000010,{AB},16,3,2,000011,"{AB, Atria}",E8.5-32,5.0,Small
All,1,111111,"{AB, AVC, Atria, LV, OFT, RV}",000010,{AB},16,3,2,000011,"{AB, Atria}",E8.5-79,10.0,Small
All,1,111111,"{AB, AVC, Atria, LV, OFT, RV}",000010,{AB},16,3,2,000011,"{AB, Atria}",E8.5-63,4.0,Small
All,1,111111,"{AB, AVC, Atria, LV, OFT, RV}",000010,{AB},16,3,3,000010,{AB},E8.5-2,82.0,Large
All,1,111111,"{AB, AVC, Atria, LV, OFT, RV}",000010,{AB},16,3,3,000010,{AB},E8.5-170,142.0,
All,1,111111,"{AB, AVC, Atria, LV, OFT, RV}",000010,{AB},16,3,3,000010,{AB},E8.5-204,40.0,Large
All,1,111111,"{AB, AVC, Atria, LV, OFT, RV}",000010,{AB},16,3,3,000010,{AB},E8.5-15,12.0,Small
All,1,111111,"{AB, AVC, Atria, LV, OFT, RV}",000010,{AB},16,3,3,000010,{AB},E8.5-144,20.0,Small
All,1,111111,"{AB, AVC, Atria, LV, OFT, RV}",000010,{AB},16,3,3,000010,{AB},E8.5-227,30.0,Small
All,1,111111,"{AB, AVC, Atria, LV, OFT, RV}",000010,{AB},16,3,3,000010,{AB},E8.5-194,4.0,Small
All,1,111111,"{AB, AVC, Atria, LV, OFT, RV}",000010,{AB},16,3,3,000010,{AB},E8.5-137,4.0,Small
All,1,111111,"{AB, AVC, Atria, LV, OFT, RV}",000010,{AB},16,3,3,000010,{AB},E8.5-32,5.0,Small
All,1,111111,"{AB, AVC, Atria, LV, OFT, RV}",000010,{AB},16,3,3,000010,{AB},E8.5-79,10.0,Small
All,1,111111,"{AB, AVC, Atria, LV, OFT, RV}",000010,{AB},16,3,3,000010,{AB},E8.5-63,4.0,Small
All,1,111111,"{AB, AVC, Atria, LV, OFT, RV}",000100,{AVC},1,5,0,111111,"{AB, AVC, Atria, LV, OFT, RV}",E8.5-2,82.0,Large
All,1,111111,"{AB, AVC, Atria, LV, OFT, RV}",000100,{AVC},1,5,0,111111,"{AB, AVC, Atria, LV, OFT, RV}",E8.5-170,142.0,
All,1,111111,"{AB, AVC, Atria, LV, OFT, RV}",000100,{AVC},1,5,0,111111,"{AB, AVC, Atria, LV, OFT, RV}",E8.5-156,48.0,Large
All,1,111111,"{AB, AVC, Atria, LV, OFT, RV}",000100,{AVC},1,5,0,111111,"{AB, AVC, Atria, LV, OFT, RV}",E8.5-237,85.0,Large
All,1,111111,"{AB, AVC, Atria, LV, OFT, RV}",000100,{AVC},1,5,0,111111,"{AB, AVC, Atria, LV, OFT, RV}",E8.5-25,91.0,Large
All,1,111111,"{AB, AVC, Atria, LV, OFT, RV}",000100,{AVC},1,5,0,111111,"{AB, AVC, Atria, LV, OFT, RV}",E8.5-218,30.0,Small
All,1,111111,"{AB, AVC, Atria, LV, OFT, RV}",000100,{AVC},1,5,0,111111,"{AB, AVC, Atria, LV, OFT, RV}",E8.5-72,34.0,Large
All,1,111111,"{AB, AVC, Atria, LV, OFT, RV}",000100,{AVC},1,5,0,111111,"{AB, AVC, Atria, LV, OFT, RV}",E8.5-68,11.0,Small
All,1,111111,"{AB, AVC, Atria, LV, OFT, RV}",000100,{AVC},1,5,0,111111,"{AB, AVC, Atria, LV, OFT, RV}",E8.5-75,38.0,Large
All,1,111111,"{AB, AVC, Atria, LV, OFT, RV}",000100,{AVC},1,5,0,111111,"{AB, AVC, Atria, LV, OFT, RV}",E8.5-66,8.0,Small
All,1,111111,"{AB, AVC, Atria, LV, OFT, RV}",000100,{AVC},1,5,0,111111,"{AB, AVC, Atria, LV, OFT, RV}",E8.5-135,9.0,Small
All,1,111111,"{AB, AVC, Atria, LV, OFT, RV}",000100,{AVC},1,5,0,111111,"{AB, AVC, Atria, LV, OFT, RV}",E8.5-117,19.0,Small
All,1,111111,"{AB, AVC, Atria, LV, OFT, RV}",000100,{AVC},1,5,0,111111,"{AB, AVC, Atria, LV, OFT, RV}",E8.5-49,31.0,Large
All,1,111111,"{AB, AVC, Atria, LV, OFT, RV}",000100,{AVC},1,5,0,111111,"{AB, AVC, Atria, LV, OFT, RV}",E8.5-106,4.0,Small
All,1,111111,"{AB, AVC, Atria, LV, OFT, RV}",000100,{AVC},1,5,0,111111,"{AB, AVC, Atria, LV, OFT, RV}",E8.5-29,8.0,Small
All,1,111111,"{AB, AVC, Atria, LV, OFT, RV}",000100,{AVC},1,5,1,011111,"{AB, AVC, Atria, LV, RV}",E8.5-2,82.0,Large
All,1,111111,"{AB, AVC, Atria, LV, OFT, RV}",000100,{AVC},1,5,1,011111,"{AB, AVC, Atria, LV, RV}",E8.5-170,142.0,
All,1,111111,"{AB, AVC, Atria, LV, OFT, RV}",000100,{AVC},1,5,1,011111,"{AB, AVC, Atria, LV, RV}",E8.5-156,48.0,Large
All,1,111111,"{AB, AVC, Atria, LV, OFT, RV}",000100,{AVC},1,5,1,011111,"{AB, AVC, Atria, LV, RV}",E8.5-237,85.0,Large
All,1,111111,"{AB, AVC, Atria, LV, OFT, RV}",000100,{AVC},1,5,1,011111,"{AB, AVC, Atria, LV, RV}",E8.5-25,91.0,Large
All,1,111111,"{AB, AVC, Atria, LV, OFT, RV}",000100,{AVC},1,5,1,011111,"{AB, AVC, Atria, LV, RV}",E8.5-218,30.0,Small
All,1,111111,"{AB, AVC, Atria, LV, OFT, RV}",000100,{AVC},1,5,1,011111,"{AB, AVC, Atria, LV, RV}",E8.5-72,34.0,Large
All,1,111111,"{AB, AVC, Atria, LV, OFT, RV}",000100,{AVC},1,5,1,011111,"{AB, AVC, Atria, LV, RV}",E8.5-68,11.0,Small
All,1,111111,"{AB, AVC, Atria, LV, OFT, RV}",000100,{AVC},1,5,1,011111,"{AB, AVC, Atria, LV, RV}",E8.5-75,38.0,Large
All,1,111111,"{AB, AVC, Atria, LV, OFT, RV}",000100,{AVC},1,5,1,011111,"{AB, AVC, Atria, LV, RV}",E8.5-66,8.0,Small
All,1,111111,"{AB, AVC, Atria, LV, OFT, RV}",000100,{AVC},1,5,1,011111,"{AB, AVC, Atria, LV, RV}",E8.5-135,9.0,Small
All,1,111111,"{AB, AVC, Atria, LV, OFT, RV}",000100,{AVC},1,5,1,011111,"{AB, AVC, Atria, LV, RV}",E8.5-117,19.0,Small
All,1,111111,"{AB, AVC, Atria, LV, OFT, RV}",000100,{AVC},1,5,1,011111,"{AB, AVC, Atria, LV, RV}",E8.5-49,31.0,Large
All,1,111111,"{AB, AVC, Atria, LV, OFT, RV}",000100,{AVC},1,5,1,011111,"{AB, AVC, Atria, LV, RV}",E8.5-106,4.0,Small
All,1,111111,"{AB, AVC, Atria, LV, OFT, RV}",000100,{AVC},1,5,1,011111,"{AB, AVC, Atria, LV, RV}",E8.5-29,8.0,Small
All,1,111111,"{AB, AVC, Atria, LV, OFT, RV}",000100,{AVC},1,5,2,001111,"{AB, AVC, Atria, LV}",E8.5-2,82.0,Large
All,1,111111,"{AB, AVC, Atria, LV, OFT, RV}",000100,{AVC},1,5,2,001111,"{AB, AVC, Atria, LV}",E8.5-170,142.0,
All,1,111111,"{AB, AVC, Atria, LV, OFT, RV}",000100,{AVC},1,5,2,001111,"{AB, AVC, Atria, LV}",E8.5-156,48.0,Large
All,1,111111,"{AB, AVC, Atria, LV, OFT, RV}",000100,{AVC},1,5,2,001111,"{AB, AVC, Atria, LV}",E8.5-237,85.0,Large
All,1,111111,"{AB, AVC, Atria, LV, OFT, RV}",000100,{AVC},1,5,2,001111,"{AB, AVC, Atria, LV}",E8.5-25,91.0,Large
All,1,111111,"{AB, AVC, Atria, LV, OFT, RV}",000100,{AVC},1,5,2,001111,"{AB, AVC, Atria, LV}",E8.5-218,30.0,Small
All,1,111111,"{AB, AVC, Atria, LV, OFT, RV}",000100,{AVC},1,5,2,001111,"{AB, AVC, Atria, LV}",E8.5-72,34.0,Large
All,1,111111,"{AB, AVC, Atria, LV, OFT, RV}",000100,{AVC},1,5,2,001111,"{AB, AVC, Atria, LV}",E8.5-68,11.0,Small
All,1,111111,"{AB, AVC, Atria, LV, OFT, RV}",000100,{AVC},1,5,2,001111,"{AB, AVC, Atria, LV}",E8.5-75,38.0,Large
All,1,111111,"{AB, AVC, Atria, LV, OFT, RV}",000100,{AVC},1,5,2,001111,"{AB, AVC, Atria, LV}",E8.5-66,8.0,Small
All,1,111111,"{AB, AVC, Atria, LV, OFT, RV}",000100,{AVC},1,5,2,001111,"{AB, AVC, Atria, LV}",E8.5-135,9.0,Small
All,1,111111,"{AB, AVC, Atria, LV, OFT, RV}",000100,{AVC},1,5,2,001111,"{AB, AVC, Atria, LV}",E8.5-117,19.0,Small
All,1,111111,"{AB, AVC, Atria, LV, OFT, RV}",000100,{AVC},1,5,2,001111,"{AB, AVC, Atria, LV}",E8.5-49,31.0,Large
All,1,111111,"{AB, AVC, Atria, LV, OFT, RV}",000100,{AVC},1,5,2,001111,"{AB, AVC, Atria, LV}",E8.5-106,4.0,Small
All,1,111111,"{AB, AVC, Atria, LV, OFT, RV}",000100,{AVC},1,5,2,001111,"{AB, AVC, Atria, LV}",E8.5-29,8.0,Small
All,1,111111,"{AB, AVC, Atria, LV, OFT, RV}",000100,{AVC},1,5,3,000111,"{AB, AVC, Atria}",E8.5-2,82.0,Large
All,1,111111,"{AB, AVC, Atria, LV, OFT, RV}",000100,{AVC},1,5,3,000111,"{AB, AVC, Atria}",E8.5-170,142.0,
All,1,111111,"{AB, AVC, Atria, LV, OFT, RV}",000100,{AVC},1,5,3,000111,"{AB, AVC, Atria}",E8.5-156,48.0,Large
All,1,111111,"{AB, AVC, Atria, LV, OFT, RV}",000100,{AVC},1,5,3,000111,"{AB, AVC, Atria}",E8.5-237,85.0,Large
All,1,111111,"{AB, AVC, Atria, LV, OFT, RV}",000100,{AVC},1,5,3,000111,"{AB, AVC, Atria}",E8.5-25,91.0,Large
All,1,111111,"{AB, AVC, Atria, LV, OFT, RV}",000100,{AVC},1,5,3,000111,"{AB, AVC, Atria}",E8.5-218,30.0,Small
All,1,111111,"{AB, AVC, Atria, LV, OFT, RV}",000100,{AVC},1,5,3,000111,"{AB, AVC, Atria}",E8.5-72,34.0,Large
All,1,111111,"{AB, AVC, Atria, LV, OFT, RV}",000100,{AVC},1,5,3,000111,"{AB, AVC, Atria}",E8.5-68,11.0,Small
All,1,111111,"{AB, AVC, Atria, LV, OFT, RV}",000100,{AVC},1,5,3,000111,"{AB, AVC, Atria}",E8.5-75,38.0,Large
All,1,111111,"{AB, AVC, Atria, LV, OFT, RV}",000100,{AVC},1,5,3,000111,"{AB, AVC, Atria}",E8.5-66,8.0,Small
All,1,111111,"{AB, AVC, Atria, LV, OFT, RV}",000100,{AVC},1,5,3,000111,"{AB, AVC, Atria}",E8.5-135,9.0,Small
All,1,111111,"{AB, AVC, Atria, LV, OFT, RV}",000100,{AVC},1,5,3,000111,"{AB, AVC, Atria}",E8.5-117,19.0,Small
All,1,111111,"{AB, AVC, Atria, LV, OFT, RV}",000100,{AVC},1,5,3,000111,"{AB, AVC, Atria}",E8.5-49,31.0,Large
All,1,111111,"{AB, AVC, Atria, LV, OFT, RV}",000100,{AVC},1,5,3,000111,"{AB, AVC, Atria}",E8.5-106,4.0,Small
All,1,111111,"{AB, AVC, Atria, LV, OFT, RV}",000100,{AVC},1,5,3,000111,"{AB, AVC, Atria}",E8.5-29,8.0,Small
All,1,111111,"{AB, AVC, Atria, LV, OFT, RV}",000100,{AVC},1,5,4,000110,"{AB, AVC}",E8.5-2,82.0,Large
All,1,111111,"{AB, AVC, Atria, LV, OFT, RV}",000100,{AVC},1,5,4,000110,"{AB, AVC}",E8.5-170,142.0,
All,1,111111,"{AB, AVC, Atria, LV, OFT, RV}",000100,{AVC},1,5,4,000110,"{AB, AVC}",E8.5-156,48.0,Large
All,1,111111,"{AB, AVC, Atria, LV, OFT, RV}",000100,{AVC},1,5,4,000110,"{AB, AVC}",E8.5-237,85.0,Large
All,1,111111,"{AB, AVC, Atria, LV, OFT, RV}",000100,{AVC},1,5,4,000110,"{AB, AVC}",E8.5-25,91.0,Large
All,1,111111,"{AB, AVC, Atria, LV, OFT, RV}",000100,{AVC},1,5,4,000110,"{AB, AVC}",E8.5-218,30.0,Small
All,1,111111,"{AB, AVC, Atria, LV, OFT, RV}",000100,{AVC},1,5,4,000110,"{AB, AVC}",E8.5-72,34.0,Large
All,1,111111,"{AB, AVC, Atria, LV, OFT, RV}",000100,{AVC},1,5,4,000110,"{AB, AVC}",E8.5-68,11.0,Small
All,1,111111,"{AB, AVC, Atria, LV, OFT, RV}",000100,{AVC},1,5,4,000110,"{AB, AVC}",E8.5-75,38.0,Large
All,1,111111,"{AB, AVC, Atria, LV, OFT, RV}",000100,{AVC},1,5,4,000110,"{AB, AVC}",E8.5-66,8.0,Small
All,1,111111,"{AB, AVC, Atria, LV, OFT, RV}",000100,{AVC},1,5,4,000110,"{AB, AVC}",E8.5-135,9.0,Small
All,1,111111,"{AB, AVC, Atria, LV, OFT, RV}",000100,{AVC},1,5,4,000110,"{AB, AVC}",E8.5-117,19.0,Small
All,1,111111,"{AB, AVC, Atria, LV, OFT, RV}",000100,{AVC},1,5,4,000110,"{AB, AVC}",E8.5-49,31.0,Large
All,1,111111,"{AB, AVC, Atria, LV, OFT, RV}",000100,{AVC},1,5,4,000110,"{AB, AVC}",E8.5-106,4.0,Small
All,1,111111,"{AB, AVC, Atria, LV, OFT, RV}",000100,{AVC},1,5,4,000110,"{AB, AVC}",E8.5-29,8.0,Small
All,1,111111,"{AB, AVC, Atria, LV, OFT, RV}",000100,{AVC},1,5,5,000100,{AVC},E8.5-2,82.0,Large
All,1,111111,"{AB, AVC, Atria, LV, OFT, RV}",000100,{AVC},1,5,5,000100,{AVC},E8.5-170,142.0,
All,1,111111,"{AB, AVC, Atria, LV, OFT, RV}",000100,{AVC},1,5,5,000100,{AVC},E8.5-156,48.0,Large
All,1,111111,"{AB, AVC, Atria, LV, OFT, RV}",000100,{AVC},1,5,5,000100,{AVC},E8.5-237,85.0,Large
All,1,111111,"{AB, AVC, Atria, LV, OFT, RV}",000100,{AVC},1,5,5,000100,{AVC},E8.5-25,91.0,Large
All,1,111111,"{AB, AVC, Atria, LV, OFT, RV}",000100,{AVC},1,5,5,000100,{AVC},E8.5-218,30.0,Small
All,1,111111,"{AB, AVC, Atria, LV, OFT, RV}",000100,{AVC},1,5,5,000100,{AVC},E8.5-72,34.0,Large
All,1,111111,"{AB, AVC, Atria, LV, OFT, RV}",000100,{AVC},1,5,5,000100,{AVC},E8.5-68,11.0,Small
All,1,111111,"{AB, AVC, Atria, LV, OFT, RV}",000100,{AVC},1,5,5,000100,{AVC},E8.5-75,38.0,Large
All,1,111111,"{AB, AVC, Atria, LV, OFT, RV}",000100,{AVC},1,5,5,000100,{AVC},E8.5-66,8.0,Small
All,1,111111,"{AB, AVC, Atria, LV, OFT, RV}",000100,{AVC},1,5,5,000100,{AVC},E8.5-135,9.0,Small
All,1,111111,"{AB, AVC, Atria, LV, OFT, RV}",000100,{AVC},1,5,5,000100,{AVC},E8.5-117,19.0,Small
All,1,111111,"{AB, AVC, Atria, LV, OFT, RV}",000100,{AVC},1,5,5,000100,{AVC},E8.5-49,31.0,Large
All,1,111111,"{AB, AVC, Atria, LV, OFT, RV}",000100,{AVC},1,5,5,000100,{AVC},E8.5-106,4.0,Small
All,1,111111,"{AB, AVC, Atria, LV, OFT, RV}",000100,{AVC},1,5,5,000100,{AVC},E8.5-29,8.0,Small
All,1,111111,"{AB, AVC, Atria, LV, OFT, RV}",000100,{AVC},2,4,0,111111,"{AB, AVC, Atria, LV, OFT, RV}",E8.5-2,82.0,Large
All,1,111111,"{AB, AVC, Atria, LV, OFT, RV}",000100,{AVC},2,4,0,111111,"{AB, AVC, Atria, LV, OFT, RV}",E8.5-170,142.0,
All,1,111111,"{AB, AVC, Atria, LV, OFT, RV}",000100,{AVC},2,4,0,111111,"{AB, AVC, Atria, LV, OFT, RV}",E8.5-156,48.0,Large
All,1,111111,"{AB, AVC, Atria, LV, OFT, RV}",000100,{AVC},2,4,0,111111,"{AB, AVC, Atria, LV, OFT, RV}",E8.5-237,85.0,Large
All,1,111111,"{AB, AVC, Atria, LV, OFT, RV}",000100,{AVC},2,4,0,111111,"{AB, AVC, Atria, LV, OFT, RV}",E8.5-25,91.0,Large
All,1,111111,"{AB, AVC, Atria, LV, OFT, RV}",000100,{AVC},2,4,0,111111,"{AB, AVC, Atria, LV, OFT, RV}",E8.5-218,30.0,Small
All,1,111111,"{AB, AVC, Atria, LV, OFT, RV}",000100,{AVC},2,4,0,111111,"{AB, AVC, Atria, LV, OFT, RV}",E8.5-72,34.0,Large
All,1,111111,"{AB, AVC, Atria, LV, OFT, RV}",000100,{AVC},2,4,0,111111,"{AB, AVC, Atria, LV, OFT, RV}",E8.5-68,11.0,Small
All,1,111111,"{AB, AVC, Atria, LV, OFT, RV}",000100,{AVC},2,4,0,111111,"{AB, AVC, Atria, LV, OFT, RV}",E8.5-75,38.0,Large
All,1,111111,"{AB, AVC, Atria, LV, OFT, RV}",000100,{AVC},2,4,0,111111,"{AB, AVC, Atria, LV, OFT, RV}",E8.5-106,4.0,Small
All,1,111111,"{AB, AVC, Atria, LV, OFT, RV}",000100,{AVC},2,4,0,111111,"{AB, AVC, Atria, LV, OFT, RV}",E8.5-29,8.0,Small
All,1,111111,"{AB, AVC, Atria, LV, OFT, RV}",000100,{AVC},2,4,1,011111,"{AB, AVC, Atria, LV, RV}",E8.5-2,82.0,Large
All,1,111111,"{AB, AVC, Atria, LV, OFT, RV}",000100,{AVC},2,4,1,011111,"{AB, AVC, Atria, LV, RV}",E8.5-170,142.0,
All,1,111111,"{AB, AVC, Atria, LV, OFT, RV}",000100,{AVC},2,4,1,011111,"{AB, AVC, Atria, LV, RV}",E8.5-156,48.0,Large
All,1,111111,"{AB, AVC, Atria, LV, OFT, RV}",000100,{AVC},2,4,1,011111,"{AB, AVC, Atria, LV, RV}",E8.5-237,85.0,Large
All,1,111111,"{AB, AVC, Atria, LV, OFT, RV}",000100,{AVC},2,4,1,011111,"{AB, AVC, Atria, LV, RV}",E8.5-25,91.0,Large
All,1,111111,"{AB, AVC, Atria, LV, OFT, RV}",000100,{AVC},2,4,1,011111,"{AB, AVC, Atria, LV, RV}",E8.5-218,30.0,Small
All,1,111111,"{AB, AVC, Atria, LV, OFT, RV}",000100,{AVC},2,4,1,011111,"{AB, AVC, Atria, LV, RV}",E8.5-72,34.0,Large
All,1,111111,"{AB, AVC, Atria, LV, OFT, RV}",000100,{AVC},2,4,1,011111,"{AB, AVC, Atria, LV, RV}",E8.5-68,11.0,Small
All,1,111111,"{AB, AVC, Atria, LV, OFT, RV}",000100,{AVC},2,4,1,011111,"{AB, AVC, Atria, LV, RV}",E8.5-75,38.0,Large
All,1,111111,"{AB, AVC, Atria, LV, OFT, RV}",000100,{AVC},2,4,1,011111,"{AB, AVC, Atria, LV, RV}",E8.5-106,4.0,Small
All,1,111111,"{AB, AVC, Atria, LV, OFT, RV}",000100,{AVC},2,4,1,011111,"{AB, AVC, Atria, LV, RV}",E8.5-29,8.0,Small
All,1,111111,"{AB, AVC, Atria, LV, OFT, RV}",000100,{AVC},2,4,2,001111,"{AB, AVC, Atria, LV}",E8.5-2,82.0,Large
All,1,111111,"{AB, AVC, Atria, LV, OFT, RV}",000100,{AVC},2,4,2,001111,"{AB, AVC, Atria, LV}",E8.5-170,142.0,
All,1,111111,"{AB, AVC, Atria, LV, OFT, RV}",000100,{AVC},2,4,2,001111,"{AB, AVC, Atria, LV}",E8.5-156,48.0,Large
All,1,111111,"{AB, AVC, Atria, LV, OFT, RV}",000100,{AVC},2,4,2,001111,"{AB, AVC, Atria, LV}",E8.5-237,85.0,Large
All,1,111111,"{AB, AVC, Atria, LV, OFT, RV}",000100,{AVC},2,4,2,001111,"{AB, AVC, Atria, LV}",E8.5-25,91.0,Large
All,1,111111,"{AB, AVC, Atria, LV, OFT, RV}",000100,{AVC},2,4,2,001111,"{AB, AVC, Atria, LV}",E8.5-218,30.0,Small
All,1,111111,"{AB, AVC, Atria, LV, OFT, RV}",000100,{AVC},2,4,2,001111,"{AB, AVC, Atria, LV}",E8.5-72,34.0,Large
All,1,111111,"{AB, AVC, Atria, LV, OFT, RV}",000100,{AVC},2,4,2,001111,"{AB, AVC, Atria, LV}",E8.5-68,11.0,Small
All,1,111111,"{AB, AVC, Atria, LV, OFT, RV}",000100,{AVC},2,4,2,001111,"{AB, AVC, Atria, LV}",E8.5-75,38.0,Large
All,1,111111,"{AB, AVC, Atria, LV, OFT, RV}",000100,{AVC},2,4,2,001111,"{AB, AVC, Atria, LV}",E8.5-106,4.0,Small
All,1,111111,"{AB, AVC, Atria, LV, OFT, RV}",000100,{AVC},2,4,2,001111,"{AB, AVC, Atria, LV}",E8.5-29,8.0,Small
All,1,111111,"{AB, AVC, Atria, LV, OFT, RV}",000100,{AVC},2,4,3,000111,"{AB, AVC, Atria}",E8.5-2,82.0,Large
All,1,111111,"{AB, AVC, Atria, LV, OFT, RV}",000100,{AVC},2,4,3,000111,"{AB, AVC, Atria}",E8.5-170,142.0,
All,1,111111,"{AB, AVC, Atria, LV, OFT, RV}",000100,{AVC},2,4,3,000111,"{AB, AVC, Atria}",E8.5-156,48.0,Large
All,1,111111,"{AB, AVC, Atria, LV, OFT, RV}",000100,{AVC},2,4,3,000111,"{AB, AVC, Atria}",E8.5-237,85.0,Large
All,1,111111,"{AB, AVC, Atria, LV, OFT, RV}",000100,{AVC},2,4,3,000111,"{AB, AVC, Atria}",E8.5-25,91.0,Large
All,1,111111,"{AB, AVC, Atria, LV, OFT, RV}",000100,{AVC},2,4,3,000111,"{AB, AVC, Atria}",E8.5-218,30.0,Small
All,1,111111,"{AB, AVC, Atria, LV, OFT, RV}",000100,{AVC},2,4,3,000111,"{AB, AVC, Atria}",E8.5-72,34.0,Large
All,1,111111,"{AB, AVC, Atria, LV, OFT, RV}",000100,{AVC},2,4,3,000111,"{AB, AVC, Atria}",E8.5-68,11.0,Small
All,1,111111,"{AB, AVC, Atria, LV, OFT, RV}",000100,{AVC},2,4,3,000111,"{AB, AVC, Atria}",E8.5-75,38.0,Large
All,1,111111,"{AB, AVC, Atria, LV, OFT, RV}",000100,{AVC},2,4,3,000111,"{AB, AVC, Atria}",E8.5-106,4.0,Small
All,1,111111,"{AB, AVC, Atria, LV, OFT, RV}",000100,{AVC},2,4,3,000111,"{AB, AVC, Atria}",E8.5-29,8.0,Small
All,1,111111,"{AB, AVC, Atria, LV, OFT, RV}",000100,{AVC},2,4,4,000100,{AVC},E8.5-2,82.0,Large
All,1,111111,"{AB, AVC, Atria, LV, OFT, RV}",000100,{AVC},2,4,4,000100,{AVC},E8.5-170,142.0,
All,1,111111,"{AB, AVC, Atria, LV, OFT, RV}",000100,{AVC},2,4,4,000100,{AVC},E8.5-156,48.0,Large
All,1,111111,"{AB, AVC, Atria, LV, OFT, RV}",000100,{AVC},2,4,4,000100,{AVC},E8.5-237,85.0,Large
All,1,111111,"{AB, AVC, Atria, LV, OFT, RV}",000100,{AVC},2,4,4,000100,{AVC},E8.5-25,91.0,Large
All,1,111111,"{AB, AVC, Atria, LV, OFT, RV}",000100,{AVC},2,4,4,000100,{AVC},E8.5-218,30.0,Small
All,1,111111,"{AB, AVC, Atria, LV, OFT, RV}",000100,{AVC},2,4,4,000100,{AVC},E8.5-72,34.0,Large
All,1,111111,"{AB, AVC, Atria, LV, OFT, RV}",000100,{AVC},2,4,4,000100,{AVC},E8.5-68,11.0,Small
All,1,111111,"{AB, AVC, Atria, LV, OFT, RV}",000100,{AVC},2,4,4,000100,{AVC},E8.5-75,38.0,Large
All,1,111111,"{AB, AVC, Atria, LV, OFT, RV}",000100,{AVC},2,4,4,000100,{AVC},E8.5-106,4.0,Small
All,1,111111,"{AB, AVC, Atria, LV, OFT, RV}",000100,{AVC},2,4,4,000100,{AVC},E8.5-29,8.0,Small
All,1,111111,"{AB, AVC, Atria, LV, OFT, RV}",000100,{AVC},3,4,0,111111,"{AB, AVC, Atria, LV, OFT, RV}",E8.5-2,82.0,Large
All,1,111111,"{AB, AVC, Atria, LV, OFT, RV}",000100,{AVC},3,4,0,111111,"{AB, AVC, Atria, LV, OFT, RV}",E8.5-170,142.0,
All,1,111111,"{AB, AVC, Atria, LV, OFT, RV}",000100,{AVC},3,4,0,111111,"{AB, AVC, Atria, LV, OFT, RV}",E8.5-156,48.0,Large
All,1,111111,"{AB, AVC, Atria, LV, OFT, RV}",000100,{AVC},3,4,0,111111,"{AB, AVC, Atria, LV, OFT, RV}",E8.5-237,85.0,Large
All,1,111111,"{AB, AVC, Atria, LV, OFT, RV}",000100,{AVC},3,4,0,111111,"{AB, AVC, Atria, LV, OFT, RV}",E8.5-25,91.0,Large
All,1,111111,"{AB, AVC, Atria, LV, OFT, RV}",000100,{AVC},3,4,0,111111,"{AB, AVC, Atria, LV, OFT, RV}",E8.5-218,30.0,Small
All,1,111111,"{AB, AVC, Atria, LV, OFT, RV}",000100,{AVC},3,4,0,111111,"{AB, AVC, Atria, LV, OFT, RV}",E8.5-72,34.0,Large
All,1,111111,"{AB, AVC, Atria, LV, OFT, RV}",000100,{AVC},3,4,0,111111,"{AB, AVC, Atria, LV, OFT, RV}",E8.5-66,8.0,Small
All,1,111111,"{AB, AVC, Atria, LV, OFT, RV}",000100,{AVC},3,4,0,111111,"{AB, AVC, Atria, LV, OFT, RV}",E8.5-135,9.0,Small
All,1,111111,"{AB, AVC, Atria, LV, OFT, RV}",000100,{AVC},3,4,0,111111,"{AB, AVC, Atria, LV, OFT, RV}",E8.5-117,19.0,Small
All,1,111111,"{AB, AVC, Atria, LV, OFT, RV}",000100,{AVC},3,4,0,111111,"{AB, AVC, Atria, LV, OFT, RV}",E8.5-49,31.0,Large
All,1,111111,"{AB, AVC, Atria, LV, OFT, RV}",000100,{AVC},3,4,0,111111,"{AB, AVC, Atria, LV, OFT, RV}",E8.5-106,4.0,Small
All,1,111111,"{AB, AVC, Atria, LV, OFT, RV}",000100,{AVC},3,4,0,111111,"{AB, AVC, Atria, LV, OFT, RV}",E8.5-29,8.0,Small
All,1,111111,"{AB, AVC, Atria, LV, OFT, RV}",000100,{AVC},3,4,1,011111,"{AB, AVC, Atria, LV, RV}",E8.5-2,82.0,Large
All,1,111111,"{AB, AVC, Atria, LV, OFT, RV}",000100,{AVC},3,4,1,011111,"{AB, AVC, Atria, LV, RV}",E8.5-170,142.0,
All,1,111111,"{AB, AVC, Atria, LV, OFT, RV}",000100,{AVC},3,4,1,011111,"{AB, AVC, Atria, LV, RV}",E8.5-156,48.0,Large
All,1,111111,"{AB, AVC, Atria, LV, OFT, RV}",000100,{AVC},3,4,1,011111,"{AB, AVC, Atria, LV, RV}",E8.5-237,85.0,Large
All,1,111111,"{AB, AVC, Atria, LV, OFT, RV}",000100,{AVC},3,4,1,011111,"{AB, AVC, Atria, LV, RV}",E8.5-25,91.0,Large
All,1,111111,"{AB, AVC, Atria, LV, OFT, RV}",000100,{AVC},3,4,1,011111,"{AB, AVC, Atria, LV, RV}",E8.5-218,30.0,Small
All,1,111111,"{AB, AVC, Atria, LV, OFT, RV}",000100,{AVC},3,4,1,011111,"{AB, AVC, Atria, LV, RV}",E8.5-72,34.0,Large
All,1,111111,"{AB, AVC, Atria, LV, OFT, RV}",000100,{AVC},3,4,1,011111,"{AB, AVC, Atria, LV, RV}",E8.5-66,8.0,Small
All,1,111111,"{AB, AVC, Atria, LV, OFT, RV}",000100,{AVC},3,4,1,011111,"{AB, AVC, Atria, LV, RV}",E8.5-135,9.0,Small
All,1,111111,"{AB, AVC, Atria, LV, OFT, RV}",000100,{AVC},3,4,1,011111,"{AB, AVC, Atria, LV, RV}",E8.5-117,19.0,Small
All,1,111111,"{AB, AVC, Atria, LV, OFT, RV}",000100,{AVC},3,4,1,011111,"{AB, AVC, Atria, LV, RV}",E8.5-49,31.0,Large
All,1,111111,"{AB, AVC, Atria, LV, OFT, RV}",000100,{AVC},3,4,1,011111,"{AB, AVC, Atria, LV, RV}",E8.5-106,4.0,Small
All,1,111111,"{AB, AVC, Atria, LV, OFT, RV}",000100,{AVC},3,4,1,011111,"{AB, AVC, Atria, LV, RV}",E8.5-29,8.0,Small
All,1,111111,"{AB, AVC, Atria, LV, OFT, RV}",000100,{AVC},3,4,2,001111,"{AB, AVC, Atria, LV}",E8.5-2,82.0,Large
All,1,111111,"{AB, AVC, Atria, LV, OFT, RV}",000100,{AVC},3,4,2,001111,"{AB, AVC, Atria, LV}",E8.5-170,142.0,
All,1,111111,"{AB, AVC, Atria, LV, OFT, RV}",000100,{AVC},3,4,2,001111,"{AB, AVC, Atria, LV}",E8.5-156,48.0,Large
All,1,111111,"{AB, AVC, Atria, LV, OFT, RV}",000100,{AVC},3,4,2,001111,"{AB, AVC, Atria, LV}",E8.5-237,85.0,Large
All,1,111111,"{AB, AVC, Atria, LV, OFT, RV}",000100,{AVC},3,4,2,001111,"{AB, AVC, Atria, LV}",E8.5-25,91.0,Large
All,1,111111,"{AB, AVC, Atria, LV, OFT, RV}",000100,{AVC},3,4,2,001111,"{AB, AVC, Atria, LV}",E8.5-218,30.0,Small
All,1,111111,"{AB, AVC, Atria, LV, OFT, RV}",000100,{AVC},3,4,2,001111,"{AB, AVC, Atria, LV}",E8.5-72,34.0,Large
All,1,111111,"{AB, AVC, Atria, LV, OFT, RV}",000100,{AVC},3,4,2,001111,"{AB, AVC, Atria, LV}",E8.5-66,8.0,Small
All,1,111111,"{AB, AVC, Atria, LV, OFT, RV}",000100,{AVC},3,4,2,001111,"{AB, AVC, Atria, LV}",E8.5-135,9.0,Small
All,1,111111,"{AB, AVC, Atria, LV, OFT, RV}",000100,{AVC},3,4,2,001111,"{AB, AVC, Atria, LV}",E8.5-117,19.0,Small
All,1,111111,"{AB, AVC, Atria, LV, OFT, RV}",000100,{AVC},3,4,2,001111,"{AB, AVC, Atria, LV}",E8.5-49,31.0,Large
All,1,111111,"{AB, AVC, Atria, LV, OFT, RV}",000100,{AVC},3,4,2,001111,"{AB, AVC, Atria, LV}",E8.5-106,4.0,Small
All,1,111111,"{AB, AVC, Atria, LV, OFT, RV}",000100,{AVC},3,4,2,001111,"{AB, AVC, Atria, LV}",E8.5-29,8.0,Small
All,1,111111,"{AB, AVC, Atria, LV, OFT, RV}",000100,{AVC},3,4,3,000110,"{AB, AVC}",E8.5-2,82.0,Large
All,1,111111,"{AB, AVC, Atria, LV, OFT, RV}",000100,{AVC},3,4,3,000110,"{AB, AVC}",E8.5-170,142.0,
All,1,111111,"{AB, AVC, Atria, LV, OFT, RV}",000100,{AVC},3,4,3,000110,"{AB, AVC}",E8.5-156,48.0,Large
All,1,111111,"{AB, AVC, Atria, LV, OFT, RV}",000100,{AVC},3,4,3,000110,"{AB, AVC}",E8.5-237,85.0,Large
All,1,111111,"{AB, AVC, Atria, LV, OFT, RV}",000100,{AVC},3,4,3,000110,"{AB, AVC}",E8.5-25,91.0,Large
All,1,111111,"{AB, AVC, Atria, LV, OFT, RV}",000100,{AVC},3,4,3,000110,"{AB, AVC}",E8.5-218,30.0,Small
All,1,111111,"{AB, AVC, Atria, LV, OFT, RV}",000100,{AVC},3,4,3,000110,"{AB, AVC}",E8.5-72,34.0,Large
All,1,111111,"{AB, AVC, Atria, LV, OFT, RV}",000100,{AVC},3,4,3,000110,"{AB, AVC}",E8.5-66,8.0,Small
All,1,111111,"{AB, AVC, Atria, LV, OFT, RV}",000100,{AVC},3,4,3,000110,"{AB, AVC}",E8.5-135,9.0,Small
All,1,111111,"{AB, AVC, Atria, LV, OFT, RV}",000100,{AVC},3,4,3,000110,"{AB, AVC}",E8.5-117,19.0,Small
All,1,111111,"{AB, AVC, Atria, LV, OFT, RV}",000100,{AVC},3,4,3,000110,"{AB, AVC}",E8.5-49,31.0,Large
All,1,111111,"{AB, AVC, Atria, LV, OFT, RV}",000100,{AVC},3,4,3,000110,"{AB, AVC}",E8.5-106,4.0,Small
All,1,111111,"{AB, AVC, Atria, LV, OFT, RV}",000100,{AVC},3,4,3,000110,"{AB, AVC}",E8.5-29,8.0,Small
All,1,111111,"{AB, AVC, Atria, LV, OFT, RV}",000100,{AVC},3,4,4,000100,{AVC},E8.5-2,82.0,Large
All,1,111111,"{AB, AVC, Atria, LV, OFT, RV}",000100,{AVC},3,4,4,000100,{AVC},E8.5-170,142.0,
All,1,111111,"{AB, AVC, Atria, LV, OFT, RV}",000100,{AVC},3,4,4,000100,{AVC},E8.5-156,48.0,Large
All,1,111111,"{AB, AVC, Atria, LV, OFT, RV}",000100,{AVC},3,4,4,000100,{AVC},E8.5-237,85.0,Large
All,1,111111,"{AB, AVC, Atria, LV, OFT, RV}",000100,{AVC},3,4,4,000100,{AVC},E8.5-25,91.0,Large
All,1,111111,"{AB, AVC, Atria, LV, OFT, RV}",000100,{AVC},3,4,4,000100,{AVC},E8.5-218,30.0,Small
All,1,111111,"{AB, AVC, Atria, LV, OFT, RV}",000100,{AVC},3,4,4,000100,{AVC},E8.5-72,34.0,Large
All,1,111111,"{AB, AVC, Atria, LV, OFT, RV}",000100,{AVC},3,4,4,000100,{AVC},E8.5-66,8.0,Small
All,1,111111,"{AB, AVC, Atria, LV, OFT, RV}",000100,{AVC},3,4,4,000100,{AVC},E8.5-135,9.0,Small
All,1,111111,"{AB, AVC, Atria, LV, OFT, RV}",000100,{AVC},3,4,4,000100,{AVC},E8.5-117,19.0,Small
All,1,111111,"{AB, AVC, Atria, LV, OFT, RV}",000100,{AVC},3,4,4,000100,{AVC},E8.5-49,31.0,Large
All,1,111111,"{AB, AVC, Atria, LV, OFT, RV}",000100,{AVC},3,4,4,000100,{AVC},E8.5-106,4.0,Small
All,1,111111,"{AB, AVC, Atria, LV, OFT, RV}",000100,{AVC},3,4,4,000100,{AVC},E8.5-29,8.0,Small
All,1,111111,"{AB, AVC, Atria, LV, OFT, RV}",000100,{AVC},4,4,0,111111,"{AB, AVC, Atria, LV, OFT, RV}",E8.5-2,82.0,Large
All,1,111111,"{AB, AVC, Atria, LV, OFT, RV}",000100,{AVC},4,4,0,111111,"{AB, AVC, Atria, LV, OFT, RV}",E8.5-170,142.0,
All,1,111111,"{AB, AVC, Atria, LV, OFT, RV}",000100,{AVC},4,4,0,111111,"{AB, AVC, Atria, LV, OFT, RV}",E8.5-156,48.0,Large
All,1,111111,"{AB, AVC, Atria, LV, OFT, RV}",000100,{AVC},4,4,0,111111,"{AB, AVC, Atria, LV, OFT, RV}",E8.5-237,85.0,Large
All,1,111111,"{AB, AVC, Atria, LV, OFT, RV}",000100,{AVC},4,4,0,111111,"{AB, AVC, Atria, LV, OFT, RV}",E8.5-25,91.0,Large
All,1,111111,"{AB, AVC, Atria, LV, OFT, RV}",000100,{AVC},4,4,0,111111,"{AB, AVC, Atria, LV, OFT, RV}",E8.5-68,11.0,Small
All,1,111111,"{AB, AVC, Atria, LV, OFT, RV}",000100,{AVC},4,4,0,111111,"{AB, AVC, Atria, LV, OFT, RV}",E8.5-75,38.0,Large
All,1,111111,"{AB, AVC, Atria, LV, OFT, RV}",000100,{AVC},4,4,0,111111,"{AB, AVC, Atria, LV, OFT, RV}",E8.5-66,8.0,Small
All,1,111111,"{AB, AVC, Atria, LV, OFT, RV}",000100,{AVC},4,4,0,111111,"{AB, AVC, Atria, LV, OFT, RV}",E8.5-135,9.0,Small
All,1,111111,"{AB, AVC, Atria, LV, OFT, RV}",000100,{AVC},4,4,0,111111,"{AB, AVC, Atria, LV, OFT, RV}",E8.5-117,19.0,Small
All,1,111111,"{AB, AVC, Atria, LV, OFT, RV}",000100,{AVC},4,4,0,111111,"{AB, AVC, Atria, LV, OFT, RV}",E8.5-49,31.0,Large
All,1,111111,"{AB, AVC, Atria, LV, OFT, RV}",000100,{AVC},4,4,0,111111,"{AB, AVC, Atria, LV, OFT, RV}",E8.5-106,4.0,Small
All,1,111111,"{AB, AVC, Atria, LV, OFT, RV}",000100,{AVC},4,4,0,111111,"{AB, AVC, Atria, LV, OFT, RV}",E8.5-29,8.0,Small
All,1,111111,"{AB, AVC, Atria, LV, OFT, RV}",000100,{AVC},4,4,1,011111,"{AB, AVC, Atria, LV, RV}",E8.5-2,82.0,Large
All,1,111111,"{AB, AVC, Atria, LV, OFT, RV}",000100,{AVC},4,4,1,011111,"{AB, AVC, Atria, LV, RV}",E8.5-170,142.0,
All,1,111111,"{AB, AVC, Atria, LV, OFT, RV}",000100,{AVC},4,4,1,011111,"{AB, AVC, Atria, LV, RV}",E8.5-156,48.0,Large
All,1,111111,"{AB, AVC, Atria, LV, OFT, RV}",000100,{AVC},4,4,1,011111,"{AB, AVC, Atria, LV, RV}",E8.5-237,85.0,Large
All,1,111111,"{AB, AVC, Atria, LV, OFT, RV}",000100,{AVC},4,4,1,011111,"{AB, AVC, Atria, LV, RV}",E8.5-25,91.0,Large
All,1,111111,"{AB, AVC, Atria, LV, OFT, RV}",000100,{AVC},4,4,1,011111,"{AB, AVC, Atria, LV, RV}",E8.5-68,11.0,Small
All,1,111111,"{AB, AVC, Atria, LV, OFT, RV}",000100,{AVC},4,4,1,011111,"{AB, AVC, Atria, LV, RV}",E8.5-75,38.0,Large
All,1,111111,"{AB, AVC, Atria, LV, OFT, RV}",000100,{AVC},4,4,1,011111,"{AB, AVC, Atria, LV, RV}",E8.5-66,8.0,Small
All,1,111111,"{AB, AVC, Atria, LV, OFT, RV}",000100,{AVC},4,4,1,011111,"{AB, AVC, Atria, LV, RV}",E8.5-135,9.0,Small
All,1,111111,"{AB, AVC, Atria, LV, OFT, RV}",000100,{AVC},4,4,1,011111,"{AB, AVC, Atria, LV, RV}",E8.5-117,19.0,Small
All,1,111111,"{AB, AVC, Atria, LV, OFT, RV}",000100,{AVC},4,4,1,011111,"{AB, AVC, Atria, LV, RV}",E8.5-49,31.0,Large
All,1,111111,"{AB, AVC, Atria, LV, OFT, RV}",000100,{AVC},4,4,1,011111,"{AB, AVC, Atria, LV, RV}",E8.5-106,4.0,Small
All,1,111111,"{AB, AVC, Atria, LV, OFT, RV}",000100,{AVC},4,4,1,011111,"{AB, AVC, Atria, LV, RV}",E8.5-29,8.0,Small
All,1,111111,"{AB, AVC, Atria, LV, OFT, RV}",000100,{AVC},4,4,2,000111,"{AB, AVC, Atria}",E8.5-2,82.0,Large
All,1,111111,"{AB, AVC, Atria, LV, OFT, RV}",000100,{AVC},4,4,2,000111,"{AB, AVC, Atria}",E8.5-170,142.0,
All,1,111111,"{AB, AVC, Atria, LV, OFT, RV}",000100,{AVC},4,4,2,000111,"{AB, AVC, Atria}",E8.5-156,48.0,Large
All,1,111111,"{AB, AVC, Atria, LV, OFT, RV}",000100,{AVC},4,4,2,000111,"{AB, AVC, Atria}",E8.5-237,85.0,Large
All,1,111111,"{AB, AVC, Atria, LV, OFT, RV}",000100,{AVC},4,4,2,000111,"{AB, AVC, Atria}",E8.5-25,91.0,Large
All,1,111111,"{AB, AVC, Atria, LV, OFT, RV}",000100,{AVC},4,4,2,000111,"{AB, AVC, Atria}",E8.5-68,11.0,Small
All,1,111111,"{AB, AVC, Atria, LV, OFT, RV}",000100,{AVC},4,4,2,000111,"{AB, AVC, Atria}",E8.5-75,38.0,Large
All,1,111111,"{AB, AVC, Atria, LV, OFT, RV}",000100,{AVC},4,4,2,000111,"{AB, AVC, Atria}",E8.5-66,8.0,Small
All,1,111111,"{AB, AVC, Atria, LV, OFT, RV}",000100,{AVC},4,4,2,000111,"{AB, AVC, Atria}",E8.5-135,9.0,Small
All,1,111111,"{AB, AVC, Atria, LV, OFT, RV}",000100,{AVC},4,4,2,000111,"{AB, AVC, Atria}",E8.5-117,19.0,Small
All,1,111111,"{AB, AVC, Atria, LV, OFT, RV}",000100,{AVC},4,4,2,000111,"{AB, AVC, Atria}",E8.5-49,31.0,Large
All,1,111111,"{AB, AVC, Atria, LV, OFT, RV}",000100,{AVC},4,4,2,000111,"{AB, AVC, Atria}",E8.5-106,4.0,Small
All,1,111111,"{AB, AVC, Atria, LV, OFT, RV}",000100,{AVC},4,4,2,000111,"{AB, AVC, Atria}",E8.5-29,8.0,Small
All,1,111111,"{AB, AVC, Atria, LV, OFT, RV}",000100,{AVC},4,4,3,000110,"{AB, AVC}",E8.5-2,82.0,Large
All,1,111111,"{AB, AVC, Atria, LV, OFT, RV}",000100,{AVC},4,4,3,000110,"{AB, AVC}",E8.5-170,142.0,
All,1,111111,"{AB, AVC, Atria, LV, OFT, RV}",000100,{AVC},4,4,3,000110,"{AB, AVC}",E8.5-156,48.0,Large
All,1,111111,"{AB, AVC, Atria, LV, OFT, RV}",000100,{AVC},4,4,3,000110,"{AB, AVC}",E8.5-237,85.0,Large
All,1,111111,"{AB, AVC, Atria, LV, OFT, RV}",000100,{AVC},4,4,3,000110,"{AB, AVC}",E8.5-25,91.0,Large
All,1,111111,"{AB, AVC, Atria, LV, OFT, RV}",000100,{AVC},4,4,3,000110,"{AB, AVC}",E8.5-68,11.0,Small
All,1,111111,"{AB, AVC, Atria, LV, OFT, RV}",000100,{AVC},4,4,3,000110,"{AB, AVC}",E8.5-75,38.0,Large
All,1,111111,"{AB, AVC, Atria, LV, OFT, RV}",000100,{AVC},4,4,3,000110,"{AB, AVC}",E8.5-66,8.0,Small
All,1,111111,"{AB, AVC, Atria, LV, OFT, RV}",000100,{AVC},4,4,3,000110,"{AB, AVC}",E8.5-135,9.0,Small
All,1,111111,"{AB, AVC, Atria, LV, OFT, RV}",000100,{AVC},4,4,3,000110,"{AB, AVC}",E8.5-117,19.0,Small
All,1,111111,"{AB, AVC, Atria, LV, OFT, RV}",000100,{AVC},4,4,3,000110,"{AB, AVC}",E8.5-49,31.0,Large
All,1,111111,"{AB, AVC, Atria, LV, OFT, RV}",000100,{AVC},4,4,3,000110,"{AB, AVC}",E8.5-106,4.0,Small
All,1,111111,"{AB, AVC, Atria, LV, OFT, RV}",000100,{AVC},4,4,3,000110,"{AB, AVC}",E8.5-29,8.0,Small
All,1,111111,"{AB, AVC, Atria, LV, OFT, RV}",000100,{AVC},4,4,4,000100,{AVC},E8.5-2,82.0,Large
All,1,111111,"{AB, AVC, Atria, LV, OFT, RV}",000100,{AVC},4,4,4,000100,{AVC},E8.5-170,142.0,
All,1,111111,"{AB, AVC, Atria, LV, OFT, RV}",000100,{AVC},4,4,4,000100,{AVC},E8.5-156,48.0,Large
All,1,111111,"{AB, AVC, Atria, LV, OFT, RV}",000100,{AVC},4,4,4,000100,{AVC},E8.5-237,85.0,Large
All,1,111111,"{AB, AVC, Atria, LV, OFT, RV}",000100,{AVC},4,4,4,000100,{AVC},E8.5-25,91.0,Large
All,1,111111,"{AB, AVC, Atria, LV, OFT, RV}",000100,{AVC},4,4,4,000100,{AVC},E8.5-68,11.0,Small
All,1,111111,"{AB, AVC, Atria, LV, OFT, RV}",000100,{AVC},4,4,4,000100,{AVC},E8.5-75,38.0,Large
All,1,111111,"{AB, AVC, Atria, LV, OFT, RV}",000100,{AVC},4,4,4,000100,{AVC},E8.5-66,8.0,Small
All,1,111111,"{AB, AVC, Atria, LV, OFT, RV}",000100,{AVC},4,4,4,000100,{AVC},E8.5-135,9.0,Small
All,1,111111,"{AB, AVC, Atria, LV, OFT, RV}",000100,{AVC},4,4,4,000100,{AVC},E8.5-117,19.0,Small
All,1,111111,"{AB, AVC, Atria, LV, OFT, RV}",000100,{AVC},4,4,4,000100,{AVC},E8.5-49,31.0,Large
All,1,111111,"{AB, AVC, Atria, LV, OFT, RV}",000100,{AVC},4,4,4,000100,{AVC},E8.5-106,4.0,Small
All,1,111111,"{AB, AVC, Atria, LV, OFT, RV}",000100,{AVC},4,4,4,000100,{AVC},E8.5-29,8.0,Small
All,1,111111,"{AB, AVC, Atria, LV, OFT, RV}",000100,{AVC},5,3,0,111111,"{AB, AVC, Atria, LV, OFT, RV}",E8.5-2,82.0,Large
All,1,111111,"{AB, AVC, Atria, LV, OFT, RV}",000100,{AVC},5,3,0,111111,"{AB, AVC, Atria, LV, OFT, RV}",E8.5-170,142.0,
All,1,111111,"{AB, AVC, Atria, LV, OFT, RV}",000100,{AVC},5,3,0,111111,"{AB, AVC, Atria, LV, OFT, RV}",E8.5-156,48.0,Large
All,1,111111,"{AB, AVC, Atria, LV, OFT, RV}",000100,{AVC},5,3,0,111111,"{AB, AVC, Atria, LV, OFT, RV}",E8.5-237,85.0,Large
All,1,111111,"{AB, AVC, Atria, LV, OFT, RV}",000100,{AVC},5,3,0,111111,"{AB, AVC, Atria, LV, OFT, RV}",E8.5-25,91.0,Large
All,1,111111,"{AB, AVC, Atria, LV, OFT, RV}",000100,{AVC},5,3,0,111111,"{AB, AVC, Atria, LV, OFT, RV}",E8.5-68,11.0,Small
All,1,111111,"{AB, AVC, Atria, LV, OFT, RV}",000100,{AVC},5,3,0,111111,"{AB, AVC, Atria, LV, OFT, RV}",E8.5-75,38.0,Large
All,1,111111,"{AB, AVC, Atria, LV, OFT, RV}",000100,{AVC},5,3,0,111111,"{AB, AVC, Atria, LV, OFT, RV}",E8.5-106,4.0,Small
All,1,111111,"{AB, AVC, Atria, LV, OFT, RV}",000100,{AVC},5,3,0,111111,"{AB, AVC, Atria, LV, OFT, RV}",E8.5-29,8.0,Small
All,1,111111,"{AB, AVC, Atria, LV, OFT, RV}",000100,{AVC},5,3,1,011111,"{AB, AVC, Atria, LV, RV}",E8.5-2,82.0,Large
All,1,111111,"{AB, AVC, Atria, LV, OFT, RV}",000100,{AVC},5,3,1,011111,"{AB, AVC, Atria, LV, RV}",E8.5-170,142.0,
All,1,111111,"{AB, AVC, Atria, LV, OFT, RV}",000100,{AVC},5,3,1,011111,"{AB, AVC, Atria, LV, RV}",E8.5-156,48.0,Large
All,1,111111,"{AB, AVC, Atria, LV, OFT, RV}",000100,{AVC},5,3,1,011111,"{AB, AVC, Atria, LV, RV}",E8.5-237,85.0,Large
All,1,111111,"{AB, AVC, Atria, LV, OFT, RV}",000100,{AVC},5,3,1,011111,"{AB, AVC, Atria, LV, RV}",E8.5-25,91.0,Large
All,1,111111,"{AB, AVC, Atria, LV, OFT, RV}",000100,{AVC},5,3,1,011111,"{AB, AVC, Atria, LV, RV}",E8.5-68,11.0,Small
All,1,111111,"{AB, AVC, Atria, LV, OFT, RV}",000100,{AVC},5,3,1,011111,"{AB, AVC, Atria, LV, RV}",E8.5-75,38.0,Large
All,1,111111,"{AB, AVC, Atria, LV, OFT, RV}",000100,{AVC},5,3,1,011111,"{AB, AVC, Atria, LV, RV}",E8.5-106,4.0,Small
All,1,111111,"{AB, AVC, Atria, LV, OFT, RV}",000100,{AVC},5,3,1,011111,"{AB, AVC, Atria, LV, RV}",E8.5-29,8.0,Small
All,1,111111,"{AB, AVC, Atria, LV, OFT, RV}",000100,{AVC},5,3,2,000111,"{AB, AVC, Atria}",E8.5-2,82.0,Large
All,1,111111,"{AB, AVC, Atria, LV, OFT, RV}",000100,{AVC},5,3,2,000111,"{AB, AVC, Atria}",E8.5-170,142.0,
All,1,111111,"{AB, AVC, Atria, LV, OFT, RV}",000100,{AVC},5,3,2,000111,"{AB, AVC, Atria}",E8.5-156,48.0,Large
All,1,111111,"{AB, AVC, Atria, LV, OFT, RV}",000100,{AVC},5,3,2,000111,"{AB, AVC, Atria}",E8.5-237,85.0,Large
All,1,111111,"{AB, AVC, Atria, LV, OFT, RV}",000100,{AVC},5,3,2,000111,"{AB, AVC, Atria}",E8.5-25,91.0,Large
All,1,111111,"{AB, AVC, Atria, LV, OFT, RV}",000100,{AVC},5,3,2,000111,"{AB, AVC, Atria}",E8.5-68,11.0,Small
All,1,111111,"{AB, AVC, Atria, LV, OFT, RV}",000100,{AVC},5,3,2,000111,"{AB, AVC, Atria}",E8.5-75,38.0,Large
All,1,111111,"{AB, AVC, Atria, LV, OFT, RV}",000100,{AVC},5,3,2,000111,"{AB, AVC, Atria}",E8.5-106,4.0,Small
All,1,111111,"{AB, AVC, Atria, LV, OFT, RV}",000100,{AVC},5,3,2,000111,"{AB, AVC, Atria}",E8.5-29,8.0,Small
All,1,111111,"{AB, AVC, Atria, LV, OFT, RV}",000100,{AVC},5,3,3,000100,{AVC},E8.5-2,82.0,Large
All,1,111111,"{AB, AVC, Atria, LV, OFT, RV}",000100,{AVC},5,3,3,000100,{AVC},E8.5-170,142.0,
All,1,111111,"{AB, AVC, Atria, LV, OFT, RV}",000100,{AVC},5,3,3,000100,{AVC},E8.5-156,48.0,Large
All,1,111111,"{AB, AVC, Atria, LV, OFT, RV}",000100,{AVC},5,3,3,000100,{AVC},E8.5-237,85.0,Large
All,1,111111,"{AB, AVC, Atria, LV, OFT, RV}",000100,{AVC},5,3,3,000100,{AVC},E8.5-25,91.0,Large
All,1,111111,"{AB, AVC, Atria, LV, OFT, RV}",000100,{AVC},5,3,3,000100,{AVC},E8.5-68,11.0,Small
All,1,111111,"{AB, AVC, Atria, LV, OFT, RV}",000100,{AVC},5,3,3,000100,{AVC},E8.5-75,38.0,Large
All,1,111111,"{AB, AVC, Atria, LV, OFT, RV}",000100,{AVC},5,3,3,000100,{AVC},E8.5-106,4.0,Small
All,1,111111,"{AB, AVC, Atria, LV, OFT, RV}",000100,{AVC},5,3,3,000100,{AVC},E8.5-29,8.0,Small
All,1,111111,"{AB, AVC, Atria, LV, OFT, RV}",000100,{AVC},6,4,0,111111,"{AB, AVC, Atria, LV, OFT, RV}",E8.5-2,82.0,Large
All,1,111111,"{AB, AVC, Atria, LV, OFT, RV}",000100,{AVC},6,4,0,111111,"{AB, AVC, Atria, LV, OFT, RV}",E8.5-170,142.0,
All,1,111111,"{AB, AVC, Atria, LV, OFT, RV}",000100,{AVC},6,4,0,111111,"{AB, AVC, Atria, LV, OFT, RV}",E8.5-156,48.0,Large
All,1,111111,"{AB, AVC, Atria, LV, OFT, RV}",000100,{AVC},6,4,0,111111,"{AB, AVC, Atria, LV, OFT, RV}",E8.5-237,85.0,Large
All,1,111111,"{AB, AVC, Atria, LV, OFT, RV}",000100,{AVC},6,4,0,111111,"{AB, AVC, Atria, LV, OFT, RV}",E8.5-25,91.0,Large
All,1,111111,"{AB, AVC, Atria, LV, OFT, RV}",000100,{AVC},6,4,0,111111,"{AB, AVC, Atria, LV, OFT, RV}",E8.5-166,36.0,Large
All,1,111111,"{AB, AVC, Atria, LV, OFT, RV}",000100,{AVC},6,4,0,111111,"{AB, AVC, Atria, LV, OFT, RV}",E8.5-77,35.0,Large
All,1,111111,"{AB, AVC, Atria, LV, OFT, RV}",000100,{AVC},6,4,0,111111,"{AB, AVC, Atria, LV, OFT, RV}",E8.5-106,4.0,Small
All,1,111111,"{AB, AVC, Atria, LV, OFT, RV}",000100,{AVC},6,4,0,111111,"{AB, AVC, Atria, LV, OFT, RV}",E8.5-29,8.0,Small
All,1,111111,"{AB, AVC, Atria, LV, OFT, RV}",000100,{AVC},6,4,1,011111,"{AB, AVC, Atria, LV, RV}",E8.5-2,82.0,Large
All,1,111111,"{AB, AVC, Atria, LV, OFT, RV}",000100,{AVC},6,4,1,011111,"{AB, AVC, Atria, LV, RV}",E8.5-170,142.0,
All,1,111111,"{AB, AVC, Atria, LV, OFT, RV}",000100,{AVC},6,4,1,011111,"{AB, AVC, Atria, LV, RV}",E8.5-156,48.0,Large
All,1,111111,"{AB, AVC, Atria, LV, OFT, RV}",000100,{AVC},6,4,1,011111,"{AB, AVC, Atria, LV, RV}",E8.5-237,85.0,Large
All,1,111111,"{AB, AVC, Atria, LV, OFT, RV}",000100,{AVC},6,4,1,011111,"{AB, AVC, Atria, LV, RV}",E8.5-25,91.0,Large
All,1,111111,"{AB, AVC, Atria, LV, OFT, RV}",000100,{AVC},6,4,1,011111,"{AB, AVC, Atria, LV, RV}",E8.5-166,36.0,Large
All,1,111111,"{AB, AVC, Atria, LV, OFT, RV}",000100,{AVC},6,4,1,011111,"{AB, AVC, Atria, LV, RV}",E8.5-77,35.0,Large
All,1,111111,"{AB, AVC, Atria, LV, OFT, RV}",000100,{AVC},6,4,1,011111,"{AB, AVC, Atria, LV, RV}",E8.5-106,4.0,Small
All,1,111111,"{AB, AVC, Atria, LV, OFT, RV}",000100,{AVC},6,4,1,011111,"{AB, AVC, Atria, LV, RV}",E8.5-29,8.0,Small
All,1,111111,"{AB, AVC, Atria, LV, OFT, RV}",000100,{AVC},6,4,2,011101,"{AVC, Atria, LV, RV}",E8.5-2,82.0,Large
All,1,111111,"{AB, AVC, Atria, LV, OFT, RV}",000100,{AVC},6,4,2,011101,"{AVC, Atria, LV, RV}",E8.5-170,142.0,
All,1,111111,"{AB, AVC, Atria, LV, OFT, RV}",000100,{AVC},6,4,2,011101,"{AVC, Atria, LV, RV}",E8.5-156,48.0,Large
All,1,111111,"{AB, AVC, Atria, LV, OFT, RV}",000100,{AVC},6,4,2,011101,"{AVC, Atria, LV, RV}",E8.5-237,85.0,Large
All,1,111111,"{AB, AVC, Atria, LV, OFT, RV}",000100,{AVC},6,4,2,011101,"{AVC, Atria, LV, RV}",E8.5-25,91.0,Large
All,1,111111,"{AB, AVC, Atria, LV, OFT, RV}",000100,{AVC},6,4,2,011101,"{AVC, Atria, LV, RV}",E8.5-166,36.0,Large
All,1,111111,"{AB, AVC, Atria, LV, OFT, RV}",000100,{AVC},6,4,2,011101,"{AVC, Atria, LV, RV}",E8.5-77,35.0,Large
All,1,111111,"{AB, AVC, Atria, LV, OFT, RV}",000100,{AVC},6,4,2,011101,"{AVC, Atria, LV, RV}",E8.5-106,4.0,Small
All,1,111111,"{AB, AVC, Atria, LV, OFT, RV}",000100,{AVC},6,4,2,011101,"{AVC, Atria, LV, RV}",E8.5-29,8.0,Small
All,1,111111,"{AB, AVC, Atria, LV, OFT, RV}",000100,{AVC},6,4,3,001101,"{AVC, Atria, LV}",E8.5-2,82.0,Large
All,1,111111,"{AB, AVC, Atria, LV, OFT, RV}",000100,{AVC},6,4,3,001101,"{AVC, Atria, LV}",E8.5-170,142.0,
All,1,111111,"{AB, AVC, Atria, LV, OFT, RV}",000100,{AVC},6,4,3,001101,"{AVC, Atria, LV}",E8.5-156,48.0,Large
All,1,111111,"{AB, AVC, Atria, LV, OFT, RV}",000100,{AVC},6,4,3,001101,"{AVC, Atria, LV}",E8.5-237,85.0,Large
All,1,111111,"{AB, AVC, Atria, LV, OFT, RV}",000100,{AVC},6,4,3,001101,"{AVC, Atria, LV}",E8.5-25,91.0,Large
All,1,111111,"{AB, AVC, Atria, LV, OFT, RV}",000100,{AVC},6,4,3,001101,"{AVC, Atria, LV}",E8.5-166,36.0,Large
All,1,111111,"{AB, AVC, Atria, LV, OFT, RV}",000100,{AVC},6,4,3,001101,"{AVC, Atria, LV}",E8.5-77,35.0,Large
All,1,111111,"{AB, AVC, Atria, LV, OFT, RV}",000100,{AVC},6,4,3,001101,"{AVC, Atria, LV}",E8.5-106,4.0,Small
All,1,111111,"{AB, AVC, Atria, LV, OFT, RV}",000100,{AVC},6,4,3,001101,"{AVC, Atria, LV}",E8.5-29,8.0,Small
All,1,111111,"{AB, AVC, Atria, LV, OFT, RV}",000100,{AVC},6,4,4,000100,{AVC},E8.5-2,82.0,Large
All,1,111111,"{AB, AVC, Atria, LV, OFT, RV}",000100,{AVC},6,4,4,000100,{AVC},E8.5-170,142.0,
All,1,111111,"{AB, AVC, Atria, LV, OFT, RV}",000100,{AVC},6,4,4,000100,{AVC},E8.5-156,48.0,Large
All,1,111111,"{AB, AVC, Atria, LV, OFT, RV}",000100,{AVC},6,4,4,000100,{AVC},E8.5-237,85.0,Large
All,1,111111,"{AB, AVC, Atria, LV, OFT, RV}",000100,{AVC},6,4,4,000100,{AVC},E8.5-25,91.0,Large
All,1,111111,"{AB, AVC, Atria, LV, OFT, RV}",000100,{AVC},6,4,4,000100,{AVC},E8.5-166,36.0,Large
All,1,111111,"{AB, AVC, Atria, LV, OFT, RV}",000100,{AVC},6,4,4,000100,{AVC},E8.5-77,35.0,Large
All,1,111111,"{AB, AVC, Atria, LV, OFT, RV}",000100,{AVC},6,4,4,000100,{AVC},E8.5-106,4.0,Small
All,1,111111,"{AB, AVC, Atria, LV, OFT, RV}",000100,{AVC},6,4,4,000100,{AVC},E8.5-29,8.0,Small
All,1,111111,"{AB, AVC, Atria, LV, OFT, RV}",000100,{AVC},7,4,0,111111,"{AB, AVC, Atria, LV, OFT, RV}",E8.5-2,82.0,Large
All,1,111111,"{AB, AVC, Atria, LV, OFT, RV}",000100,{AVC},7,4,0,111111,"{AB, AVC, Atria, LV, OFT, RV}",E8.5-170,142.0,
All,1,111111,"{AB, AVC, Atria, LV, OFT, RV}",000100,{AVC},7,4,0,111111,"{AB, AVC, Atria, LV, OFT, RV}",E8.5-156,48.0,Large
All,1,111111,"{AB, AVC, Atria, LV, OFT, RV}",000100,{AVC},7,4,0,111111,"{AB, AVC, Atria, LV, OFT, RV}",E8.5-237,85.0,Large
All,1,111111,"{AB, AVC, Atria, LV, OFT, RV}",000100,{AVC},7,4,0,111111,"{AB, AVC, Atria, LV, OFT, RV}",E8.5-25,91.0,Large
All,1,111111,"{AB, AVC, Atria, LV, OFT, RV}",000100,{AVC},7,4,0,111111,"{AB, AVC, Atria, LV, OFT, RV}",E8.5-166,36.0,Large
All,1,111111,"{AB, AVC, Atria, LV, OFT, RV}",000100,{AVC},7,4,0,111111,"{AB, AVC, Atria, LV, OFT, RV}",E8.5-177,17.0,Small
All,1,111111,"{AB, AVC, Atria, LV, OFT, RV}",000100,{AVC},7,4,0,111111,"{AB, AVC, Atria, LV, OFT, RV}",E8.5-106,4.0,Small
All,1,111111,"{AB, AVC, Atria, LV, OFT, RV}",000100,{AVC},7,4,0,111111,"{AB, AVC, Atria, LV, OFT, RV}",E8.5-29,8.0,Small
All,1,111111,"{AB, AVC, Atria, LV, OFT, RV}",000100,{AVC},7,4,1,011111,"{AB, AVC, Atria, LV, RV}",E8.5-2,82.0,Large
All,1,111111,"{AB, AVC, Atria, LV, OFT, RV}",000100,{AVC},7,4,1,011111,"{AB, AVC, Atria, LV, RV}",E8.5-170,142.0,
All,1,111111,"{AB, AVC, Atria, LV, OFT, RV}",000100,{AVC},7,4,1,011111,"{AB, AVC, Atria, LV, RV}",E8.5-156,48.0,Large
All,1,111111,"{AB, AVC, Atria, LV, OFT, RV}",000100,{AVC},7,4,1,011111,"{AB, AVC, Atria, LV, RV}",E8.5-237,85.0,Large
All,1,111111,"{AB, AVC, Atria, LV, OFT, RV}",000100,{AVC},7,4,1,011111,"{AB, AVC, Atria, LV, RV}",E8.5-25,91.0,Large
All,1,111111,"{AB, AVC, Atria, LV, OFT, RV}",000100,{AVC},7,4,1,011111,"{AB, AVC, Atria, LV, RV}",E8.5-166,36.0,Large
All,1,111111,"{AB, AVC, Atria, LV, OFT, RV}",000100,{AVC},7,4,1,011111,"{AB, AVC, Atria, LV, RV}",E8.5-177,17.0,Small
All,1,111111,"{AB, AVC, Atria, LV, OFT, RV}",000100,{AVC},7,4,1,011111,"{AB, AVC, Atria, LV, RV}",E8.5-106,4.0,Small
All,1,111111,"{AB, AVC, Atria, LV, OFT, RV}",000100,{AVC},7,4,1,011111,"{AB, AVC, Atria, LV, RV}",E8.5-29,8.0,Small
All,1,111111,"{AB, AVC, Atria, LV, OFT, RV}",000100,{AVC},7,4,2,011101,"{AVC, Atria, LV, RV}",E8.5-2,82.0,Large
All,1,111111,"{AB, AVC, Atria, LV, OFT, RV}",000100,{AVC},7,4,2,011101,"{AVC, Atria, LV, RV}",E8.5-170,142.0,
All,1,111111,"{AB, AVC, Atria, LV, OFT, RV}",000100,{AVC},7,4,2,011101,"{AVC, Atria, LV, RV}",E8.5-156,48.0,Large
All,1,111111,"{AB, AVC, Atria, LV, OFT, RV}",000100,{AVC},7,4,2,011101,"{AVC, Atria, LV, RV}",E8.5-237,85.0,Large
All,1,111111,"{AB, AVC, Atria, LV, OFT, RV}",000100,{AVC},7,4,2,011101,"{AVC, Atria, LV, RV}",E8.5-25,91.0,Large
All,1,111111,"{AB, AVC, Atria, LV, OFT, RV}",000100,{AVC},7,4,2,011101,"{AVC, Atria, LV, RV}",E8.5-166,36.0,Large
All,1,111111,"{AB, AVC, Atria, LV, OFT, RV}",000100,{AVC},7,4,2,011101,"{AVC, Atria, LV, RV}",E8.5-177,17.0,Small
All,1,111111,"{AB, AVC, Atria, LV, OFT, RV}",000100,{AVC},7,4,2,011101,"{AVC, Atria, LV, RV}",E8.5-106,4.0,Small
All,1,111111,"{AB, AVC, Atria, LV, OFT, RV}",000100,{AVC},7,4,2,011101,"{AVC, Atria, LV, RV}",E8.5-29,8.0,Small
All,1,111111,"{AB, AVC, Atria, LV, OFT, RV}",000100,{AVC},7,4,3,010100,"{AVC, RV}",E8.5-2,82.0,Large
All,1,111111,"{AB, AVC, Atria, LV, OFT, RV}",000100,{AVC},7,4,3,010100,"{AVC, RV}",E8.5-170,142.0,
All,1,111111,"{AB, AVC, Atria, LV, OFT, RV}",000100,{AVC},7,4,3,010100,"{AVC, RV}",E8.5-156,48.0,Large
All,1,111111,"{AB, AVC, Atria, LV, OFT, RV}",000100,{AVC},7,4,3,010100,"{AVC, RV}",E8.5-237,85.0,Large
All,1,111111,"{AB, AVC, Atria, LV, OFT, RV}",000100,{AVC},7,4,3,010100,"{AVC, RV}",E8.5-25,91.0,Large
All,1,111111,"{AB, AVC, Atria, LV, OFT, RV}",000100,{AVC},7,4,3,010100,"{AVC, RV}",E8.5-166,36.0,Large
All,1,111111,"{AB, AVC, Atria, LV, OFT, RV}",000100,{AVC},7,4,3,010100,"{AVC, RV}",E8.5-177,17.0,Small
All,1,111111,"{AB, AVC, Atria, LV, OFT, RV}",000100,{AVC},7,4,3,010100,"{AVC, RV}",E8.5-106,4.0,Small
All,1,111111,"{AB, AVC, Atria, LV, OFT, RV}",000100,{AVC},7,4,3,010100,"{AVC, RV}",E8.5-29,8.0,Small
All,1,111111,"{AB, AVC, Atria, LV, OFT, RV}",000100,{AVC},7,4,4,000100,{AVC},E8.5-2,82.0,Large
All,1,111111,"{AB, AVC, Atria, LV, OFT, RV}",000100,{AVC},7,4,4,000100,{AVC},E8.5-170,142.0,
All,1,111111,"{AB, AVC, Atria, LV, OFT, RV}",000100,{AVC},7,4,4,000100,{AVC},E8.5-156,48.0,Large
All,1,111111,"{AB, AVC, Atria, LV, OFT, RV}",000100,{AVC},7,4,4,000100,{AVC},E8.5-237,85.0,Large
All,1,111111,"{AB, AVC, Atria, LV, OFT, RV}",000100,{AVC},7,4,4,000100,{AVC},E8.5-25,91.0,Large
All,1,111111,"{AB, AVC, Atria, LV, OFT, RV}",000100,{AVC},7,4,4,000100,{AVC},E8.5-166,36.0,Large
All,1,111111,"{AB, AVC, Atria, LV, OFT, RV}",000100,{AVC},7,4,4,000100,{AVC},E8.5-177,17.0,Small
All,1,111111,"{AB, AVC, Atria, LV, OFT, RV}",000100,{AVC},7,4,4,000100,{AVC},E8.5-106,4.0,Small
All,1,111111,"{AB, AVC, Atria, LV, OFT, RV}",000100,{AVC},7,4,4,000100,{AVC},E8.5-29,8.0,Small
All,1,111111,"{AB, AVC, Atria, LV, OFT, RV}",000100,{AVC},8,3,0,111111,"{AB, AVC, Atria, LV, OFT, RV}",E8.5-2,82.0,Large
All,1,111111,"{AB, AVC, Atria, LV, OFT, RV}",000100,{AVC},8,3,0,111111,"{AB, AVC, Atria, LV, OFT, RV}",E8.5-170,142.0,
All,1,111111,"{AB, AVC, Atria, LV, OFT, RV}",000100,{AVC},8,3,0,111111,"{AB, AVC, Atria, LV, OFT, RV}",E8.5-156,48.0,Large
All,1,111111,"{AB, AVC, Atria, LV, OFT, RV}",000100,{AVC},8,3,0,111111,"{AB, AVC, Atria, LV, OFT, RV}",E8.5-237,85.0,Large
All,1,111111,"{AB, AVC, Atria, LV, OFT, RV}",000100,{AVC},8,3,0,111111,"{AB, AVC, Atria, LV, OFT, RV}",E8.5-25,91.0,Large
All,1,111111,"{AB, AVC, Atria, LV, OFT, RV}",000100,{AVC},8,3,0,111111,"{AB, AVC, Atria, LV, OFT, RV}",E8.5-77,35.0,Large
All,1,111111,"{AB, AVC, Atria, LV, OFT, RV}",000100,{AVC},8,3,0,111111,"{AB, AVC, Atria, LV, OFT, RV}",E8.5-106,4.0,Small
All,1,111111,"{AB, AVC, Atria, LV, OFT, RV}",000100,{AVC},8,3,0,111111,"{AB, AVC, Atria, LV, OFT, RV}",E8.5-29,8.0,Small
All,1,111111,"{AB, AVC, Atria, LV, OFT, RV}",000100,{AVC},8,3,1,011111,"{AB, AVC, Atria, LV, RV}",E8.5-2,82.0,Large
All,1,111111,"{AB, AVC, Atria, LV, OFT, RV}",000100,{AVC},8,3,1,011111,"{AB, AVC, Atria, LV, RV}",E8.5-170,142.0,
All,1,111111,"{AB, AVC, Atria, LV, OFT, RV}",000100,{AVC},8,3,1,011111,"{AB, AVC, Atria, LV, RV}",E8.5-156,48.0,Large
All,1,111111,"{AB, AVC, Atria, LV, OFT, RV}",000100,{AVC},8,3,1,011111,"{AB, AVC, Atria, LV, RV}",E8.5-237,85.0,Large
All,1,111111,"{AB, AVC, Atria, LV, OFT, RV}",000100,{AVC},8,3,1,011111,"{AB, AVC, Atria, LV, RV}",E8.5-25,91.0,Large
All,1,111111,"{AB, AVC, Atria, LV, OFT, RV}",000100,{AVC},8,3,1,011111,"{AB, AVC, Atria, LV, RV}",E8.5-77,35.0,Large
All,1,111111,"{AB, AVC, Atria, LV, OFT, RV}",000100,{AVC},8,3,1,011111,"{AB, AVC, Atria, LV, RV}",E8.5-106,4.0,Small
All,1,111111,"{AB, AVC, Atria, LV, OFT, RV}",000100,{AVC},8,3,1,011111,"{AB, AVC, Atria, LV, RV}",E8.5-29,8.0,Small
All,1,111111,"{AB, AVC, Atria, LV, OFT, RV}",000100,{AVC},8,3,2,001101,"{AVC, Atria, LV}",E8.5-2,82.0,Large
All,1,111111,"{AB, AVC, Atria, LV, OFT, RV}",000100,{AVC},8,3,2,001101,"{AVC, Atria, LV}",E8.5-170,142.0,
All,1,111111,"{AB, AVC, Atria, LV, OFT, RV}",000100,{AVC},8,3,2,001101,"{AVC, Atria, LV}",E8.5-156,48.0,Large
All,1,111111,"{AB, AVC, Atria, LV, OFT, RV}",000100,{AVC},8,3,2,001101,"{AVC, Atria, LV}",E8.5-237,85.0,Large
All,1,111111,"{AB, AVC, Atria, LV, OFT, RV}",000100,{AVC},8,3,2,001101,"{AVC, Atria, LV}",E8.5-25,91.0,Large
All,1,111111,"{AB, AVC, Atria, LV, OFT, RV}",000100,{AVC},8,3,2,001101,"{AVC, Atria, LV}",E8.5-77,35.0,Large
All,1,111111,"{AB, AVC, Atria, LV, OFT, RV}",000100,{AVC},8,3,2,001101,"{AVC, Atria, LV}",E8.5-106,4.0,Small
All,1,111111,"{AB, AVC, Atria, LV, OFT, RV}",000100,{AVC},8,3,2,001101,"{AVC, Atria, LV}",E8.5-29,8.0,Small
All,1,111111,"{AB, AVC, Atria, LV, OFT, RV}",000100,{AVC},8,3,3,000100,{AVC},E8.5-2,82.0,Large
All,1,111111,"{AB, AVC, Atria, LV, OFT, RV}",000100,{AVC},8,3,3,000100,{AVC},E8.5-170,142.0,
All,1,111111,"{AB, AVC, Atria, LV, OFT, RV}",000100,{AVC},8,3,3,000100,{AVC},E8.5-156,48.0,Large
All,1,111111,"{AB, AVC, Atria, LV, OFT, RV}",000100,{AVC},8,3,3,000100,{AVC},E8.5-237,85.0,Large
All,1,111111,"{AB, AVC, Atria, LV, OFT, RV}",000100,{AVC},8,3,3,000100,{AVC},E8.5-25,91.0,Large
All,1,111111,"{AB, AVC, Atria, LV, OFT, RV}",000100,{AVC},8,3,3,000100,{AVC},E8.5-77,35.0,Large
All,1,111111,"{AB, AVC, Atria, LV, OFT, RV}",000100,{AVC},8,3,3,000100,{AVC},E8.5-106,4.0,Small
All,1,111111,"{AB, AVC, Atria, LV, OFT, RV}",000100,{AVC},8,3,3,000100,{AVC},E8.5-29,8.0,Small
All,1,111111,"{AB, AVC, Atria, LV, OFT, RV}",000100,{AVC},9,4,0,111111,"{AB, AVC, Atria, LV, OFT, RV}",E8.5-2,82.0,Large
All,1,111111,"{AB, AVC, Atria, LV, OFT, RV}",000100,{AVC},9,4,0,111111,"{AB, AVC, Atria, LV, OFT, RV}",E8.5-170,142.0,
All,1,111111,"{AB, AVC, Atria, LV, OFT, RV}",000100,{AVC},9,4,0,111111,"{AB, AVC, Atria, LV, OFT, RV}",E8.5-156,48.0,Large
All,1,111111,"{AB, AVC, Atria, LV, OFT, RV}",000100,{AVC},9,4,0,111111,"{AB, AVC, Atria, LV, OFT, RV}",E8.5-237,85.0,Large
All,1,111111,"{AB, AVC, Atria, LV, OFT, RV}",000100,{AVC},9,4,0,111111,"{AB, AVC, Atria, LV, OFT, RV}",E8.5-25,91.0,Large
All,1,111111,"{AB, AVC, Atria, LV, OFT, RV}",000100,{AVC},9,4,0,111111,"{AB, AVC, Atria, LV, OFT, RV}",E8.5-215,41.0,Large
All,1,111111,"{AB, AVC, Atria, LV, OFT, RV}",000100,{AVC},9,4,0,111111,"{AB, AVC, Atria, LV, OFT, RV}",E8.5-102,42.0,Large
All,1,111111,"{AB, AVC, Atria, LV, OFT, RV}",000100,{AVC},9,4,0,111111,"{AB, AVC, Atria, LV, OFT, RV}",E8.5-177,17.0,Small
All,1,111111,"{AB, AVC, Atria, LV, OFT, RV}",000100,{AVC},9,4,0,111111,"{AB, AVC, Atria, LV, OFT, RV}",E8.5-106,4.0,Small
All,1,111111,"{AB, AVC, Atria, LV, OFT, RV}",000100,{AVC},9,4,0,111111,"{AB, AVC, Atria, LV, OFT, RV}",E8.5-29,8.0,Small
All,1,111111,"{AB, AVC, Atria, LV, OFT, RV}",000100,{AVC},9,4,1,011111,"{AB, AVC, Atria, LV, RV}",E8.5-2,82.0,Large
All,1,111111,"{AB, AVC, Atria, LV, OFT, RV}",000100,{AVC},9,4,1,011111,"{AB, AVC, Atria, LV, RV}",E8.5-170,142.0,
All,1,111111,"{AB, AVC, Atria, LV, OFT, RV}",000100,{AVC},9,4,1,011111,"{AB, AVC, Atria, LV, RV}",E8.5-156,48.0,Large
All,1,111111,"{AB, AVC, Atria, LV, OFT, RV}",000100,{AVC},9,4,1,011111,"{AB, AVC, Atria, LV, RV}",E8.5-237,85.0,Large
All,1,111111,"{AB, AVC, Atria, LV, OFT, RV}",000100,{AVC},9,4,1,011111,"{AB, AVC, Atria, LV, RV}",E8.5-25,91.0,Large
All,1,111111,"{AB, AVC, Atria, LV, OFT, RV}",000100,{AVC},9,4,1,011111,"{AB, AVC, Atria, LV, RV}",E8.5-215,41.0,Large
All,1,111111,"{AB, AVC, Atria, LV, OFT, RV}",000100,{AVC},9,4,1,011111,"{AB, AVC, Atria, LV, RV}",E8.5-102,42.0,Large
All,1,111111,"{AB, AVC, Atria, LV, OFT, RV}",000100,{AVC},9,4,1,011111,"{AB, AVC, Atria, LV, RV}",E8.5-177,17.0,Small
All,1,111111,"{AB, AVC, Atria, LV, OFT, RV}",000100,{AVC},9,4,1,011111,"{AB, AVC, Atria, LV, RV}",E8.5-106,4.0,Small
All,1,111111,"{AB, AVC, Atria, LV, OFT, RV}",000100,{AVC},9,4,1,011111,"{AB, AVC, Atria, LV, RV}",E8.5-29,8.0,Small
All,1,111111,"{AB, AVC, Atria, LV, OFT, RV}",000100,{AVC},9,4,2,011100,"{AVC, LV, RV}",E8.5-2,82.0,Large
All,1,111111,"{AB, AVC, Atria, LV, OFT, RV}",000100,{AVC},9,4,2,011100,"{AVC, LV, RV}",E8.5-170,142.0,
All,1,111111,"{AB, AVC, Atria, LV, OFT, RV}",000100,{AVC},9,4,2,011100,"{AVC, LV, RV}",E8.5-156,48.0,Large
All,1,111111,"{AB, AVC, Atria, LV, OFT, RV}",000100,{AVC},9,4,2,011100,"{AVC, LV, RV}",E8.5-237,85.0,Large
All,1,111111,"{AB, AVC, Atria, LV, OFT, RV}",000100,{AVC},9,4,2,011100,"{AVC, LV, RV}",E8.5-25,91.0,Large
All,1,111111,"{AB, AVC, Atria, LV, OFT, RV}",000100,{AVC},9,4,2,011100,"{AVC, LV, RV}",E8.5-215,41.0,Large
All,1,111111,"{AB, AVC, Atria, LV, OFT, RV}",000100,{AVC},9,4,2,011100,"{AVC, LV, RV}",E8.5-102,42.0,Large
All,1,111111,"{AB, AVC, Atria, LV, OFT, RV}",000100,{AVC},9,4,2,011100,"{AVC, LV, RV}",E8.5-177,17.0,Small
All,1,111111,"{AB, AVC, Atria, LV, OFT, RV}",000100,{AVC},9,4,2,011100,"{AVC, LV, RV}",E8.5-106,4.0,Small
All,1,111111,"{AB, AVC, Atria, LV, OFT, RV}",000100,{AVC},9,4,2,011100,"{AVC, LV, RV}",E8.5-29,8.0,Small
All,1,111111,"{AB, AVC, Atria, LV, OFT, RV}",000100,{AVC},9,4,3,010100,"{AVC, RV}",E8.5-2,82.0,Large
All,1,111111,"{AB, AVC, Atria, LV, OFT, RV}",000100,{AVC},9,4,3,010100,"{AVC, RV}",E8.5-170,142.0,
All,1,111111,"{AB, AVC, Atria, LV, OFT, RV}",000100,{AVC},9,4,3,010100,"{AVC, RV}",E8.5-156,48.0,Large
All,1,111111,"{AB, AVC, Atria, LV, OFT, RV}",000100,{AVC},9,4,3,010100,"{AVC, RV}",E8.5-237,85.0,Large
All,1,111111,"{AB, AVC, Atria, LV, OFT, RV}",000100,{AVC},9,4,3,010100,"{AVC, RV}",E8.5-25,91.0,Large
All,1,111111,"{AB, AVC, Atria, LV, OFT, RV}",000100,{AVC},9,4,3,010100,"{AVC, RV}",E8.5-215,41.0,Large
All,1,111111,"{AB, AVC, Atria, LV, OFT, RV}",000100,{AVC},9,4,3,010100,"{AVC, RV}",E8.5-102,42.0,Large
All,1,111111,"{AB, AVC, Atria, LV, OFT, RV}",000100,{AVC},9,4,3,010100,"{AVC, RV}",E8.5-177,17.0,Small
All,1,111111,"{AB, AVC, Atria, LV, OFT, RV}",000100,{AVC},9,4,3,010100,"{AVC, RV}",E8.5-106,4.0,Small
All,1,111111,"{AB, AVC, Atria, LV, OFT, RV}",000100,{AVC},9,4,3,010100,"{AVC, RV}",E8.5-29,8.0,Small
All,1,111111,"{AB, AVC, Atria, LV, OFT, RV}",000100,{AVC},9,4,4,000100,{AVC},E8.5-2,82.0,Large
All,1,111111,"{AB, AVC, Atria, LV, OFT, RV}",000100,{AVC},9,4,4,000100,{AVC},E8.5-170,142.0,
All,1,111111,"{AB, AVC, Atria, LV, OFT, RV}",000100,{AVC},9,4,4,000100,{AVC},E8.5-156,48.0,Large
All,1,111111,"{AB, AVC, Atria, LV, OFT, RV}",000100,{AVC},9,4,4,000100,{AVC},E8.5-237,85.0,Large
All,1,111111,"{AB, AVC, Atria, LV, OFT, RV}",000100,{AVC},9,4,4,000100,{AVC},E8.5-25,91.0,Large
All,1,111111,"{AB, AVC, Atria, LV, OFT, RV}",000100,{AVC},9,4,4,000100,{AVC},E8.5-215,41.0,Large
All,1,111111,"{AB, AVC, Atria, LV, OFT, RV}",000100,{AVC},9,4,4,000100,{AVC},E8.5-102,42.0,Large
All,1,111111,"{AB, AVC, Atria, LV, OFT, RV}",000100,{AVC},9,4,4,000100,{AVC},E8.5-177,17.0,Small
All,1,111111,"{AB, AVC, Atria, LV, OFT, RV}",000100,{AVC},9,4,4,000100,{AVC},E8.5-106,4.0,Small
All,1,111111,"{AB, AVC, Atria, LV, OFT, RV}",000100,{AVC},9,4,4,000100,{AVC},E8.5-29,8.0,Small
All,1,111111,"{AB, AVC, Atria, LV, OFT, RV}",000100,{AVC},10,3,0,111111,"{AB, AVC, Atria, LV, OFT, RV}",E8.5-2,82.0,Large
All,1,111111,"{AB, AVC, Atria, LV, OFT, RV}",000100,{AVC},10,3,0,111111,"{AB, AVC, Atria, LV, OFT, RV}",E8.5-170,142.0,
All,1,111111,"{AB, AVC, Atria, LV, OFT, RV}",000100,{AVC},10,3,0,111111,"{AB, AVC, Atria, LV, OFT, RV}",E8.5-156,48.0,Large
All,1,111111,"{AB, AVC, Atria, LV, OFT, RV}",000100,{AVC},10,3,0,111111,"{AB, AVC, Atria, LV, OFT, RV}",E8.5-237,85.0,Large
All,1,111111,"{AB, AVC, Atria, LV, OFT, RV}",000100,{AVC},10,3,0,111111,"{AB, AVC, Atria, LV, OFT, RV}",E8.5-25,91.0,Large
All,1,111111,"{AB, AVC, Atria, LV, OFT, RV}",000100,{AVC},10,3,0,111111,"{AB, AVC, Atria, LV, OFT, RV}",E8.5-215,41.0,Large
All,1,111111,"{AB, AVC, Atria, LV, OFT, RV}",000100,{AVC},10,3,0,111111,"{AB, AVC, Atria, LV, OFT, RV}",E8.5-102,42.0,Large
All,1,111111,"{AB, AVC, Atria, LV, OFT, RV}",000100,{AVC},10,3,0,111111,"{AB, AVC, Atria, LV, OFT, RV}",E8.5-106,4.0,Small
All,1,111111,"{AB, AVC, Atria, LV, OFT, RV}",000100,{AVC},10,3,0,111111,"{AB, AVC, Atria, LV, OFT, RV}",E8.5-29,8.0,Small
All,1,111111,"{AB, AVC, Atria, LV, OFT, RV}",000100,{AVC},10,3,1,011111,"{AB, AVC, Atria, LV, RV}",E8.5-2,82.0,Large
All,1,111111,"{AB, AVC, Atria, LV, OFT, RV}",000100,{AVC},10,3,1,011111,"{AB, AVC, Atria, LV, RV}",E8.5-170,142.0,
All,1,111111,"{AB, AVC, Atria, LV, OFT, RV}",000100,{AVC},10,3,1,011111,"{AB, AVC, Atria, LV, RV}",E8.5-156,48.0,Large
All,1,111111,"{AB, AVC, Atria, LV, OFT, RV}",000100,{AVC},10,3,1,011111,"{AB, AVC, Atria, LV, RV}",E8.5-237,85.0,Large
All,1,111111,"{AB, AVC, Atria, LV, OFT, RV}",000100,{AVC},10,3,1,011111,"{AB, AVC, Atria, LV, RV}",E8.5-25,91.0,Large
All,1,111111,"{AB, AVC, Atria, LV, OFT, RV}",000100,{AVC},10,3,1,011111,"{AB, AVC, Atria, LV, RV}",E8.5-215,41.0,Large
All,1,111111,"{AB, AVC, Atria, LV, OFT, RV}",000100,{AVC},10,3,1,011111,"{AB, AVC, Atria, LV, RV}",E8.5-102,42.0,Large
All,1,111111,"{AB, AVC, Atria, LV, OFT, RV}",000100,{AVC},10,3,1,011111,"{AB, AVC, Atria, LV, RV}",E8.5-106,4.0,Small
All,1,111111,"{AB, AVC, Atria, LV, OFT, RV}",000100,{AVC},10,3,1,011111,"{AB, AVC, Atria, LV, RV}",E8.5-29,8.0,Small
All,1,111111,"{AB, AVC, Atria, LV, OFT, RV}",000100,{AVC},10,3,2,011100,"{AVC, LV, RV}",E8.5-2,82.0,Large
All,1,111111,"{AB, AVC, Atria, LV, OFT, RV}",000100,{AVC},10,3,2,011100,"{AVC, LV, RV}",E8.5-170,142.0,
All,1,111111,"{AB, AVC, Atria, LV, OFT, RV}",000100,{AVC},10,3,2,011100,"{AVC, LV, RV}",E8.5-156,48.0,Large
All,1,111111,"{AB, AVC, Atria, LV, OFT, RV}",000100,{AVC},10,3,2,011100,"{AVC, LV, RV}",E8.5-237,85.0,Large
All,1,111111,"{AB, AVC, Atria, LV, OFT, RV}",000100,{AVC},10,3,2,011100,"{AVC, LV, RV}",E8.5-25,91.0,Large
All,1,111111,"{AB, AVC, Atria, LV, OFT, RV}",000100,{AVC},10,3,2,011100,"{AVC, LV, RV}",E8.5-215,41.0,Large
All,1,111111,"{AB, AVC, Atria, LV, OFT, RV}",000100,{AVC},10,3,2,011100,"{AVC, LV, RV}",E8.5-102,42.0,Large
All,1,111111,"{AB, AVC, Atria, LV, OFT, RV}",000100,{AVC},10,3,2,011100,"{AVC, LV, RV}",E8.5-106,4.0,Small
All,1,111111,"{AB, AVC, Atria, LV, OFT, RV}",000100,{AVC},10,3,2,011100,"{AVC, LV, RV}",E8.5-29,8.0,Small
All,1,111111,"{AB, AVC, Atria, LV, OFT, RV}",000100,{AVC},10,3,3,000100,{AVC},E8.5-2,82.0,Large
All,1,111111,"{AB, AVC, Atria, LV, OFT, RV}",000100,{AVC},10,3,3,000100,{AVC},E8.5-170,142.0,
All,1,111111,"{AB, AVC, Atria, LV, OFT, RV}",000100,{AVC},10,3,3,000100,{AVC},E8.5-156,48.0,Large
All,1,111111,"{AB, AVC, Atria, LV, OFT, RV}",000100,{AVC},10,3,3,000100,{AVC},E8.5-237,85.0,Large
All,1,111111,"{AB, AVC, Atria, LV, OFT, RV}",000100,{AVC},10,3,3,000100,{AVC},E8.5-25,91.0,Large
All,1,111111,"{AB, AVC, Atria, LV, OFT, RV}",000100,{AVC},10,3,3,000100,{AVC},E8.5-215,41.0,Large
All,1,111111,"{AB, AVC, Atria, LV, OFT, RV}",000100,{AVC},10,3,3,000100,{AVC},E8.5-102,42.0,Large
All,1,111111,"{AB, AVC, Atria, LV, OFT, RV}",000100,{AVC},10,3,3,000100,{AVC},E8.5-106,4.0,Small
All,1,111111,"{AB, AVC, Atria, LV, OFT, RV}",000100,{AVC},10,3,3,000100,{AVC},E8.5-29,8.0,Small
All,1,111111,"{AB, AVC, Atria, LV, OFT, RV}",000100,{AVC},11,4,0,111111,"{AB, AVC, Atria, LV, OFT, RV}",E8.5-2,82.0,Large
All,1,111111,"{AB, AVC, Atria, LV, OFT, RV}",000100,{AVC},11,4,0,111111,"{AB, AVC, Atria, LV, OFT, RV}",E8.5-170,142.0,
All,1,111111,"{AB, AVC, Atria, LV, OFT, RV}",000100,{AVC},11,4,0,111111,"{AB, AVC, Atria, LV, OFT, RV}",E8.5-218,30.0,Small
All,1,111111,"{AB, AVC, Atria, LV, OFT, RV}",000100,{AVC},11,4,0,111111,"{AB, AVC, Atria, LV, OFT, RV}",E8.5-72,34.0,Large
All,1,111111,"{AB, AVC, Atria, LV, OFT, RV}",000100,{AVC},11,4,0,111111,"{AB, AVC, Atria, LV, OFT, RV}",E8.5-68,11.0,Small
All,1,111111,"{AB, AVC, Atria, LV, OFT, RV}",000100,{AVC},11,4,0,111111,"{AB, AVC, Atria, LV, OFT, RV}",E8.5-75,38.0,Large
All,1,111111,"{AB, AVC, Atria, LV, OFT, RV}",000100,{AVC},11,4,0,111111,"{AB, AVC, Atria, LV, OFT, RV}",E8.5-66,8.0,Small
All,1,111111,"{AB, AVC, Atria, LV, OFT, RV}",000100,{AVC},11,4,0,111111,"{AB, AVC, Atria, LV, OFT, RV}",E8.5-135,9.0,Small
All,1,111111,"{AB, AVC, Atria, LV, OFT, RV}",000100,{AVC},11,4,0,111111,"{AB, AVC, Atria, LV, OFT, RV}",E8.5-117,19.0,Small
All,1,111111,"{AB, AVC, Atria, LV, OFT, RV}",000100,{AVC},11,4,0,111111,"{AB, AVC, Atria, LV, OFT, RV}",E8.5-49,31.0,Large
All,1,111111,"{AB, AVC, Atria, LV, OFT, RV}",000100,{AVC},11,4,0,111111,"{AB, AVC, Atria, LV, OFT, RV}",E8.5-106,4.0,Small
All,1,111111,"{AB, AVC, Atria, LV, OFT, RV}",000100,{AVC},11,4,0,111111,"{AB, AVC, Atria, LV, OFT, RV}",E8.5-29,8.0,Small
All,1,111111,"{AB, AVC, Atria, LV, OFT, RV}",000100,{AVC},11,4,1,001111,"{AB, AVC, Atria, LV}",E8.5-2,82.0,Large
All,1,111111,"{AB, AVC, Atria, LV, OFT, RV}",000100,{AVC},11,4,1,001111,"{AB, AVC, Atria, LV}",E8.5-170,142.0,
All,1,111111,"{AB, AVC, Atria, LV, OFT, RV}",000100,{AVC},11,4,1,001111,"{AB, AVC, Atria, LV}",E8.5-218,30.0,Small
All,1,111111,"{AB, AVC, Atria, LV, OFT, RV}",000100,{AVC},11,4,1,001111,"{AB, AVC, Atria, LV}",E8.5-72,34.0,Large
All,1,111111,"{AB, AVC, Atria, LV, OFT, RV}",000100,{AVC},11,4,1,001111,"{AB, AVC, Atria, LV}",E8.5-68,11.0,Small
All,1,111111,"{AB, AVC, Atria, LV, OFT, RV}",000100,{AVC},11,4,1,001111,"{AB, AVC, Atria, LV}",E8.5-75,38.0,Large
All,1,111111,"{AB, AVC, Atria, LV, OFT, RV}",000100,{AVC},11,4,1,001111,"{AB, AVC, Atria, LV}",E8.5-66,8.0,Small
All,1,111111,"{AB, AVC, Atria, LV, OFT, RV}",000100,{AVC},11,4,1,001111,"{AB, AVC, Atria, LV}",E8.5-135,9.0,Small
All,1,111111,"{AB, AVC, Atria, LV, OFT, RV}",000100,{AVC},11,4,1,001111,"{AB, AVC, Atria, LV}",E8.5-117,19.0,Small
All,1,111111,"{AB, AVC, Atria, LV, OFT, RV}",000100,{AVC},11,4,1,001111,"{AB, AVC, Atria, LV}",E8.5-49,31.0,Large
All,1,111111,"{AB, AVC, Atria, LV, OFT, RV}",000100,{AVC},11,4,1,001111,"{AB, AVC, Atria, LV}",E8.5-106,4.0,Small
All,1,111111,"{AB, AVC, Atria, LV, OFT, RV}",000100,{AVC},11,4,1,001111,"{AB, AVC, Atria, LV}",E8.5-29,8.0,Small
All,1,111111,"{AB, AVC, Atria, LV, OFT, RV}",000100,{AVC},11,4,2,000111,"{AB, AVC, Atria}",E8.5-2,82.0,Large
All,1,111111,"{AB, AVC, Atria, LV, OFT, RV}",000100,{AVC},11,4,2,000111,"{AB, AVC, Atria}",E8.5-170,142.0,
All,1,111111,"{AB, AVC, Atria, LV, OFT, RV}",000100,{AVC},11,4,2,000111,"{AB, AVC, Atria}",E8.5-218,30.0,Small
All,1,111111,"{AB, AVC, Atria, LV, OFT, RV}",000100,{AVC},11,4,2,000111,"{AB, AVC, Atria}",E8.5-72,34.0,Large
All,1,111111,"{AB, AVC, Atria, LV, OFT, RV}",000100,{AVC},11,4,2,000111,"{AB, AVC, Atria}",E8.5-68,11.0,Small
All,1,111111,"{AB, AVC, Atria, LV, OFT, RV}",000100,{AVC},11,4,2,000111,"{AB, AVC, Atria}",E8.5-75,38.0,Large
All,1,111111,"{AB, AVC, Atria, LV, OFT, RV}",000100,{AVC},11,4,2,000111,"{AB, AVC, Atria}",E8.5-66,8.0,Small
All,1,111111,"{AB, AVC, Atria, LV, OFT, RV}",000100,{AVC},11,4,2,000111,"{AB, AVC, Atria}",E8.5-135,9.0,Small
All,1,111111,"{AB, AVC, Atria, LV, OFT, RV}",000100,{AVC},11,4,2,000111,"{AB, AVC, Atria}",E8.5-117,19.0,Small
All,1,111111,"{AB, AVC, Atria, LV, OFT, RV}",000100,{AVC},11,4,2,000111,"{AB, AVC, Atria}",E8.5-49,31.0,Large
All,1,111111,"{AB, AVC, Atria, LV, OFT, RV}",000100,{AVC},11,4,2,000111,"{AB, AVC, Atria}",E8.5-106,4.0,Small
All,1,111111,"{AB, AVC, Atria, LV, OFT, RV}",000100,{AVC},11,4,2,000111,"{AB, AVC, Atria}",E8.5-29,8.0,Small
All,1,111111,"{AB, AVC, Atria, LV, OFT, RV}",000100,{AVC},11,4,3,000110,"{AB, AVC}",E8.5-2,82.0,Large
All,1,111111,"{AB, AVC, Atria, LV, OFT, RV}",000100,{AVC},11,4,3,000110,"{AB, AVC}",E8.5-170,142.0,
All,1,111111,"{AB, AVC, Atria, LV, OFT, RV}",000100,{AVC},11,4,3,000110,"{AB, AVC}",E8.5-218,30.0,Small
All,1,111111,"{AB, AVC, Atria, LV, OFT, RV}",000100,{AVC},11,4,3,000110,"{AB, AVC}",E8.5-72,34.0,Large
All,1,111111,"{AB, AVC, Atria, LV, OFT, RV}",000100,{AVC},11,4,3,000110,"{AB, AVC}",E8.5-68,11.0,Small
All,1,111111,"{AB, AVC, Atria, LV, OFT, RV}",000100,{AVC},11,4,3,000110,"{AB, AVC}",E8.5-75,38.0,Large
All,1,111111,"{AB, AVC, Atria, LV, OFT, RV}",000100,{AVC},11,4,3,000110,"{AB, AVC}",E8.5-66,8.0,Small
All,1,111111,"{AB, AVC, Atria, LV, OFT, RV}",000100,{AVC},11,4,3,000110,"{AB, AVC}",E8.5-135,9.0,Small
All,1,111111,"{AB, AVC, Atria, LV, OFT, RV}",000100,{AVC},11,4,3,000110,"{AB, AVC}",E8.5-117,19.0,Small
All,1,111111,"{AB, AVC, Atria, LV, OFT, RV}",000100,{AVC},11,4,3,000110,"{AB, AVC}",E8.5-49,31.0,Large
All,1,111111,"{AB, AVC, Atria, LV, OFT, RV}",000100,{AVC},11,4,3,000110,"{AB, AVC}",E8.5-106,4.0,Small
All,1,111111,"{AB, AVC, Atria, LV, OFT, RV}",000100,{AVC},11,4,3,000110,"{AB, AVC}",E8.5-29,8.0,Small
All,1,111111,"{AB, AVC, Atria, LV, OFT, RV}",000100,{AVC},11,4,4,000100,{AVC},E8.5-2,82.0,Large
All,1,111111,"{AB, AVC, Atria, LV, OFT, RV}",000100,{AVC},11,4,4,000100,{AVC},E8.5-170,142.0,
All,1,111111,"{AB, AVC, Atria, LV, OFT, RV}",000100,{AVC},11,4,4,000100,{AVC},E8.5-218,30.0,Small
All,1,111111,"{AB, AVC, Atria, LV, OFT, RV}",000100,{AVC},11,4,4,000100,{AVC},E8.5-72,34.0,Large
All,1,111111,"{AB, AVC, Atria, LV, OFT, RV}",000100,{AVC},11,4,4,000100,{AVC},E8.5-68,11.0,Small
All,1,111111,"{AB, AVC, Atria, LV, OFT, RV}",000100,{AVC},11,4,4,000100,{AVC},E8.5-75,38.0,Large
All,1,111111,"{AB, AVC, Atria, LV, OFT, RV}",000100,{AVC},11,4,4,000100,{AVC},E8.5-66,8.0,Small
All,1,111111,"{AB, AVC, Atria, LV, OFT, RV}",000100,{AVC},11,4,4,000100,{AVC},E8.5-135,9.0,Small
All,1,111111,"{AB, AVC, Atria, LV, OFT, RV}",000100,{AVC},11,4,4,000100,{AVC},E8.5-117,19.0,Small
All,1,111111,"{AB, AVC, Atria, LV, OFT, RV}",000100,{AVC},11,4,4,000100,{AVC},E8.5-49,31.0,Large
All,1,111111,"{AB, AVC, Atria, LV, OFT, RV}",000100,{AVC},11,4,4,000100,{AVC},E8.5-106,4.0,Small
All,1,111111,"{AB, AVC, Atria, LV, OFT, RV}",000100,{AVC},11,4,4,000100,{AVC},E8.5-29,8.0,Small
All,1,111111,"{AB, AVC, Atria, LV, OFT, RV}",000100,{AVC},12,3,0,111111,"{AB, AVC, Atria, LV, OFT, RV}",E8.5-2,82.0,Large
All,1,111111,"{AB, AVC, Atria, LV, OFT, RV}",000100,{AVC},12,3,0,111111,"{AB, AVC, Atria, LV, OFT, RV}",E8.5-170,142.0,
All,1,111111,"{AB, AVC, Atria, LV, OFT, RV}",000100,{AVC},12,3,0,111111,"{AB, AVC, Atria, LV, OFT, RV}",E8.5-218,30.0,Small
All,1,111111,"{AB, AVC, Atria, LV, OFT, RV}",000100,{AVC},12,3,0,111111,"{AB, AVC, Atria, LV, OFT, RV}",E8.5-72,34.0,Large
All,1,111111,"{AB, AVC, Atria, LV, OFT, RV}",000100,{AVC},12,3,0,111111,"{AB, AVC, Atria, LV, OFT, RV}",E8.5-68,11.0,Small
All,1,111111,"{AB, AVC, Atria, LV, OFT, RV}",000100,{AVC},12,3,0,111111,"{AB, AVC, Atria, LV, OFT, RV}",E8.5-75,38.0,Large
All,1,111111,"{AB, AVC, Atria, LV, OFT, RV}",000100,{AVC},12,3,0,111111,"{AB, AVC, Atria, LV, OFT, RV}",E8.5-106,4.0,Small
All,1,111111,"{AB, AVC, Atria, LV, OFT, RV}",000100,{AVC},12,3,0,111111,"{AB, AVC, Atria, LV, OFT, RV}",E8.5-29,8.0,Small
All,1,111111,"{AB, AVC, Atria, LV, OFT, RV}",000100,{AVC},12,3,1,001111,"{AB, AVC, Atria, LV}",E8.5-2,82.0,Large
All,1,111111,"{AB, AVC, Atria, LV, OFT, RV}",000100,{AVC},12,3,1,001111,"{AB, AVC, Atria, LV}",E8.5-170,142.0,
All,1,111111,"{AB, AVC, Atria, LV, OFT, RV}",000100,{AVC},12,3,1,001111,"{AB, AVC, Atria, LV}",E8.5-218,30.0,Small
All,1,111111,"{AB, AVC, Atria, LV, OFT, RV}",000100,{AVC},12,3,1,001111,"{AB, AVC, Atria, LV}",E8.5-72,34.0,Large
All,1,111111,"{AB, AVC, Atria, LV, OFT, RV}",000100,{AVC},12,3,1,001111,"{AB, AVC, Atria, LV}",E8.5-68,11.0,Small
All,1,111111,"{AB, AVC, Atria, LV, OFT, RV}",000100,{AVC},12,3,1,001111,"{AB, AVC, Atria, LV}",E8.5-75,38.0,Large
All,1,111111,"{AB, AVC, Atria, LV, OFT, RV}",000100,{AVC},12,3,1,001111,"{AB, AVC, Atria, LV}",E8.5-106,4.0,Small
All,1,111111,"{AB, AVC, Atria, LV, OFT, RV}",000100,{AVC},12,3,1,001111,"{AB, AVC, Atria, LV}",E8.5-29,8.0,Small
All,1,111111,"{AB, AVC, Atria, LV, OFT, RV}",000100,{AVC},12,3,2,000111,"{AB, AVC, Atria}",E8.5-2,82.0,Large
All,1,111111,"{AB, AVC, Atria, LV, OFT, RV}",000100,{AVC},12,3,2,000111,"{AB, AVC, Atria}",E8.5-170,142.0,
All,1,111111,"{AB, AVC, Atria, LV, OFT, RV}",000100,{AVC},12,3,2,000111,"{AB, AVC, Atria}",E8.5-218,30.0,Small
All,1,111111,"{AB, AVC, Atria, LV, OFT, RV}",000100,{AVC},12,3,2,000111,"{AB, AVC, Atria}",E8.5-72,34.0,Large
All,1,111111,"{AB, AVC, Atria, LV, OFT, RV}",000100,{AVC},12,3,2,000111,"{AB, AVC, Atria}",E8.5-68,11.0,Small
All,1,111111,"{AB, AVC, Atria, LV, OFT, RV}",000100,{AVC},12,3,2,000111,"{AB, AVC, Atria}",E8.5-75,38.0,Large
All,1,111111,"{AB, AVC, Atria, LV, OFT, RV}",000100,{AVC},12,3,2,000111,"{AB, AVC, Atria}",E8.5-106,4.0,Small
All,1,111111,"{AB, AVC, Atria, LV, OFT, RV}",000100,{AVC},12,3,2,000111,"{AB, AVC, Atria}",E8.5-29,8.0,Small
All,1,111111,"{AB, AVC, Atria, LV, OFT, RV}",000100,{AVC},12,3,3,000100,{AVC},E8.5-2,82.0,Large
All,1,111111,"{AB, AVC, Atria, LV, OFT, RV}",000100,{AVC},12,3,3,000100,{AVC},E8.5-170,142.0,
All,1,111111,"{AB, AVC, Atria, LV, OFT, RV}",000100,{AVC},12,3,3,000100,{AVC},E8.5-218,30.0,Small
All,1,111111,"{AB, AVC, Atria, LV, OFT, RV}",000100,{AVC},12,3,3,000100,{AVC},E8.5-72,34.0,Large
All,1,111111,"{AB, AVC, Atria, LV, OFT, RV}",000100,{AVC},12,3,3,000100,{AVC},E8.5-68,11.0,Small
All,1,111111,"{AB, AVC, Atria, LV, OFT, RV}",000100,{AVC},12,3,3,000100,{AVC},E8.5-75,38.0,Large
All,1,111111,"{AB, AVC, Atria, LV, OFT, RV}",000100,{AVC},12,3,3,000100,{AVC},E8.5-106,4.0,Small
All,1,111111,"{AB, AVC, Atria, LV, OFT, RV}",000100,{AVC},12,3,3,000100,{AVC},E8.5-29,8.0,Small
All,1,111111,"{AB, AVC, Atria, LV, OFT, RV}",000100,{AVC},13,3,0,111111,"{AB, AVC, Atria, LV, OFT, RV}",E8.5-2,82.0,Large
All,1,111111,"{AB, AVC, Atria, LV, OFT, RV}",000100,{AVC},13,3,0,111111,"{AB, AVC, Atria, LV, OFT, RV}",E8.5-170,142.0,
All,1,111111,"{AB, AVC, Atria, LV, OFT, RV}",000100,{AVC},13,3,0,111111,"{AB, AVC, Atria, LV, OFT, RV}",E8.5-218,30.0,Small
All,1,111111,"{AB, AVC, Atria, LV, OFT, RV}",000100,{AVC},13,3,0,111111,"{AB, AVC, Atria, LV, OFT, RV}",E8.5-72,34.0,Large
All,1,111111,"{AB, AVC, Atria, LV, OFT, RV}",000100,{AVC},13,3,0,111111,"{AB, AVC, Atria, LV, OFT, RV}",E8.5-66,8.0,Small
All,1,111111,"{AB, AVC, Atria, LV, OFT, RV}",000100,{AVC},13,3,0,111111,"{AB, AVC, Atria, LV, OFT, RV}",E8.5-135,9.0,Small
All,1,111111,"{AB, AVC, Atria, LV, OFT, RV}",000100,{AVC},13,3,0,111111,"{AB, AVC, Atria, LV, OFT, RV}",E8.5-117,19.0,Small
All,1,111111,"{AB, AVC, Atria, LV, OFT, RV}",000100,{AVC},13,3,0,111111,"{AB, AVC, Atria, LV, OFT, RV}",E8.5-49,31.0,Large
All,1,111111,"{AB, AVC, Atria, LV, OFT, RV}",000100,{AVC},13,3,0,111111,"{AB, AVC, Atria, LV, OFT, RV}",E8.5-106,4.0,Small
All,1,111111,"{AB, AVC, Atria, LV, OFT, RV}",000100,{AVC},13,3,0,111111,"{AB, AVC, Atria, LV, OFT, RV}",E8.5-29,8.0,Small
All,1,111111,"{AB, AVC, Atria, LV, OFT, RV}",000100,{AVC},13,3,1,001111,"{AB, AVC, Atria, LV}",E8.5-2,82.0,Large
All,1,111111,"{AB, AVC, Atria, LV, OFT, RV}",000100,{AVC},13,3,1,001111,"{AB, AVC, Atria, LV}",E8.5-170,142.0,
All,1,111111,"{AB, AVC, Atria, LV, OFT, RV}",000100,{AVC},13,3,1,001111,"{AB, AVC, Atria, LV}",E8.5-218,30.0,Small
All,1,111111,"{AB, AVC, Atria, LV, OFT, RV}",000100,{AVC},13,3,1,001111,"{AB, AVC, Atria, LV}",E8.5-72,34.0,Large
All,1,111111,"{AB, AVC, Atria, LV, OFT, RV}",000100,{AVC},13,3,1,001111,"{AB, AVC, Atria, LV}",E8.5-66,8.0,Small
All,1,111111,"{AB, AVC, Atria, LV, OFT, RV}",000100,{AVC},13,3,1,001111,"{AB, AVC, Atria, LV}",E8.5-135,9.0,Small
All,1,111111,"{AB, AVC, Atria, LV, OFT, RV}",000100,{AVC},13,3,1,001111,"{AB, AVC, Atria, LV}",E8.5-117,19.0,Small
All,1,111111,"{AB, AVC, Atria, LV, OFT, RV}",000100,{AVC},13,3,1,001111,"{AB, AVC, Atria, LV}",E8.5-49,31.0,Large
All,1,111111,"{AB, AVC, Atria, LV, OFT, RV}",000100,{AVC},13,3,1,001111,"{AB, AVC, Atria, LV}",E8.5-106,4.0,Small
All,1,111111,"{AB, AVC, Atria, LV, OFT, RV}",000100,{AVC},13,3,1,001111,"{AB, AVC, Atria, LV}",E8.5-29,8.0,Small
All,1,111111,"{AB, AVC, Atria, LV, OFT, RV}",000100,{AVC},13,3,2,000110,"{AB, AVC}",E8.5-2,82.0,Large
All,1,111111,"{AB, AVC, Atria, LV, OFT, RV}",000100,{AVC},13,3,2,000110,"{AB, AVC}",E8.5-170,142.0,
All,1,111111,"{AB, AVC, Atria, LV, OFT, RV}",000100,{AVC},13,3,2,000110,"{AB, AVC}",E8.5-218,30.0,Small
All,1,111111,"{AB, AVC, Atria, LV, OFT, RV}",000100,{AVC},13,3,2,000110,"{AB, AVC}",E8.5-72,34.0,Large
All,1,111111,"{AB, AVC, Atria, LV, OFT, RV}",000100,{AVC},13,3,2,000110,"{AB, AVC}",E8.5-66,8.0,Small
All,1,111111,"{AB, AVC, Atria, LV, OFT, RV}",000100,{AVC},13,3,2,000110,"{AB, AVC}",E8.5-135,9.0,Small
All,1,111111,"{AB, AVC, Atria, LV, OFT, RV}",000100,{AVC},13,3,2,000110,"{AB, AVC}",E8.5-117,19.0,Small
All,1,111111,"{AB, AVC, Atria, LV, OFT, RV}",000100,{AVC},13,3,2,000110,"{AB, AVC}",E8.5-49,31.0,Large
All,1,111111,"{AB, AVC, Atria, LV, OFT, RV}",000100,{AVC},13,3,2,000110,"{AB, AVC}",E8.5-106,4.0,Small
All,1,111111,"{AB, AVC, Atria, LV, OFT, RV}",000100,{AVC},13,3,2,000110,"{AB, AVC}",E8.5-29,8.0,Small
All,1,111111,"{AB, AVC, Atria, LV, OFT, RV}",000100,{AVC},13,3,3,000100,{AVC},E8.5-2,82.0,Large
All,1,111111,"{AB, AVC, Atria, LV, OFT, RV}",000100,{AVC},13,3,3,000100,{AVC},E8.5-170,142.0,
All,1,111111,"{AB, AVC, Atria, LV, OFT, RV}",000100,{AVC},13,3,3,000100,{AVC},E8.5-218,30.0,Small
All,1,111111,"{AB, AVC, Atria, LV, OFT, RV}",000100,{AVC},13,3,3,000100,{AVC},E8.5-72,34.0,Large
All,1,111111,"{AB, AVC, Atria, LV, OFT, RV}",000100,{AVC},13,3,3,000100,{AVC},E8.5-66,8.0,Small
All,1,111111,"{AB, AVC, Atria, LV, OFT, RV}",000100,{AVC},13,3,3,000100,{AVC},E8.5-135,9.0,Small
All,1,111111,"{AB, AVC, Atria, LV, OFT, RV}",000100,{AVC},13,3,3,000100,{AVC},E8.5-117,19.0,Small
All,1,111111,"{AB, AVC, Atria, LV, OFT, RV}",000100,{AVC},13,3,3,000100,{AVC},E8.5-49,31.0,Large
All,1,111111,"{AB, AVC, Atria, LV, OFT, RV}",000100,{AVC},13,3,3,000100,{AVC},E8.5-106,4.0,Small
All,1,111111,"{AB, AVC, Atria, LV, OFT, RV}",000100,{AVC},13,3,3,000100,{AVC},E8.5-29,8.0,Small
All,1,111111,"{AB, AVC, Atria, LV, OFT, RV}",000100,{AVC},14,3,0,111111,"{AB, AVC, Atria, LV, OFT, RV}",E8.5-2,82.0,Large
All,1,111111,"{AB, AVC, Atria, LV, OFT, RV}",000100,{AVC},14,3,0,111111,"{AB, AVC, Atria, LV, OFT, RV}",E8.5-170,142.0,
All,1,111111,"{AB, AVC, Atria, LV, OFT, RV}",000100,{AVC},14,3,0,111111,"{AB, AVC, Atria, LV, OFT, RV}",E8.5-166,36.0,Large
All,1,111111,"{AB, AVC, Atria, LV, OFT, RV}",000100,{AVC},14,3,0,111111,"{AB, AVC, Atria, LV, OFT, RV}",E8.5-77,35.0,Large
All,1,111111,"{AB, AVC, Atria, LV, OFT, RV}",000100,{AVC},14,3,0,111111,"{AB, AVC, Atria, LV, OFT, RV}",E8.5-106,4.0,Small
All,1,111111,"{AB, AVC, Atria, LV, OFT, RV}",000100,{AVC},14,3,0,111111,"{AB, AVC, Atria, LV, OFT, RV}",E8.5-29,8.0,Small
All,1,111111,"{AB, AVC, Atria, LV, OFT, RV}",000100,{AVC},14,3,1,011101,"{AVC, Atria, LV, RV}",E8.5-2,82.0,Large
All,1,111111,"{AB, AVC, Atria, LV, OFT, RV}",000100,{AVC},14,3,1,011101,"{AVC, Atria, LV, RV}",E8.5-170,142.0,
All,1,111111,"{AB, AVC, Atria, LV, OFT, RV}",000100,{AVC},14,3,1,011101,"{AVC, Atria, LV, RV}",E8.5-166,36.0,Large
All,1,111111,"{AB, AVC, Atria, LV, OFT, RV}",000100,{AVC},14,3,1,011101,"{AVC, Atria, LV, RV}",E8.5-77,35.0,Large
All,1,111111,"{AB, AVC, Atria, LV, OFT, RV}",000100,{AVC},14,3,1,011101,"{AVC, Atria, LV, RV}",E8.5-106,4.0,Small
All,1,111111,"{AB, AVC, Atria, LV, OFT, RV}",000100,{AVC},14,3,1,011101,"{AVC, Atria, LV, RV}",E8.5-29,8.0,Small
All,1,111111,"{AB, AVC, Atria, LV, OFT, RV}",000100,{AVC},14,3,2,001101,"{AVC, Atria, LV}",E8.5-2,82.0,Large
All,1,111111,"{AB, AVC, Atria, LV, OFT, RV}",000100,{AVC},14,3,2,001101,"{AVC, Atria, LV}",E8.5-170,142.0,
All,1,111111,"{AB, AVC, Atria, LV, OFT, RV}",000100,{AVC},14,3,2,001101,"{AVC, Atria, LV}",E8.5-166,36.0,Large
All,1,111111,"{AB, AVC, Atria, LV, OFT, RV}",000100,{AVC},14,3,2,001101,"{AVC, Atria, LV}",E8.5-77,35.0,Large
All,1,111111,"{AB, AVC, Atria, LV, OFT, RV}",000100,{AVC},14,3,2,001101,"{AVC, Atria, LV}",E8.5-106,4.0,Small
All,1,111111,"{AB, AVC, Atria, LV, OFT, RV}",000100,{AVC},14,3,2,001101,"{AVC, Atria, LV}",E8.5-29,8.0,Small
All,1,111111,"{AB, AVC, Atria, LV, OFT, RV}",000100,{AVC},14,3,3,000100,{AVC},E8.5-2,82.0,Large
All,1,111111,"{AB, AVC, Atria, LV, OFT, RV}",000100,{AVC},14,3,3,000100,{AVC},E8.5-170,142.0,
All,1,111111,"{AB, AVC, Atria, LV, OFT, RV}",000100,{AVC},14,3,3,000100,{AVC},E8.5-166,36.0,Large
All,1,111111,"{AB, AVC, Atria, LV, OFT, RV}",000100,{AVC},14,3,3,000100,{AVC},E8.5-77,35.0,Large
All,1,111111,"{AB, AVC, Atria, LV, OFT, RV}",000100,{AVC},14,3,3,000100,{AVC},E8.5-106,4.0,Small
All,1,111111,"{AB, AVC, Atria, LV, OFT, RV}",000100,{AVC},14,3,3,000100,{AVC},E8.5-29,8.0,Small
All,1,111111,"{AB, AVC, Atria, LV, OFT, RV}",000100,{AVC},15,3,0,111111,"{AB, AVC, Atria, LV, OFT, RV}",E8.5-2,82.0,Large
All,1,111111,"{AB, AVC, Atria, LV, OFT, RV}",000100,{AVC},15,3,0,111111,"{AB, AVC, Atria, LV, OFT, RV}",E8.5-170,142.0,
All,1,111111,"{AB, AVC, Atria, LV, OFT, RV}",000100,{AVC},15,3,0,111111,"{AB, AVC, Atria, LV, OFT, RV}",E8.5-166,36.0,Large
All,1,111111,"{AB, AVC, Atria, LV, OFT, RV}",000100,{AVC},15,3,0,111111,"{AB, AVC, Atria, LV, OFT, RV}",E8.5-177,17.0,Small
All,1,111111,"{AB, AVC, Atria, LV, OFT, RV}",000100,{AVC},15,3,0,111111,"{AB, AVC, Atria, LV, OFT, RV}",E8.5-106,4.0,Small
All,1,111111,"{AB, AVC, Atria, LV, OFT, RV}",000100,{AVC},15,3,0,111111,"{AB, AVC, Atria, LV, OFT, RV}",E8.5-29,8.0,Small
All,1,111111,"{AB, AVC, Atria, LV, OFT, RV}",000100,{AVC},15,3,1,011101,"{AVC, Atria, LV, RV}",E8.5-2,82.0,Large
All,1,111111,"{AB, AVC, Atria, LV, OFT, RV}",000100,{AVC},15,3,1,011101,"{AVC, Atria, LV, RV}",E8.5-170,142.0,
All,1,111111,"{AB, AVC, Atria, LV, OFT, RV}",000100,{AVC},15,3,1,011101,"{AVC, Atria, LV, RV}",E8.5-166,36.0,Large
All,1,111111,"{AB, AVC, Atria, LV, OFT, RV}",000100,{AVC},15,3,1,011101,"{AVC, Atria, LV, RV}",E8.5-177,17.0,Small
All,1,111111,"{AB, AVC, Atria, LV, OFT, RV}",000100,{AVC},15,3,1,011101,"{AVC, Atria, LV, RV}",E8.5-106,4.0,Small
All,1,111111,"{AB, AVC, Atria, LV, OFT, RV}",000100,{AVC},15,3,1,011101,"{AVC, Atria, LV, RV}",E8.5-29,8.0,Small
All,1,111111,"{AB, AVC, Atria, LV, OFT, RV}",000100,{AVC},15,3,2,010100,"{AVC, RV}",E8.5-2,82.0,Large
All,1,111111,"{AB, AVC, Atria, LV, OFT, RV}",000100,{AVC},15,3,2,010100,"{AVC, RV}",E8.5-170,142.0,
All,1,111111,"{AB, AVC, Atria, LV, OFT, RV}",000100,{AVC},15,3,2,010100,"{AVC, RV}",E8.5-166,36.0,Large
All,1,111111,"{AB, AVC, Atria, LV, OFT, RV}",000100,{AVC},15,3,2,010100,"{AVC, RV}",E8.5-177,17.0,Small
All,1,111111,"{AB, AVC, Atria, LV, OFT, RV}",000100,{AVC},15,3,2,010100,"{AVC, RV}",E8.5-106,4.0,Small
All,1,111111,"{AB, AVC, Atria, LV, OFT, RV}",000100,{AVC},15,3,2,010100,"{AVC, RV}",E8.5-29,8.0,Small
All,1,111111,"{AB, AVC, Atria, LV, OFT, RV}",000100,{AVC},15,3,3,000100,{AVC},E8.5-2,82.0,Large
All,1,111111,"{AB, AVC, Atria, LV, OFT, RV}",000100,{AVC},15,3,3,000100,{AVC},E8.5-170,142.0,
All,1,111111,"{AB, AVC, Atria, LV, OFT, RV}",000100,{AVC},15,3,3,000100,{AVC},E8.5-166,36.0,Large
All,1,111111,"{AB, AVC, Atria, LV, OFT, RV}",000100,{AVC},15,3,3,000100,{AVC},E8.5-177,17.0,Small
All,1,111111,"{AB, AVC, Atria, LV, OFT, RV}",000100,{AVC},15,3,3,000100,{AVC},E8.5-106,4.0,Small
All,1,111111,"{AB, AVC, Atria, LV, OFT, RV}",000100,{AVC},15,3,3,000100,{AVC},E8.5-29,8.0,Small
All,1,111111,"{AB, AVC, Atria, LV, OFT, RV}",000100,{AVC},16,3,0,111111,"{AB, AVC, Atria, LV, OFT, RV}",E8.5-2,82.0,Large
All,1,111111,"{AB, AVC, Atria, LV, OFT, RV}",000100,{AVC},16,3,0,111111,"{AB, AVC, Atria, LV, OFT, RV}",E8.5-170,142.0,
All,1,111111,"{AB, AVC, Atria, LV, OFT, RV}",000100,{AVC},16,3,0,111111,"{AB, AVC, Atria, LV, OFT, RV}",E8.5-191,36.0,Large
All,1,111111,"{AB, AVC, Atria, LV, OFT, RV}",000100,{AVC},16,3,0,111111,"{AB, AVC, Atria, LV, OFT, RV}",E8.5-177,17.0,Small
All,1,111111,"{AB, AVC, Atria, LV, OFT, RV}",000100,{AVC},16,3,0,111111,"{AB, AVC, Atria, LV, OFT, RV}",E8.5-106,4.0,Small
All,1,111111,"{AB, AVC, Atria, LV, OFT, RV}",000100,{AVC},16,3,0,111111,"{AB, AVC, Atria, LV, OFT, RV}",E8.5-29,8.0,Small
All,1,111111,"{AB, AVC, Atria, LV, OFT, RV}",000100,{AVC},16,3,1,110101,"{AVC, Atria, OFT, RV}",E8.5-2,82.0,Large
All,1,111111,"{AB, AVC, Atria, LV, OFT, RV}",000100,{AVC},16,3,1,110101,"{AVC, Atria, OFT, RV}",E8.5-170,142.0,
All,1,111111,"{AB, AVC, Atria, LV, OFT, RV}",000100,{AVC},16,3,1,110101,"{AVC, Atria, OFT, RV}",E8.5-191,36.0,Large
All,1,111111,"{AB, AVC, Atria, LV, OFT, RV}",000100,{AVC},16,3,1,110101,"{AVC, Atria, OFT, RV}",E8.5-177,17.0,Small
All,1,111111,"{AB, AVC, Atria, LV, OFT, RV}",000100,{AVC},16,3,1,110101,"{AVC, Atria, OFT, RV}",E8.5-106,4.0,Small
All,1,111111,"{AB, AVC, Atria, LV, OFT, RV}",000100,{AVC},16,3,1,110101,"{AVC, Atria, OFT, RV}",E8.5-29,8.0,Small
All,1,111111,"{AB, AVC, Atria, LV, OFT, RV}",000100,{AVC},16,3,2,010100,"{AVC, RV}",E8.5-2,82.0,Large
All,1,111111,"{AB, AVC, Atria, LV, OFT, RV}",000100,{AVC},16,3,2,010100,"{AVC, RV}",E8.5-170,142.0,
All,1,111111,"{AB, AVC, Atria, LV, OFT, RV}",000100,{AVC},16,3,2,010100,"{AVC, RV}",E8.5-191,36.0,Large
All,1,111111,"{AB, AVC, Atria, LV, OFT, RV}",000100,{AVC},16,3,2,010100,"{AVC, RV}",E8.5-177,17.0,Small
All,1,111111,"{AB, AVC, Atria, LV, OFT, RV}",000100,{AVC},16,3,2,010100,"{AVC, RV}",E8.5-106,4.0,Small
All,1,111111,"{AB, AVC, Atria, LV, OFT, RV}",000100,{AVC},16,3,2,010100,"{AVC, RV}",E8.5-29,8.0,Small
All,1,111111,"{AB, AVC, Atria, LV, OFT, RV}",000100,{AVC},16,3,3,000100,{AVC},E8.5-2,82.0,Large
All,1,111111,"{AB, AVC, Atria, LV, OFT, RV}",000100,{AVC},16,3,3,000100,{AVC},E8.5-170,142.0,
All,1,111111,"{AB, AVC, Atria, LV, OFT, RV}",000100,{AVC},16,3,3,000100,{AVC},E8.5-191,36.0,Large
All,1,111111,"{AB, AVC, Atria, LV, OFT, RV}",000100,{AVC},16,3,3,000100,{AVC},E8.5-177,17.0,Small
All,1,111111,"{AB, AVC, Atria, LV, OFT, RV}",000100,{AVC},16,3,3,000100,{AVC},E8.5-106,4.0,Small
All,1,111111,"{AB, AVC, Atria, LV, OFT, RV}",000100,{AVC},16,3,3,000100,{AVC},E8.5-29,8.0,Small
All,1,111111,"{AB, AVC, Atria, LV, OFT, RV}",000001,{Atria},1,5,0,111111,"{AB, AVC, Atria, LV, OFT, RV}",E8.5-2,82.0,Large
All,1,111111,"{AB, AVC, Atria, LV, OFT, RV}",000001,{Atria},1,5,0,111111,"{AB, AVC, Atria, LV, OFT, RV}",E8.5-170,142.0,
All,1,111111,"{AB, AVC, Atria, LV, OFT, RV}",000001,{Atria},1,5,0,111111,"{AB, AVC, Atria, LV, OFT, RV}",E8.5-156,48.0,Large
All,1,111111,"{AB, AVC, Atria, LV, OFT, RV}",000001,{Atria},1,5,0,111111,"{AB, AVC, Atria, LV, OFT, RV}",E8.5-237,85.0,Large
All,1,111111,"{AB, AVC, Atria, LV, OFT, RV}",000001,{Atria},1,5,0,111111,"{AB, AVC, Atria, LV, OFT, RV}",E8.5-25,91.0,Large
All,1,111111,"{AB, AVC, Atria, LV, OFT, RV}",000001,{Atria},1,5,0,111111,"{AB, AVC, Atria, LV, OFT, RV}",E8.5-218,30.0,Small
All,1,111111,"{AB, AVC, Atria, LV, OFT, RV}",000001,{Atria},1,5,0,111111,"{AB, AVC, Atria, LV, OFT, RV}",E8.5-72,34.0,Large
All,1,111111,"{AB, AVC, Atria, LV, OFT, RV}",000001,{Atria},1,5,0,111111,"{AB, AVC, Atria, LV, OFT, RV}",E8.5-68,11.0,Small
All,1,111111,"{AB, AVC, Atria, LV, OFT, RV}",000001,{Atria},1,5,0,111111,"{AB, AVC, Atria, LV, OFT, RV}",E8.5-75,38.0,Large
All,1,111111,"{AB, AVC, Atria, LV, OFT, RV}",000001,{Atria},1,5,0,111111,"{AB, AVC, Atria, LV, OFT, RV}",E8.5-15,12.0,Small
All,1,111111,"{AB, AVC, Atria, LV, OFT, RV}",000001,{Atria},1,5,0,111111,"{AB, AVC, Atria, LV, OFT, RV}",E8.5-144,20.0,Small
All,1,111111,"{AB, AVC, Atria, LV, OFT, RV}",000001,{Atria},1,5,0,111111,"{AB, AVC, Atria, LV, OFT, RV}",E8.5-227,30.0,Small
All,1,111111,"{AB, AVC, Atria, LV, OFT, RV}",000001,{Atria},1,5,0,111111,"{AB, AVC, Atria, LV, OFT, RV}",E8.5-178,4.0,Small
All,1,111111,"{AB, AVC, Atria, LV, OFT, RV}",000001,{Atria},1,5,0,111111,"{AB, AVC, Atria, LV, OFT, RV}",E8.5-146,4.0,Small
All,1,111111,"{AB, AVC, Atria, LV, OFT, RV}",000001,{Atria},1,5,0,111111,"{AB, AVC, Atria, LV, OFT, RV}",E8.5-21,5.0,Small
All,1,111111,"{AB, AVC, Atria, LV, OFT, RV}",000001,{Atria},1,5,0,111111,"{AB, AVC, Atria, LV, OFT, RV}",E8.5-224,6.0,Small
All,1,111111,"{AB, AVC, Atria, LV, OFT, RV}",000001,{Atria},1,5,0,111111,"{AB, AVC, Atria, LV, OFT, RV}",E8.5-6,7.0,Small
All,1,111111,"{AB, AVC, Atria, LV, OFT, RV}",000001,{Atria},1,5,0,111111,"{AB, AVC, Atria, LV, OFT, RV}",E8.5-7,7.0,Small
All,1,111111,"{AB, AVC, Atria, LV, OFT, RV}",000001,{Atria},1,5,0,111111,"{AB, AVC, Atria, LV, OFT, RV}",E8.5-116,8.0,Small
All,1,111111,"{AB, AVC, Atria, LV, OFT, RV}",000001,{Atria},1,5,0,111111,"{AB, AVC, Atria, LV, OFT, RV}",E8.5-172,8.0,Small
All,1,111111,"{AB, AVC, Atria, LV, OFT, RV}",000001,{Atria},1,5,0,111111,"{AB, AVC, Atria, LV, OFT, RV}",E8.5-193,10.0,Small
All,1,111111,"{AB, AVC, Atria, LV, OFT, RV}",000001,{Atria},1,5,0,111111,"{AB, AVC, Atria, LV, OFT, RV}",E8.5-20,16.0,Small
All,1,111111,"{AB, AVC, Atria, LV, OFT, RV}",000001,{Atria},1,5,0,111111,"{AB, AVC, Atria, LV, OFT, RV}",E8.5-138,16.0,Small
All,1,111111,"{AB, AVC, Atria, LV, OFT, RV}",000001,{Atria},1,5,0,111111,"{AB, AVC, Atria, LV, OFT, RV}",E8.5-110,17.0,Small
All,1,111111,"{AB, AVC, Atria, LV, OFT, RV}",000001,{Atria},1,5,0,111111,"{AB, AVC, Atria, LV, OFT, RV}",E8.5-221,20.0,Small
All,1,111111,"{AB, AVC, Atria, LV, OFT, RV}",000001,{Atria},1,5,0,111111,"{AB, AVC, Atria, LV, OFT, RV}",E8.5-16,25.0,Small
All,1,111111,"{AB, AVC, Atria, LV, OFT, RV}",000001,{Atria},1,5,0,111111,"{AB, AVC, Atria, LV, OFT, RV}",E8.5-201,42.0,Large
All,1,111111,"{AB, AVC, Atria, LV, OFT, RV}",000001,{Atria},1,5,1,011111,"{AB, AVC, Atria, LV, RV}",E8.5-2,82.0,Large
All,1,111111,"{AB, AVC, Atria, LV, OFT, RV}",000001,{Atria},1,5,1,011111,"{AB, AVC, Atria, LV, RV}",E8.5-170,142.0,
All,1,111111,"{AB, AVC, Atria, LV, OFT, RV}",000001,{Atria},1,5,1,011111,"{AB, AVC, Atria, LV, RV}",E8.5-156,48.0,Large
All,1,111111,"{AB, AVC, Atria, LV, OFT, RV}",000001,{Atria},1,5,1,011111,"{AB, AVC, Atria, LV, RV}",E8.5-237,85.0,Large
All,1,111111,"{AB, AVC, Atria, LV, OFT, RV}",000001,{Atria},1,5,1,011111,"{AB, AVC, Atria, LV, RV}",E8.5-25,91.0,Large
All,1,111111,"{AB, AVC, Atria, LV, OFT, RV}",000001,{Atria},1,5,1,011111,"{AB, AVC, Atria, LV, RV}",E8.5-218,30.0,Small
All,1,111111,"{AB, AVC, Atria, LV, OFT, RV}",000001,{Atria},1,5,1,011111,"{AB, AVC, Atria, LV, RV}",E8.5-72,34.0,Large
All,1,111111,"{AB, AVC, Atria, LV, OFT, RV}",000001,{Atria},1,5,1,011111,"{AB, AVC, Atria, LV, RV}",E8.5-68,11.0,Small
All,1,111111,"{AB, AVC, Atria, LV, OFT, RV}",000001,{Atria},1,5,1,011111,"{AB, AVC, Atria, LV, RV}",E8.5-75,38.0,Large
All,1,111111,"{AB, AVC, Atria, LV, OFT, RV}",000001,{Atria},1,5,1,011111,"{AB, AVC, Atria, LV, RV}",E8.5-15,12.0,Small
All,1,111111,"{AB, AVC, Atria, LV, OFT, RV}",000001,{Atria},1,5,1,011111,"{AB, AVC, Atria, LV, RV}",E8.5-144,20.0,Small
All,1,111111,"{AB, AVC, Atria, LV, OFT, RV}",000001,{Atria},1,5,1,011111,"{AB, AVC, Atria, LV, RV}",E8.5-227,30.0,Small
All,1,111111,"{AB, AVC, Atria, LV, OFT, RV}",000001,{Atria},1,5,1,011111,"{AB, AVC, Atria, LV, RV}",E8.5-178,4.0,Small
All,1,111111,"{AB, AVC, Atria, LV, OFT, RV}",000001,{Atria},1,5,1,011111,"{AB, AVC, Atria, LV, RV}",E8.5-146,4.0,Small
All,1,111111,"{AB, AVC, Atria, LV, OFT, RV}",000001,{Atria},1,5,1,011111,"{AB, AVC, Atria, LV, RV}",E8.5-21,5.0,Small
All,1,111111,"{AB, AVC, Atria, LV, OFT, RV}",000001,{Atria},1,5,1,011111,"{AB, AVC, Atria, LV, RV}",E8.5-224,6.0,Small
All,1,111111,"{AB, AVC, Atria, LV, OFT, RV}",000001,{Atria},1,5,1,011111,"{AB, AVC, Atria, LV, RV}",E8.5-6,7.0,Small
All,1,111111,"{AB, AVC, Atria, LV, OFT, RV}",000001,{Atria},1,5,1,011111,"{AB, AVC, Atria, LV, RV}",E8.5-7,7.0,Small
All,1,111111,"{AB, AVC, Atria, LV, OFT, RV}",000001,{Atria},1,5,1,011111,"{AB, AVC, Atria, LV, RV}",E8.5-116,8.0,Small
All,1,111111,"{AB, AVC, Atria, LV, OFT, RV}",000001,{Atria},1,5,1,011111,"{AB, AVC, Atria, LV, RV}",E8.5-172,8.0,Small
All,1,111111,"{AB, AVC, Atria, LV, OFT, RV}",000001,{Atria},1,5,1,011111,"{AB, AVC, Atria, LV, RV}",E8.5-193,10.0,Small
All,1,111111,"{AB, AVC, Atria, LV, OFT, RV}",000001,{Atria},1,5,1,011111,"{AB, AVC, Atria, LV, RV}",E8.5-20,16.0,Small
All,1,111111,"{AB, AVC, Atria, LV, OFT, RV}",000001,{Atria},1,5,1,011111,"{AB, AVC, Atria, LV, RV}",E8.5-138,16.0,Small
All,1,111111,"{AB, AVC, Atria, LV, OFT, RV}",000001,{Atria},1,5,1,011111,"{AB, AVC, Atria, LV, RV}",E8.5-110,17.0,Small
All,1,111111,"{AB, AVC, Atria, LV, OFT, RV}",000001,{Atria},1,5,1,011111,"{AB, AVC, Atria, LV, RV}",E8.5-221,20.0,Small
All,1,111111,"{AB, AVC, Atria, LV, OFT, RV}",000001,{Atria},1,5,1,011111,"{AB, AVC, Atria, LV, RV}",E8.5-16,25.0,Small
All,1,111111,"{AB, AVC, Atria, LV, OFT, RV}",000001,{Atria},1,5,1,011111,"{AB, AVC, Atria, LV, RV}",E8.5-201,42.0,Large
All,1,111111,"{AB, AVC, Atria, LV, OFT, RV}",000001,{Atria},1,5,2,001111,"{AB, AVC, Atria, LV}",E8.5-2,82.0,Large
All,1,111111,"{AB, AVC, Atria, LV, OFT, RV}",000001,{Atria},1,5,2,001111,"{AB, AVC, Atria, LV}",E8.5-170,142.0,
All,1,111111,"{AB, AVC, Atria, LV, OFT, RV}",000001,{Atria},1,5,2,001111,"{AB, AVC, Atria, LV}",E8.5-156,48.0,Large
All,1,111111,"{AB, AVC, Atria, LV, OFT, RV}",000001,{Atria},1,5,2,001111,"{AB, AVC, Atria, LV}",E8.5-237,85.0,Large
All,1,111111,"{AB, AVC, Atria, LV, OFT, RV}",000001,{Atria},1,5,2,001111,"{AB, AVC, Atria, LV}",E8.5-25,91.0,Large
All,1,111111,"{AB, AVC, Atria, LV, OFT, RV}",000001,{Atria},1,5,2,001111,"{AB, AVC, Atria, LV}",E8.5-218,30.0,Small
All,1,111111,"{AB, AVC, Atria, LV, OFT, RV}",000001,{Atria},1,5,2,001111,"{AB, AVC, Atria, LV}",E8.5-72,34.0,Large
All,1,111111,"{AB, AVC, Atria, LV, OFT, RV}",000001,{Atria},1,5,2,001111,"{AB, AVC, Atria, LV}",E8.5-68,11.0,Small
All,1,111111,"{AB, AVC, Atria, LV, OFT, RV}",000001,{Atria},1,5,2,001111,"{AB, AVC, Atria, LV}",E8.5-75,38.0,Large
All,1,111111,"{AB, AVC, Atria, LV, OFT, RV}",000001,{Atria},1,5,2,001111,"{AB, AVC, Atria, LV}",E8.5-15,12.0,Small
All,1,111111,"{AB, AVC, Atria, LV, OFT, RV}",000001,{Atria},1,5,2,001111,"{AB, AVC, Atria, LV}",E8.5-144,20.0,Small
All,1,111111,"{AB, AVC, Atria, LV, OFT, RV}",000001,{Atria},1,5,2,001111,"{AB, AVC, Atria, LV}",E8.5-227,30.0,Small
All,1,111111,"{AB, AVC, Atria, LV, OFT, RV}",000001,{Atria},1,5,2,001111,"{AB, AVC, Atria, LV}",E8.5-178,4.0,Small
All,1,111111,"{AB, AVC, Atria, LV, OFT, RV}",000001,{Atria},1,5,2,001111,"{AB, AVC, Atria, LV}",E8.5-146,4.0,Small
All,1,111111,"{AB, AVC, Atria, LV, OFT, RV}",000001,{Atria},1,5,2,001111,"{AB, AVC, Atria, LV}",E8.5-21,5.0,Small
All,1,111111,"{AB, AVC, Atria, LV, OFT, RV}",000001,{Atria},1,5,2,001111,"{AB, AVC, Atria, LV}",E8.5-224,6.0,Small
All,1,111111,"{AB, AVC, Atria, LV, OFT, RV}",000001,{Atria},1,5,2,001111,"{AB, AVC, Atria, LV}",E8.5-6,7.0,Small
All,1,111111,"{AB, AVC, Atria, LV, OFT, RV}",000001,{Atria},1,5,2,001111,"{AB, AVC, Atria, LV}",E8.5-7,7.0,Small
All,1,111111,"{AB, AVC, Atria, LV, OFT, RV}",000001,{Atria},1,5,2,001111,"{AB, AVC, Atria, LV}",E8.5-116,8.0,Small
All,1,111111,"{AB, AVC, Atria, LV, OFT, RV}",000001,{Atria},1,5,2,001111,"{AB, AVC, Atria, LV}",E8.5-172,8.0,Small
All,1,111111,"{AB, AVC, Atria, LV, OFT, RV}",000001,{Atria},1,5,2,001111,"{AB, AVC, Atria, LV}",E8.5-193,10.0,Small
All,1,111111,"{AB, AVC, Atria, LV, OFT, RV}",000001,{Atria},1,5,2,001111,"{AB, AVC, Atria, LV}",E8.5-20,16.0,Small
All,1,111111,"{AB, AVC, Atria, LV, OFT, RV}",000001,{Atria},1,5,2,001111,"{AB, AVC, Atria, LV}",E8.5-138,16.0,Small
All,1,111111,"{AB, AVC, Atria, LV, OFT, RV}",000001,{Atria},1,5,2,001111,"{AB, AVC, Atria, LV}",E8.5-110,17.0,Small
All,1,111111,"{AB, AVC, Atria, LV, OFT, RV}",000001,{Atria},1,5,2,001111,"{AB, AVC, Atria, LV}",E8.5-221,20.0,Small
All,1,111111,"{AB, AVC, Atria, LV, OFT, RV}",000001,{Atria},1,5,2,001111,"{AB, AVC, Atria, LV}",E8.5-16,25.0,Small
All,1,111111,"{AB, AVC, Atria, LV, OFT, RV}",000001,{Atria},1,5,2,001111,"{AB, AVC, Atria, LV}",E8.5-201,42.0,Large
All,1,111111,"{AB, AVC, Atria, LV, OFT, RV}",000001,{Atria},1,5,3,000111,"{AB, AVC, Atria}",E8.5-2,82.0,Large
All,1,111111,"{AB, AVC, Atria, LV, OFT, RV}",000001,{Atria},1,5,3,000111,"{AB, AVC, Atria}",E8.5-170,142.0,
All,1,111111,"{AB, AVC, Atria, LV, OFT, RV}",000001,{Atria},1,5,3,000111,"{AB, AVC, Atria}",E8.5-156,48.0,Large
All,1,111111,"{AB, AVC, Atria, LV, OFT, RV}",000001,{Atria},1,5,3,000111,"{AB, AVC, Atria}",E8.5-237,85.0,Large
All,1,111111,"{AB, AVC, Atria, LV, OFT, RV}",000001,{Atria},1,5,3,000111,"{AB, AVC, Atria}",E8.5-25,91.0,Large
All,1,111111,"{AB, AVC, Atria, LV, OFT, RV}",000001,{Atria},1,5,3,000111,"{AB, AVC, Atria}",E8.5-218,30.0,Small
All,1,111111,"{AB, AVC, Atria, LV, OFT, RV}",000001,{Atria},1,5,3,000111,"{AB, AVC, Atria}",E8.5-72,34.0,Large
All,1,111111,"{AB, AVC, Atria, LV, OFT, RV}",000001,{Atria},1,5,3,000111,"{AB, AVC, Atria}",E8.5-68,11.0,Small
All,1,111111,"{AB, AVC, Atria, LV, OFT, RV}",000001,{Atria},1,5,3,000111,"{AB, AVC, Atria}",E8.5-75,38.0,Large
All,1,111111,"{AB, AVC, Atria, LV, OFT, RV}",000001,{Atria},1,5,3,000111,"{AB, AVC, Atria}",E8.5-15,12.0,Small
All,1,111111,"{AB, AVC, Atria, LV, OFT, RV}",000001,{Atria},1,5,3,000111,"{AB, AVC, Atria}",E8.5-144,20.0,Small
All,1,111111,"{AB, AVC, Atria, LV, OFT, RV}",000001,{Atria},1,5,3,000111,"{AB, AVC, Atria}",E8.5-227,30.0,Small
All,1,111111,"{AB, AVC, Atria, LV, OFT, RV}",000001,{Atria},1,5,3,000111,"{AB, AVC, Atria}",E8.5-178,4.0,Small
All,1,111111,"{AB, AVC, Atria, LV, OFT, RV}",000001,{Atria},1,5,3,000111,"{AB, AVC, Atria}",E8.5-146,4.0,Small
All,1,111111,"{AB, AVC, Atria, LV, OFT, RV}",000001,{Atria},1,5,3,000111,"{AB, AVC, Atria}",E8.5-21,5.0,Small
All,1,111111,"{AB, AVC, Atria, LV, OFT, RV}",000001,{Atria},1,5,3,000111,"{AB, AVC, Atria}",E8.5-224,6.0,Small
All,1,111111,"{AB, AVC, Atria, LV, OFT, RV}",000001,{Atria},1,5,3,000111,"{AB, AVC, Atria}",E8.5-6,7.0,Small
All,1,111111,"{AB, AVC, Atria, LV, OFT, RV}",000001,{Atria},1,5,3,000111,"{AB, AVC, Atria}",E8.5-7,7.0,Small
All,1,111111,"{AB, AVC, Atria, LV, OFT, RV}",000001,{Atria},1,5,3,000111,"{AB, AVC, Atria}",E8.5-116,8.0,Small
All,1,111111,"{AB, AVC, Atria, LV, OFT, RV}",000001,{Atria},1,5,3,000111,"{AB, AVC, Atria}",E8.5-172,8.0,Small
All,1,111111,"{AB, AVC, Atria, LV, OFT, RV}",000001,{Atria},1,5,3,000111,"{AB, AVC, Atria}",E8.5-193,10.0,Small
All,1,111111,"{AB, AVC, Atria, LV, OFT, RV}",000001,{Atria},1,5,3,000111,"{AB, AVC, Atria}",E8.5-20,16.0,Small
All,1,111111,"{AB, AVC, Atria, LV, OFT, RV}",000001,{Atria},1,5,3,000111,"{AB, AVC, Atria}",E8.5-138,16.0,Small
All,1,111111,"{AB, AVC, Atria, LV, OFT, RV}",000001,{Atria},1,5,3,000111,"{AB, AVC, Atria}",E8.5-110,17.0,Small
All,1,111111,"{AB, AVC, Atria, LV, OFT, RV}",000001,{Atria},1,5,3,000111,"{AB, AVC, Atria}",E8.5-221,20.0,Small
All,1,111111,"{AB, AVC, Atria, LV, OFT, RV}",000001,{Atria},1,5,3,000111,"{AB, AVC, Atria}",E8.5-16,25.0,Small
All,1,111111,"{AB, AVC, Atria, LV, OFT, RV}",000001,{Atria},1,5,3,000111,"{AB, AVC, Atria}",E8.5-201,42.0,Large
All,1,111111,"{AB, AVC, Atria, LV, OFT, RV}",000001,{Atria},1,5,4,000011,"{AB, Atria}",E8.5-2,82.0,Large
All,1,111111,"{AB, AVC, Atria, LV, OFT, RV}",000001,{Atria},1,5,4,000011,"{AB, Atria}",E8.5-170,142.0,
All,1,111111,"{AB, AVC, Atria, LV, OFT, RV}",000001,{Atria},1,5,4,000011,"{AB, Atria}",E8.5-156,48.0,Large
All,1,111111,"{AB, AVC, Atria, LV, OFT, RV}",000001,{Atria},1,5,4,000011,"{AB, Atria}",E8.5-237,85.0,Large
All,1,111111,"{AB, AVC, Atria, LV, OFT, RV}",000001,{Atria},1,5,4,000011,"{AB, Atria}",E8.5-25,91.0,Large
All,1,111111,"{AB, AVC, Atria, LV, OFT, RV}",000001,{Atria},1,5,4,000011,"{AB, Atria}",E8.5-218,30.0,Small
All,1,111111,"{AB, AVC, Atria, LV, OFT, RV}",000001,{Atria},1,5,4,000011,"{AB, Atria}",E8.5-72,34.0,Large
All,1,111111,"{AB, AVC, Atria, LV, OFT, RV}",000001,{Atria},1,5,4,000011,"{AB, Atria}",E8.5-68,11.0,Small
All,1,111111,"{AB, AVC, Atria, LV, OFT, RV}",000001,{Atria},1,5,4,000011,"{AB, Atria}",E8.5-75,38.0,Large
All,1,111111,"{AB, AVC, Atria, LV, OFT, RV}",000001,{Atria},1,5,4,000011,"{AB, Atria}",E8.5-15,12.0,Small
All,1,111111,"{AB, AVC, Atria, LV, OFT, RV}",000001,{Atria},1,5,4,000011,"{AB, Atria}",E8.5-144,20.0,Small
All,1,111111,"{AB, AVC, Atria, LV, OFT, RV}",000001,{Atria},1,5,4,000011,"{AB, Atria}",E8.5-227,30.0,Small
All,1,111111,"{AB, AVC, Atria, LV, OFT, RV}",000001,{Atria},1,5,4,000011,"{AB, Atria}",E8.5-178,4.0,Small
All,1,111111,"{AB, AVC, Atria, LV, OFT, RV}",000001,{Atria},1,5,4,000011,"{AB, Atria}",E8.5-146,4.0,Small
All,1,111111,"{AB, AVC, Atria, LV, OFT, RV}",000001,{Atria},1,5,4,000011,"{AB, Atria}",E8.5-21,5.0,Small
All,1,111111,"{AB, AVC, Atria, LV, OFT, RV}",000001,{Atria},1,5,4,000011,"{AB, Atria}",E8.5-224,6.0,Small
All,1,111111,"{AB, AVC, Atria, LV, OFT, RV}",000001,{Atria},1,5,4,000011,"{AB, Atria}",E8.5-6,7.0,Small
All,1,111111,"{AB, AVC, Atria, LV, OFT, RV}",000001,{Atria},1,5,4,000011,"{AB, Atria}",E8.5-7,7.0,Small
All,1,111111,"{AB, AVC, Atria, LV, OFT, RV}",000001,{Atria},1,5,4,000011,"{AB, Atria}",E8.5-116,8.0,Small
All,1,111111,"{AB, AVC, Atria, LV, OFT, RV}",000001,{Atria},1,5,4,000011,"{AB, Atria}",E8.5-172,8.0,Small
All,1,111111,"{AB, AVC, Atria, LV, OFT, RV}",000001,{Atria},1,5,4,000011,"{AB, Atria}",E8.5-193,10.0,Small
All,1,111111,"{AB, AVC, Atria, LV, OFT, RV}",000001,{Atria},1,5,4,000011,"{AB, Atria}",E8.5-20,16.0,Small
All,1,111111,"{AB, AVC, Atria, LV, OFT, RV}",000001,{Atria},1,5,4,000011,"{AB, Atria}",E8.5-138,16.0,Small
All,1,111111,"{AB, AVC, Atria, LV, OFT, RV}",000001,{Atria},1,5,4,000011,"{AB, Atria}",E8.5-110,17.0,Small
All,1,111111,"{AB, AVC, Atria, LV, OFT, RV}",000001,{Atria},1,5,4,000011,"{AB, Atria}",E8.5-221,20.0,Small
All,1,111111,"{AB, AVC, Atria, LV, OFT, RV}",000001,{Atria},1,5,4,000011,"{AB, Atria}",E8.5-16,25.0,Small
All,1,111111,"{AB, AVC, Atria, LV, OFT, RV}",000001,{Atria},1,5,4,000011,"{AB, Atria}",E8.5-201,42.0,Large
All,1,111111,"{AB, AVC, Atria, LV, OFT, RV}",000001,{Atria},1,5,5,000001,{Atria},E8.5-2,82.0,Large
All,1,111111,"{AB, AVC, Atria, LV, OFT, RV}",000001,{Atria},1,5,5,000001,{Atria},E8.5-170,142.0,
All,1,111111,"{AB, AVC, Atria, LV, OFT, RV}",000001,{Atria},1,5,5,000001,{Atria},E8.5-156,48.0,Large
All,1,111111,"{AB, AVC, Atria, LV, OFT, RV}",000001,{Atria},1,5,5,000001,{Atria},E8.5-237,85.0,Large
All,1,111111,"{AB, AVC, Atria, LV, OFT, RV}",000001,{Atria},1,5,5,000001,{Atria},E8.5-25,91.0,Large
All,1,111111,"{AB, AVC, Atria, LV, OFT, RV}",000001,{Atria},1,5,5,000001,{Atria},E8.5-218,30.0,Small
All,1,111111,"{AB, AVC, Atria, LV, OFT, RV}",000001,{Atria},1,5,5,000001,{Atria},E8.5-72,34.0,Large
All,1,111111,"{AB, AVC, Atria, LV, OFT, RV}",000001,{Atria},1,5,5,000001,{Atria},E8.5-68,11.0,Small
All,1,111111,"{AB, AVC, Atria, LV, OFT, RV}",000001,{Atria},1,5,5,000001,{Atria},E8.5-75,38.0,Large
All,1,111111,"{AB, AVC, Atria, LV, OFT, RV}",000001,{Atria},1,5,5,000001,{Atria},E8.5-15,12.0,Small
All,1,111111,"{AB, AVC, Atria, LV, OFT, RV}",000001,{Atria},1,5,5,000001,{Atria},E8.5-144,20.0,Small
All,1,111111,"{AB, AVC, Atria, LV, OFT, RV}",000001,{Atria},1,5,5,000001,{Atria},E8.5-227,30.0,Small
All,1,111111,"{AB, AVC, Atria, LV, OFT, RV}",000001,{Atria},1,5,5,000001,{Atria},E8.5-178,4.0,Small
All,1,111111,"{AB, AVC, Atria, LV, OFT, RV}",000001,{Atria},1,5,5,000001,{Atria},E8.5-146,4.0,Small
All,1,111111,"{AB, AVC, Atria, LV, OFT, RV}",000001,{Atria},1,5,5,000001,{Atria},E8.5-21,5.0,Small
All,1,111111,"{AB, AVC, Atria, LV, OFT, RV}",000001,{Atria},1,5,5,000001,{Atria},E8.5-224,6.0,Small
All,1,111111,"{AB, AVC, Atria, LV, OFT, RV}",000001,{Atria},1,5,5,000001,{Atria},E8.5-6,7.0,Small
All,1,111111,"{AB, AVC, Atria, LV, OFT, RV}",000001,{Atria},1,5,5,000001,{Atria},E8.5-7,7.0,Small
All,1,111111,"{AB, AVC, Atria, LV, OFT, RV}",000001,{Atria},1,5,5,000001,{Atria},E8.5-116,8.0,Small
All,1,111111,"{AB, AVC, Atria, LV, OFT, RV}",000001,{Atria},1,5,5,000001,{Atria},E8.5-172,8.0,Small
All,1,111111,"{AB, AVC, Atria, LV, OFT, RV}",000001,{Atria},1,5,5,000001,{Atria},E8.5-193,10.0,Small
All,1,111111,"{AB, AVC, Atria, LV, OFT, RV}",000001,{Atria},1,5,5,000001,{Atria},E8.5-20,16.0,Small
All,1,111111,"{AB, AVC, Atria, LV, OFT, RV}",000001,{Atria},1,5,5,000001,{Atria},E8.5-138,16.0,Small
All,1,111111,"{AB, AVC, Atria, LV, OFT, RV}",000001,{Atria},1,5,5,000001,{Atria},E8.5-110,17.0,Small
All,1,111111,"{AB, AVC, Atria, LV, OFT, RV}",000001,{Atria},1,5,5,000001,{Atria},E8.5-221,20.0,Small
All,1,111111,"{AB, AVC, Atria, LV, OFT, RV}",000001,{Atria},1,5,5,000001,{Atria},E8.5-16,25.0,Small
All,1,111111,"{AB, AVC, Atria, LV, OFT, RV}",000001,{Atria},1,5,5,000001,{Atria},E8.5-201,42.0,Large
All,1,111111,"{AB, AVC, Atria, LV, OFT, RV}",000001,{Atria},2,4,0,111111,"{AB, AVC, Atria, LV, OFT, RV}",E8.5-2,82.0,Large
All,1,111111,"{AB, AVC, Atria, LV, OFT, RV}",000001,{Atria},2,4,0,111111,"{AB, AVC, Atria, LV, OFT, RV}",E8.5-170,142.0,
All,1,111111,"{AB, AVC, Atria, LV, OFT, RV}",000001,{Atria},2,4,0,111111,"{AB, AVC, Atria, LV, OFT, RV}",E8.5-156,48.0,Large
All,1,111111,"{AB, AVC, Atria, LV, OFT, RV}",000001,{Atria},2,4,0,111111,"{AB, AVC, Atria, LV, OFT, RV}",E8.5-237,85.0,Large
All,1,111111,"{AB, AVC, Atria, LV, OFT, RV}",000001,{Atria},2,4,0,111111,"{AB, AVC, Atria, LV, OFT, RV}",E8.5-25,91.0,Large
All,1,111111,"{AB, AVC, Atria, LV, OFT, RV}",000001,{Atria},2,4,0,111111,"{AB, AVC, Atria, LV, OFT, RV}",E8.5-218,30.0,Small
All,1,111111,"{AB, AVC, Atria, LV, OFT, RV}",000001,{Atria},2,4,0,111111,"{AB, AVC, Atria, LV, OFT, RV}",E8.5-72,34.0,Large
All,1,111111,"{AB, AVC, Atria, LV, OFT, RV}",000001,{Atria},2,4,0,111111,"{AB, AVC, Atria, LV, OFT, RV}",E8.5-68,11.0,Small
All,1,111111,"{AB, AVC, Atria, LV, OFT, RV}",000001,{Atria},2,4,0,111111,"{AB, AVC, Atria, LV, OFT, RV}",E8.5-75,38.0,Large
All,1,111111,"{AB, AVC, Atria, LV, OFT, RV}",000001,{Atria},2,4,0,111111,"{AB, AVC, Atria, LV, OFT, RV}",E8.5-178,4.0,Small
All,1,111111,"{AB, AVC, Atria, LV, OFT, RV}",000001,{Atria},2,4,0,111111,"{AB, AVC, Atria, LV, OFT, RV}",E8.5-146,4.0,Small
All,1,111111,"{AB, AVC, Atria, LV, OFT, RV}",000001,{Atria},2,4,0,111111,"{AB, AVC, Atria, LV, OFT, RV}",E8.5-21,5.0,Small
All,1,111111,"{AB, AVC, Atria, LV, OFT, RV}",000001,{Atria},2,4,0,111111,"{AB, AVC, Atria, LV, OFT, RV}",E8.5-224,6.0,Small
All,1,111111,"{AB, AVC, Atria, LV, OFT, RV}",000001,{Atria},2,4,0,111111,"{AB, AVC, Atria, LV, OFT, RV}",E8.5-6,7.0,Small
All,1,111111,"{AB, AVC, Atria, LV, OFT, RV}",000001,{Atria},2,4,0,111111,"{AB, AVC, Atria, LV, OFT, RV}",E8.5-7,7.0,Small
All,1,111111,"{AB, AVC, Atria, LV, OFT, RV}",000001,{Atria},2,4,0,111111,"{AB, AVC, Atria, LV, OFT, RV}",E8.5-116,8.0,Small
All,1,111111,"{AB, AVC, Atria, LV, OFT, RV}",000001,{Atria},2,4,0,111111,"{AB, AVC, Atria, LV, OFT, RV}",E8.5-172,8.0,Small
All,1,111111,"{AB, AVC, Atria, LV, OFT, RV}",000001,{Atria},2,4,0,111111,"{AB, AVC, Atria, LV, OFT, RV}",E8.5-193,10.0,Small
All,1,111111,"{AB, AVC, Atria, LV, OFT, RV}",000001,{Atria},2,4,0,111111,"{AB, AVC, Atria, LV, OFT, RV}",E8.5-20,16.0,Small
All,1,111111,"{AB, AVC, Atria, LV, OFT, RV}",000001,{Atria},2,4,0,111111,"{AB, AVC, Atria, LV, OFT, RV}",E8.5-138,16.0,Small
All,1,111111,"{AB, AVC, Atria, LV, OFT, RV}",000001,{Atria},2,4,0,111111,"{AB, AVC, Atria, LV, OFT, RV}",E8.5-110,17.0,Small
All,1,111111,"{AB, AVC, Atria, LV, OFT, RV}",000001,{Atria},2,4,0,111111,"{AB, AVC, Atria, LV, OFT, RV}",E8.5-221,20.0,Small
All,1,111111,"{AB, AVC, Atria, LV, OFT, RV}",000001,{Atria},2,4,0,111111,"{AB, AVC, Atria, LV, OFT, RV}",E8.5-16,25.0,Small
All,1,111111,"{AB, AVC, Atria, LV, OFT, RV}",000001,{Atria},2,4,0,111111,"{AB, AVC, Atria, LV, OFT, RV}",E8.5-201,42.0,Large
All,1,111111,"{AB, AVC, Atria, LV, OFT, RV}",000001,{Atria},2,4,1,011111,"{AB, AVC, Atria, LV, RV}",E8.5-2,82.0,Large
All,1,111111,"{AB, AVC, Atria, LV, OFT, RV}",000001,{Atria},2,4,1,011111,"{AB, AVC, Atria, LV, RV}",E8.5-170,142.0,
All,1,111111,"{AB, AVC, Atria, LV, OFT, RV}",000001,{Atria},2,4,1,011111,"{AB, AVC, Atria, LV, RV}",E8.5-156,48.0,Large
All,1,111111,"{AB, AVC, Atria, LV, OFT, RV}",000001,{Atria},2,4,1,011111,"{AB, AVC, Atria, LV, RV}",E8.5-237,85.0,Large
All,1,111111,"{AB, AVC, Atria, LV, OFT, RV}",000001,{Atria},2,4,1,011111,"{AB, AVC, Atria, LV, RV}",E8.5-25,91.0,Large
All,1,111111,"{AB, AVC, Atria, LV, OFT, RV}",000001,{Atria},2,4,1,011111,"{AB, AVC, Atria, LV, RV}",E8.5-218,30.0,Small
All,1,111111,"{AB, AVC, Atria, LV, OFT, RV}",000001,{Atria},2,4,1,011111,"{AB, AVC, Atria, LV, RV}",E8.5-72,34.0,Large
All,1,111111,"{AB, AVC, Atria, LV, OFT, RV}",000001,{Atria},2,4,1,011111,"{AB, AVC, Atria, LV, RV}",E8.5-68,11.0,Small
All,1,111111,"{AB, AVC, Atria, LV, OFT, RV}",000001,{Atria},2,4,1,011111,"{AB, AVC, Atria, LV, RV}",E8.5-75,38.0,Large
All,1,111111,"{AB, AVC, Atria, LV, OFT, RV}",000001,{Atria},2,4,1,011111,"{AB, AVC, Atria, LV, RV}",E8.5-178,4.0,Small
All,1,111111,"{AB, AVC, Atria, LV, OFT, RV}",000001,{Atria},2,4,1,011111,"{AB, AVC, Atria, LV, RV}",E8.5-146,4.0,Small
All,1,111111,"{AB, AVC, Atria, LV, OFT, RV}",000001,{Atria},2,4,1,011111,"{AB, AVC, Atria, LV, RV}",E8.5-21,5.0,Small
All,1,111111,"{AB, AVC, Atria, LV, OFT, RV}",000001,{Atria},2,4,1,011111,"{AB, AVC, Atria, LV, RV}",E8.5-224,6.0,Small
All,1,111111,"{AB, AVC, Atria, LV, OFT, RV}",000001,{Atria},2,4,1,011111,"{AB, AVC, Atria, LV, RV}",E8.5-6,7.0,Small
All,1,111111,"{AB, AVC, Atria, LV, OFT, RV}",000001,{Atria},2,4,1,011111,"{AB, AVC, Atria, LV, RV}",E8.5-7,7.0,Small
All,1,111111,"{AB, AVC, Atria, LV, OFT, RV}",000001,{Atria},2,4,1,011111,"{AB, AVC, Atria, LV, RV}",E8.5-116,8.0,Small
All,1,111111,"{AB, AVC, Atria, LV, OFT, RV}",000001,{Atria},2,4,1,011111,"{AB, AVC, Atria, LV, RV}",E8.5-172,8.0,Small
All,1,111111,"{AB, AVC, Atria, LV, OFT, RV}",000001,{Atria},2,4,1,011111,"{AB, AVC, Atria, LV, RV}",E8.5-193,10.0,Small
All,1,111111,"{AB, AVC, Atria, LV, OFT, RV}",000001,{Atria},2,4,1,011111,"{AB, AVC, Atria, LV, RV}",E8.5-20,16.0,Small
All,1,111111,"{AB, AVC, Atria, LV, OFT, RV}",000001,{Atria},2,4,1,011111,"{AB, AVC, Atria, LV, RV}",E8.5-138,16.0,Small
All,1,111111,"{AB, AVC, Atria, LV, OFT, RV}",000001,{Atria},2,4,1,011111,"{AB, AVC, Atria, LV, RV}",E8.5-110,17.0,Small
All,1,111111,"{AB, AVC, Atria, LV, OFT, RV}",000001,{Atria},2,4,1,011111,"{AB, AVC, Atria, LV, RV}",E8.5-221,20.0,Small
All,1,111111,"{AB, AVC, Atria, LV, OFT, RV}",000001,{Atria},2,4,1,011111,"{AB, AVC, Atria, LV, RV}",E8.5-16,25.0,Small
All,1,111111,"{AB, AVC, Atria, LV, OFT, RV}",000001,{Atria},2,4,1,011111,"{AB, AVC, Atria, LV, RV}",E8.5-201,42.0,Large
All,1,111111,"{AB, AVC, Atria, LV, OFT, RV}",000001,{Atria},2,4,2,001111,"{AB, AVC, Atria, LV}",E8.5-2,82.0,Large
All,1,111111,"{AB, AVC, Atria, LV, OFT, RV}",000001,{Atria},2,4,2,001111,"{AB, AVC, Atria, LV}",E8.5-170,142.0,
All,1,111111,"{AB, AVC, Atria, LV, OFT, RV}",000001,{Atria},2,4,2,001111,"{AB, AVC, Atria, LV}",E8.5-156,48.0,Large
All,1,111111,"{AB, AVC, Atria, LV, OFT, RV}",000001,{Atria},2,4,2,001111,"{AB, AVC, Atria, LV}",E8.5-237,85.0,Large
All,1,111111,"{AB, AVC, Atria, LV, OFT, RV}",000001,{Atria},2,4,2,001111,"{AB, AVC, Atria, LV}",E8.5-25,91.0,Large
All,1,111111,"{AB, AVC, Atria, LV, OFT, RV}",000001,{Atria},2,4,2,001111,"{AB, AVC, Atria, LV}",E8.5-218,30.0,Small
All,1,111111,"{AB, AVC, Atria, LV, OFT, RV}",000001,{Atria},2,4,2,001111,"{AB, AVC, Atria, LV}",E8.5-72,34.0,Large
All,1,111111,"{AB, AVC, Atria, LV, OFT, RV}",000001,{Atria},2,4,2,001111,"{AB, AVC, Atria, LV}",E8.5-68,11.0,Small
All,1,111111,"{AB, AVC, Atria, LV, OFT, RV}",000001,{Atria},2,4,2,001111,"{AB, AVC, Atria, LV}",E8.5-75,38.0,Large
All,1,111111,"{AB, AVC, Atria, LV, OFT, RV}",000001,{Atria},2,4,2,001111,"{AB, AVC, Atria, LV}",E8.5-178,4.0,Small
All,1,111111,"{AB, AVC, Atria, LV, OFT, RV}",000001,{Atria},2,4,2,001111,"{AB, AVC, Atria, LV}",E8.5-146,4.0,Small
All,1,111111,"{AB, AVC, Atria, LV, OFT, RV}",000001,{Atria},2,4,2,001111,"{AB, AVC, Atria, LV}",E8.5-21,5.0,Small
All,1,111111,"{AB, AVC, Atria, LV, OFT, RV}",000001,{Atria},2,4,2,001111,"{AB, AVC, Atria, LV}",E8.5-224,6.0,Small
All,1,111111,"{AB, AVC, Atria, LV, OFT, RV}",000001,{Atria},2,4,2,001111,"{AB, AVC, Atria, LV}",E8.5-6,7.0,Small
All,1,111111,"{AB, AVC, Atria, LV, OFT, RV}",000001,{Atria},2,4,2,001111,"{AB, AVC, Atria, LV}",E8.5-7,7.0,Small
All,1,111111,"{AB, AVC, Atria, LV, OFT, RV}",000001,{Atria},2,4,2,001111,"{AB, AVC, Atria, LV}",E8.5-116,8.0,Small
All,1,111111,"{AB, AVC, Atria, LV, OFT, RV}",000001,{Atria},2,4,2,001111,"{AB, AVC, Atria, LV}",E8.5-172,8.0,Small
All,1,111111,"{AB, AVC, Atria, LV, OFT, RV}",000001,{Atria},2,4,2,001111,"{AB, AVC, Atria, LV}",E8.5-193,10.0,Small
All,1,111111,"{AB, AVC, Atria, LV, OFT, RV}",000001,{Atria},2,4,2,001111,"{AB, AVC, Atria, LV}",E8.5-20,16.0,Small
All,1,111111,"{AB, AVC, Atria, LV, OFT, RV}",000001,{Atria},2,4,2,001111,"{AB, AVC, Atria, LV}",E8.5-138,16.0,Small
All,1,111111,"{AB, AVC, Atria, LV, OFT, RV}",000001,{Atria},2,4,2,001111,"{AB, AVC, Atria, LV}",E8.5-110,17.0,Small
All,1,111111,"{AB, AVC, Atria, LV, OFT, RV}",000001,{Atria},2,4,2,001111,"{AB, AVC, Atria, LV}",E8.5-221,20.0,Small
All,1,111111,"{AB, AVC, Atria, LV, OFT, RV}",000001,{Atria},2,4,2,001111,"{AB, AVC, Atria, LV}",E8.5-16,25.0,Small
All,1,111111,"{AB, AVC, Atria, LV, OFT, RV}",000001,{Atria},2,4,2,001111,"{AB, AVC, Atria, LV}",E8.5-201,42.0,Large
All,1,111111,"{AB, AVC, Atria, LV, OFT, RV}",000001,{Atria},2,4,3,000111,"{AB, AVC, Atria}",E8.5-2,82.0,Large
All,1,111111,"{AB, AVC, Atria, LV, OFT, RV}",000001,{Atria},2,4,3,000111,"{AB, AVC, Atria}",E8.5-170,142.0,
All,1,111111,"{AB, AVC, Atria, LV, OFT, RV}",000001,{Atria},2,4,3,000111,"{AB, AVC, Atria}",E8.5-156,48.0,Large
All,1,111111,"{AB, AVC, Atria, LV, OFT, RV}",000001,{Atria},2,4,3,000111,"{AB, AVC, Atria}",E8.5-237,85.0,Large
All,1,111111,"{AB, AVC, Atria, LV, OFT, RV}",000001,{Atria},2,4,3,000111,"{AB, AVC, Atria}",E8.5-25,91.0,Large
All,1,111111,"{AB, AVC, Atria, LV, OFT, RV}",000001,{Atria},2,4,3,000111,"{AB, AVC, Atria}",E8.5-218,30.0,Small
All,1,111111,"{AB, AVC, Atria, LV, OFT, RV}",000001,{Atria},2,4,3,000111,"{AB, AVC, Atria}",E8.5-72,34.0,Large
All,1,111111,"{AB, AVC, Atria, LV, OFT, RV}",000001,{Atria},2,4,3,000111,"{AB, AVC, Atria}",E8.5-68,11.0,Small
All,1,111111,"{AB, AVC, Atria, LV, OFT, RV}",000001,{Atria},2,4,3,000111,"{AB, AVC, Atria}",E8.5-75,38.0,Large
All,1,111111,"{AB, AVC, Atria, LV, OFT, RV}",000001,{Atria},2,4,3,000111,"{AB, AVC, Atria}",E8.5-178,4.0,Small
All,1,111111,"{AB, AVC, Atria, LV, OFT, RV}",000001,{Atria},2,4,3,000111,"{AB, AVC, Atria}",E8.5-146,4.0,Small
All,1,111111,"{AB, AVC, Atria, LV, OFT, RV}",000001,{Atria},2,4,3,000111,"{AB, AVC, Atria}",E8.5-21,5.0,Small
All,1,111111,"{AB, AVC, Atria, LV, OFT, RV}",000001,{Atria},2,4,3,000111,"{AB, AVC, Atria}",E8.5-224,6.0,Small
All,1,111111,"{AB, AVC, Atria, LV, OFT, RV}",000001,{Atria},2,4,3,000111,"{AB, AVC, Atria}",E8.5-6,7.0,Small
All,1,111111,"{AB, AVC, Atria, LV, OFT, RV}",000001,{Atria},2,4,3,000111,"{AB, AVC, Atria}",E8.5-7,7.0,Small
All,1,111111,"{AB, AVC, Atria, LV, OFT, RV}",000001,{Atria},2,4,3,000111,"{AB, AVC, Atria}",E8.5-116,8.0,Small
All,1,111111,"{AB, AVC, Atria, LV, OFT, RV}",000001,{Atria},2,4,3,000111,"{AB, AVC, Atria}",E8.5-172,8.0,Small
All,1,111111,"{AB, AVC, Atria, LV, OFT, RV}",000001,{Atria},2,4,3,000111,"{AB, AVC, Atria}",E8.5-193,10.0,Small
All,1,111111,"{AB, AVC, Atria, LV, OFT, RV}",000001,{Atria},2,4,3,000111,"{AB, AVC, Atria}",E8.5-20,16.0,Small
All,1,111111,"{AB, AVC, Atria, LV, OFT, RV}",000001,{Atria},2,4,3,000111,"{AB, AVC, Atria}",E8.5-138,16.0,Small
All,1,111111,"{AB, AVC, Atria, LV, OFT, RV}",000001,{Atria},2,4,3,000111,"{AB, AVC, Atria}",E8.5-110,17.0,Small
All,1,111111,"{AB, AVC, Atria, LV, OFT, RV}",000001,{Atria},2,4,3,000111,"{AB, AVC, Atria}",E8.5-221,20.0,Small
All,1,111111,"{AB, AVC, Atria, LV, OFT, RV}",000001,{Atria},2,4,3,000111,"{AB, AVC, Atria}",E8.5-16,25.0,Small
All,1,111111,"{AB, AVC, Atria, LV, OFT, RV}",000001,{Atria},2,4,3,000111,"{AB, AVC, Atria}",E8.5-201,42.0,Large
All,1,111111,"{AB, AVC, Atria, LV, OFT, RV}",000001,{Atria},2,4,4,000001,{Atria},E8.5-2,82.0,Large
All,1,111111,"{AB, AVC, Atria, LV, OFT, RV}",000001,{Atria},2,4,4,000001,{Atria},E8.5-170,142.0,
All,1,111111,"{AB, AVC, Atria, LV, OFT, RV}",000001,{Atria},2,4,4,000001,{Atria},E8.5-156,48.0,Large
All,1,111111,"{AB, AVC, Atria, LV, OFT, RV}",000001,{Atria},2,4,4,000001,{Atria},E8.5-237,85.0,Large
All,1,111111,"{AB, AVC, Atria, LV, OFT, RV}",000001,{Atria},2,4,4,000001,{Atria},E8.5-25,91.0,Large
All,1,111111,"{AB, AVC, Atria, LV, OFT, RV}",000001,{Atria},2,4,4,000001,{Atria},E8.5-218,30.0,Small
All,1,111111,"{AB, AVC, Atria, LV, OFT, RV}",000001,{Atria},2,4,4,000001,{Atria},E8.5-72,34.0,Large
All,1,111111,"{AB, AVC, Atria, LV, OFT, RV}",000001,{Atria},2,4,4,000001,{Atria},E8.5-68,11.0,Small
All,1,111111,"{AB, AVC, Atria, LV, OFT, RV}",000001,{Atria},2,4,4,000001,{Atria},E8.5-75,38.0,Large
All,1,111111,"{AB, AVC, Atria, LV, OFT, RV}",000001,{Atria},2,4,4,000001,{Atria},E8.5-178,4.0,Small
All,1,111111,"{AB, AVC, Atria, LV, OFT, RV}",000001,{Atria},2,4,4,000001,{Atria},E8.5-146,4.0,Small
All,1,111111,"{AB, AVC, Atria, LV, OFT, RV}",000001,{Atria},2,4,4,000001,{Atria},E8.5-21,5.0,Small
All,1,111111,"{AB, AVC, Atria, LV, OFT, RV}",000001,{Atria},2,4,4,000001,{Atria},E8.5-224,6.0,Small
All,1,111111,"{AB, AVC, Atria, LV, OFT, RV}",000001,{Atria},2,4,4,000001,{Atria},E8.5-6,7.0,Small
All,1,111111,"{AB, AVC, Atria, LV, OFT, RV}",000001,{Atria},2,4,4,000001,{Atria},E8.5-7,7.0,Small
All,1,111111,"{AB, AVC, Atria, LV, OFT, RV}",000001,{Atria},2,4,4,000001,{Atria},E8.5-116,8.0,Small
All,1,111111,"{AB, AVC, Atria, LV, OFT, RV}",000001,{Atria},2,4,4,000001,{Atria},E8.5-172,8.0,Small
All,1,111111,"{AB, AVC, Atria, LV, OFT, RV}",000001,{Atria},2,4,4,000001,{Atria},E8.5-193,10.0,Small
All,1,111111,"{AB, AVC, Atria, LV, OFT, RV}",000001,{Atria},2,4,4,000001,{Atria},E8.5-20,16.0,Small
All,1,111111,"{AB, AVC, Atria, LV, OFT, RV}",000001,{Atria},2,4,4,000001,{Atria},E8.5-138,16.0,Small
All,1,111111,"{AB, AVC, Atria, LV, OFT, RV}",000001,{Atria},2,4,4,000001,{Atria},E8.5-110,17.0,Small
All,1,111111,"{AB, AVC, Atria, LV, OFT, RV}",000001,{Atria},2,4,4,000001,{Atria},E8.5-221,20.0,Small
All,1,111111,"{AB, AVC, Atria, LV, OFT, RV}",000001,{Atria},2,4,4,000001,{Atria},E8.5-16,25.0,Small
All,1,111111,"{AB, AVC, Atria, LV, OFT, RV}",000001,{Atria},2,4,4,000001,{Atria},E8.5-201,42.0,Large
All,1,111111,"{AB, AVC, Atria, LV, OFT, RV}",000001,{Atria},3,4,0,111111,"{AB, AVC, Atria, LV, OFT, RV}",E8.5-2,82.0,Large
All,1,111111,"{AB, AVC, Atria, LV, OFT, RV}",000001,{Atria},3,4,0,111111,"{AB, AVC, Atria, LV, OFT, RV}",E8.5-170,142.0,
All,1,111111,"{AB, AVC, Atria, LV, OFT, RV}",000001,{Atria},3,4,0,111111,"{AB, AVC, Atria, LV, OFT, RV}",E8.5-156,48.0,Large
All,1,111111,"{AB, AVC, Atria, LV, OFT, RV}",000001,{Atria},3,4,0,111111,"{AB, AVC, Atria, LV, OFT, RV}",E8.5-237,85.0,Large
All,1,111111,"{AB, AVC, Atria, LV, OFT, RV}",000001,{Atria},3,4,0,111111,"{AB, AVC, Atria, LV, OFT, RV}",E8.5-25,91.0,Large
All,1,111111,"{AB, AVC, Atria, LV, OFT, RV}",000001,{Atria},3,4,0,111111,"{AB, AVC, Atria, LV, OFT, RV}",E8.5-218,30.0,Small
All,1,111111,"{AB, AVC, Atria, LV, OFT, RV}",000001,{Atria},3,4,0,111111,"{AB, AVC, Atria, LV, OFT, RV}",E8.5-72,34.0,Large
All,1,111111,"{AB, AVC, Atria, LV, OFT, RV}",000001,{Atria},3,4,0,111111,"{AB, AVC, Atria, LV, OFT, RV}",E8.5-15,12.0,Small
All,1,111111,"{AB, AVC, Atria, LV, OFT, RV}",000001,{Atria},3,4,0,111111,"{AB, AVC, Atria, LV, OFT, RV}",E8.5-144,20.0,Small
All,1,111111,"{AB, AVC, Atria, LV, OFT, RV}",000001,{Atria},3,4,0,111111,"{AB, AVC, Atria, LV, OFT, RV}",E8.5-227,30.0,Small
All,1,111111,"{AB, AVC, Atria, LV, OFT, RV}",000001,{Atria},3,4,0,111111,"{AB, AVC, Atria, LV, OFT, RV}",E8.5-178,4.0,Small
All,1,111111,"{AB, AVC, Atria, LV, OFT, RV}",000001,{Atria},3,4,0,111111,"{AB, AVC, Atria, LV, OFT, RV}",E8.5-146,4.0,Small
All,1,111111,"{AB, AVC, Atria, LV, OFT, RV}",000001,{Atria},3,4,0,111111,"{AB, AVC, Atria, LV, OFT, RV}",E8.5-21,5.0,Small
All,1,111111,"{AB, AVC, Atria, LV, OFT, RV}",000001,{Atria},3,4,0,111111,"{AB, AVC, Atria, LV, OFT, RV}",E8.5-224,6.0,Small
All,1,111111,"{AB, AVC, Atria, LV, OFT, RV}",000001,{Atria},3,4,0,111111,"{AB, AVC, Atria, LV, OFT, RV}",E8.5-6,7.0,Small
All,1,111111,"{AB, AVC, Atria, LV, OFT, RV}",000001,{Atria},3,4,0,111111,"{AB, AVC, Atria, LV, OFT, RV}",E8.5-7,7.0,Small
All,1,111111,"{AB, AVC, Atria, LV, OFT, RV}",000001,{Atria},3,4,0,111111,"{AB, AVC, Atria, LV, OFT, RV}",E8.5-116,8.0,Small
All,1,111111,"{AB, AVC, Atria, LV, OFT, RV}",000001,{Atria},3,4,0,111111,"{AB, AVC, Atria, LV, OFT, RV}",E8.5-172,8.0,Small
All,1,111111,"{AB, AVC, Atria, LV, OFT, RV}",000001,{Atria},3,4,0,111111,"{AB, AVC, Atria, LV, OFT, RV}",E8.5-193,10.0,Small
All,1,111111,"{AB, AVC, Atria, LV, OFT, RV}",000001,{Atria},3,4,0,111111,"{AB, AVC, Atria, LV, OFT, RV}",E8.5-20,16.0,Small
All,1,111111,"{AB, AVC, Atria, LV, OFT, RV}",000001,{Atria},3,4,0,111111,"{AB, AVC, Atria, LV, OFT, RV}",E8.5-138,16.0,Small
All,1,111111,"{AB, AVC, Atria, LV, OFT, RV}",000001,{Atria},3,4,0,111111,"{AB, AVC, Atria, LV, OFT, RV}",E8.5-110,17.0,Small
All,1,111111,"{AB, AVC, Atria, LV, OFT, RV}",000001,{Atria},3,4,0,111111,"{AB, AVC, Atria, LV, OFT, RV}",E8.5-221,20.0,Small
All,1,111111,"{AB, AVC, Atria, LV, OFT, RV}",000001,{Atria},3,4,0,111111,"{AB, AVC, Atria, LV, OFT, RV}",E8.5-16,25.0,Small
All,1,111111,"{AB, AVC, Atria, LV, OFT, RV}",000001,{Atria},3,4,0,111111,"{AB, AVC, Atria, LV, OFT, RV}",E8.5-201,42.0,Large
All,1,111111,"{AB, AVC, Atria, LV, OFT, RV}",000001,{Atria},3,4,1,011111,"{AB, AVC, Atria, LV, RV}",E8.5-2,82.0,Large
All,1,111111,"{AB, AVC, Atria, LV, OFT, RV}",000001,{Atria},3,4,1,011111,"{AB, AVC, Atria, LV, RV}",E8.5-170,142.0,
All,1,111111,"{AB, AVC, Atria, LV, OFT, RV}",000001,{Atria},3,4,1,011111,"{AB, AVC, Atria, LV, RV}",E8.5-156,48.0,Large
All,1,111111,"{AB, AVC, Atria, LV, OFT, RV}",000001,{Atria},3,4,1,011111,"{AB, AVC, Atria, LV, RV}",E8.5-237,85.0,Large
All,1,111111,"{AB, AVC, Atria, LV, OFT, RV}",000001,{Atria},3,4,1,011111,"{AB, AVC, Atria, LV, RV}",E8.5-25,91.0,Large
All,1,111111,"{AB, AVC, Atria, LV, OFT, RV}",000001,{Atria},3,4,1,011111,"{AB, AVC, Atria, LV, RV}",E8.5-218,30.0,Small
All,1,111111,"{AB, AVC, Atria, LV, OFT, RV}",000001,{Atria},3,4,1,011111,"{AB, AVC, Atria, LV, RV}",E8.5-72,34.0,Large
All,1,111111,"{AB, AVC, Atria, LV, OFT, RV}",000001,{Atria},3,4,1,011111,"{AB, AVC, Atria, LV, RV}",E8.5-15,12.0,Small
All,1,111111,"{AB, AVC, Atria, LV, OFT, RV}",000001,{Atria},3,4,1,011111,"{AB, AVC, Atria, LV, RV}",E8.5-144,20.0,Small
All,1,111111,"{AB, AVC, Atria, LV, OFT, RV}",000001,{Atria},3,4,1,011111,"{AB, AVC, Atria, LV, RV}",E8.5-227,30.0,Small
All,1,111111,"{AB, AVC, Atria, LV, OFT, RV}",000001,{Atria},3,4,1,011111,"{AB, AVC, Atria, LV, RV}",E8.5-178,4.0,Small
All,1,111111,"{AB, AVC, Atria, LV, OFT, RV}",000001,{Atria},3,4,1,011111,"{AB, AVC, Atria, LV, RV}",E8.5-146,4.0,Small
All,1,111111,"{AB, AVC, Atria, LV, OFT, RV}",000001,{Atria},3,4,1,011111,"{AB, AVC, Atria, LV, RV}",E8.5-21,5.0,Small
All,1,111111,"{AB, AVC, Atria, LV, OFT, RV}",000001,{Atria},3,4,1,011111,"{AB, AVC, Atria, LV, RV}",E8.5-224,6.0,Small
All,1,111111,"{AB, AVC, Atria, LV, OFT, RV}",000001,{Atria},3,4,1,011111,"{AB, AVC, Atria, LV, RV}",E8.5-6,7.0,Small
All,1,111111,"{AB, AVC, Atria, LV, OFT, RV}",000001,{Atria},3,4,1,011111,"{AB, AVC, Atria, LV, RV}",E8.5-7,7.0,Small
All,1,111111,"{AB, AVC, Atria, LV, OFT, RV}",000001,{Atria},3,4,1,011111,"{AB, AVC, Atria, LV, RV}",E8.5-116,8.0,Small
All,1,111111,"{AB, AVC, Atria, LV, OFT, RV}",000001,{Atria},3,4,1,011111,"{AB, AVC, Atria, LV, RV}",E8.5-172,8.0,Small
All,1,111111,"{AB, AVC, Atria, LV, OFT, RV}",000001,{Atria},3,4,1,011111,"{AB, AVC, Atria, LV, RV}",E8.5-193,10.0,Small
All,1,111111,"{AB, AVC, Atria, LV, OFT, RV}",000001,{Atria},3,4,1,011111,"{AB, AVC, Atria, LV, RV}",E8.5-20,16.0,Small
All,1,111111,"{AB, AVC, Atria, LV, OFT, RV}",000001,{Atria},3,4,1,011111,"{AB, AVC, Atria, LV, RV}",E8.5-138,16.0,Small
All,1,111111,"{AB, AVC, Atria, LV, OFT, RV}",000001,{Atria},3,4,1,011111,"{AB, AVC, Atria, LV, RV}",E8.5-110,17.0,Small
All,1,111111,"{AB, AVC, Atria, LV, OFT, RV}",000001,{Atria},3,4,1,011111,"{AB, AVC, Atria, LV, RV}",E8.5-221,20.0,Small
All,1,111111,"{AB, AVC, Atria, LV, OFT, RV}",000001,{Atria},3,4,1,011111,"{AB, AVC, Atria, LV, RV}",E8.5-16,25.0,Small
All,1,111111,"{AB, AVC, Atria, LV, OFT, RV}",000001,{Atria},3,4,1,011111,"{AB, AVC, Atria, LV, RV}",E8.5-201,42.0,Large
All,1,111111,"{AB, AVC, Atria, LV, OFT, RV}",000001,{Atria},3,4,2,001111,"{AB, AVC, Atria, LV}",E8.5-2,82.0,Large
All,1,111111,"{AB, AVC, Atria, LV, OFT, RV}",000001,{Atria},3,4,2,001111,"{AB, AVC, Atria, LV}",E8.5-170,142.0,
All,1,111111,"{AB, AVC, Atria, LV, OFT, RV}",000001,{Atria},3,4,2,001111,"{AB, AVC, Atria, LV}",E8.5-156,48.0,Large
All,1,111111,"{AB, AVC, Atria, LV, OFT, RV}",000001,{Atria},3,4,2,001111,"{AB, AVC, Atria, LV}",E8.5-237,85.0,Large
All,1,111111,"{AB, AVC, Atria, LV, OFT, RV}",000001,{Atria},3,4,2,001111,"{AB, AVC, Atria, LV}",E8.5-25,91.0,Large
All,1,111111,"{AB, AVC, Atria, LV, OFT, RV}",000001,{Atria},3,4,2,001111,"{AB, AVC, Atria, LV}",E8.5-218,30.0,Small
All,1,111111,"{AB, AVC, Atria, LV, OFT, RV}",000001,{Atria},3,4,2,001111,"{AB, AVC, Atria, LV}",E8.5-72,34.0,Large
All,1,111111,"{AB, AVC, Atria, LV, OFT, RV}",000001,{Atria},3,4,2,001111,"{AB, AVC, Atria, LV}",E8.5-15,12.0,Small
All,1,111111,"{AB, AVC, Atria, LV, OFT, RV}",000001,{Atria},3,4,2,001111,"{AB, AVC, Atria, LV}",E8.5-144,20.0,Small
All,1,111111,"{AB, AVC, Atria, LV, OFT, RV}",000001,{Atria},3,4,2,001111,"{AB, AVC, Atria, LV}",E8.5-227,30.0,Small
All,1,111111,"{AB, AVC, Atria, LV, OFT, RV}",000001,{Atria},3,4,2,001111,"{AB, AVC, Atria, LV}",E8.5-178,4.0,Small
All,1,111111,"{AB, AVC, Atria, LV, OFT, RV}",000001,{Atria},3,4,2,001111,"{AB, AVC, Atria, LV}",E8.5-146,4.0,Small
All,1,111111,"{AB, AVC, Atria, LV, OFT, RV}",000001,{Atria},3,4,2,001111,"{AB, AVC, Atria, LV}",E8.5-21,5.0,Small
All,1,111111,"{AB, AVC, Atria, LV, OFT, RV}",000001,{Atria},3,4,2,001111,"{AB, AVC, Atria, LV}",E8.5-224,6.0,Small
All,1,111111,"{AB, AVC, Atria, LV, OFT, RV}",000001,{Atria},3,4,2,001111,"{AB, AVC, Atria, LV}",E8.5-6,7.0,Small
All,1,111111,"{AB, AVC, Atria, LV, OFT, RV}",000001,{Atria},3,4,2,001111,"{AB, AVC, Atria, LV}",E8.5-7,7.0,Small
All,1,111111,"{AB, AVC, Atria, LV, OFT, RV}",000001,{Atria},3,4,2,001111,"{AB, AVC, Atria, LV}",E8.5-116,8.0,Small
All,1,111111,"{AB, AVC, Atria, LV, OFT, RV}",000001,{Atria},3,4,2,001111,"{AB, AVC, Atria, LV}",E8.5-172,8.0,Small
All,1,111111,"{AB, AVC, Atria, LV, OFT, RV}",000001,{Atria},3,4,2,001111,"{AB, AVC, Atria, LV}",E8.5-193,10.0,Small
All,1,111111,"{AB, AVC, Atria, LV, OFT, RV}",000001,{Atria},3,4,2,001111,"{AB, AVC, Atria, LV}",E8.5-20,16.0,Small
All,1,111111,"{AB, AVC, Atria, LV, OFT, RV}",000001,{Atria},3,4,2,001111,"{AB, AVC, Atria, LV}",E8.5-138,16.0,Small
All,1,111111,"{AB, AVC, Atria, LV, OFT, RV}",000001,{Atria},3,4,2,001111,"{AB, AVC, Atria, LV}",E8.5-110,17.0,Small
All,1,111111,"{AB, AVC, Atria, LV, OFT, RV}",000001,{Atria},3,4,2,001111,"{AB, AVC, Atria, LV}",E8.5-221,20.0,Small
All,1,111111,"{AB, AVC, Atria, LV, OFT, RV}",000001,{Atria},3,4,2,001111,"{AB, AVC, Atria, LV}",E8.5-16,25.0,Small
All,1,111111,"{AB, AVC, Atria, LV, OFT, RV}",000001,{Atria},3,4,2,001111,"{AB, AVC, Atria, LV}",E8.5-201,42.0,Large
All,1,111111,"{AB, AVC, Atria, LV, OFT, RV}",000001,{Atria},3,4,3,000011,"{AB, Atria}",E8.5-2,82.0,Large
All,1,111111,"{AB, AVC, Atria, LV, OFT, RV}",000001,{Atria},3,4,3,000011,"{AB, Atria}",E8.5-170,142.0,
All,1,111111,"{AB, AVC, Atria, LV, OFT, RV}",000001,{Atria},3,4,3,000011,"{AB, Atria}",E8.5-156,48.0,Large
All,1,111111,"{AB, AVC, Atria, LV, OFT, RV}",000001,{Atria},3,4,3,000011,"{AB, Atria}",E8.5-237,85.0,Large
All,1,111111,"{AB, AVC, Atria, LV, OFT, RV}",000001,{Atria},3,4,3,000011,"{AB, Atria}",E8.5-25,91.0,Large
All,1,111111,"{AB, AVC, Atria, LV, OFT, RV}",000001,{Atria},3,4,3,000011,"{AB, Atria}",E8.5-218,30.0,Small
All,1,111111,"{AB, AVC, Atria, LV, OFT, RV}",000001,{Atria},3,4,3,000011,"{AB, Atria}",E8.5-72,34.0,Large
All,1,111111,"{AB, AVC, Atria, LV, OFT, RV}",000001,{Atria},3,4,3,000011,"{AB, Atria}",E8.5-15,12.0,Small
All,1,111111,"{AB, AVC, Atria, LV, OFT, RV}",000001,{Atria},3,4,3,000011,"{AB, Atria}",E8.5-144,20.0,Small
All,1,111111,"{AB, AVC, Atria, LV, OFT, RV}",000001,{Atria},3,4,3,000011,"{AB, Atria}",E8.5-227,30.0,Small
All,1,111111,"{AB, AVC, Atria, LV, OFT, RV}",000001,{Atria},3,4,3,000011,"{AB, Atria}",E8.5-178,4.0,Small
All,1,111111,"{AB, AVC, Atria, LV, OFT, RV}",000001,{Atria},3,4,3,000011,"{AB, Atria}",E8.5-146,4.0,Small
All,1,111111,"{AB, AVC, Atria, LV, OFT, RV}",000001,{Atria},3,4,3,000011,"{AB, Atria}",E8.5-21,5.0,Small
All,1,111111,"{AB, AVC, Atria, LV, OFT, RV}",000001,{Atria},3,4,3,000011,"{AB, Atria}",E8.5-224,6.0,Small
All,1,111111,"{AB, AVC, Atria, LV, OFT, RV}",000001,{Atria},3,4,3,000011,"{AB, Atria}",E8.5-6,7.0,Small
All,1,111111,"{AB, AVC, Atria, LV, OFT, RV}",000001,{Atria},3,4,3,000011,"{AB, Atria}",E8.5-7,7.0,Small
All,1,111111,"{AB, AVC, Atria, LV, OFT, RV}",000001,{Atria},3,4,3,000011,"{AB, Atria}",E8.5-116,8.0,Small
All,1,111111,"{AB, AVC, Atria, LV, OFT, RV}",000001,{Atria},3,4,3,000011,"{AB, Atria}",E8.5-172,8.0,Small
All,1,111111,"{AB, AVC, Atria, LV, OFT, RV}",000001,{Atria},3,4,3,000011,"{AB, Atria}",E8.5-193,10.0,Small
All,1,111111,"{AB, AVC, Atria, LV, OFT, RV}",000001,{Atria},3,4,3,000011,"{AB, Atria}",E8.5-20,16.0,Small
All,1,111111,"{AB, AVC, Atria, LV, OFT, RV}",000001,{Atria},3,4,3,000011,"{AB, Atria}",E8.5-138,16.0,Small
All,1,111111,"{AB, AVC, Atria, LV, OFT, RV}",000001,{Atria},3,4,3,000011,"{AB, Atria}",E8.5-110,17.0,Small
All,1,111111,"{AB, AVC, Atria, LV, OFT, RV}",000001,{Atria},3,4,3,000011,"{AB, Atria}",E8.5-221,20.0,Small
All,1,111111,"{AB, AVC, Atria, LV, OFT, RV}",000001,{Atria},3,4,3,000011,"{AB, Atria}",E8.5-16,25.0,Small
All,1,111111,"{AB, AVC, Atria, LV, OFT, RV}",000001,{Atria},3,4,3,000011,"{AB, Atria}",E8.5-201,42.0,Large
All,1,111111,"{AB, AVC, Atria, LV, OFT, RV}",000001,{Atria},3,4,4,000001,{Atria},E8.5-2,82.0,Large
All,1,111111,"{AB, AVC, Atria, LV, OFT, RV}",000001,{Atria},3,4,4,000001,{Atria},E8.5-170,142.0,
All,1,111111,"{AB, AVC, Atria, LV, OFT, RV}",000001,{Atria},3,4,4,000001,{Atria},E8.5-156,48.0,Large
All,1,111111,"{AB, AVC, Atria, LV, OFT, RV}",000001,{Atria},3,4,4,000001,{Atria},E8.5-237,85.0,Large
All,1,111111,"{AB, AVC, Atria, LV, OFT, RV}",000001,{Atria},3,4,4,000001,{Atria},E8.5-25,91.0,Large
All,1,111111,"{AB, AVC, Atria, LV, OFT, RV}",000001,{Atria},3,4,4,000001,{Atria},E8.5-218,30.0,Small
All,1,111111,"{AB, AVC, Atria, LV, OFT, RV}",000001,{Atria},3,4,4,000001,{Atria},E8.5-72,34.0,Large
All,1,111111,"{AB, AVC, Atria, LV, OFT, RV}",000001,{Atria},3,4,4,000001,{Atria},E8.5-15,12.0,Small
All,1,111111,"{AB, AVC, Atria, LV, OFT, RV}",000001,{Atria},3,4,4,000001,{Atria},E8.5-144,20.0,Small
All,1,111111,"{AB, AVC, Atria, LV, OFT, RV}",000001,{Atria},3,4,4,000001,{Atria},E8.5-227,30.0,Small
All,1,111111,"{AB, AVC, Atria, LV, OFT, RV}",000001,{Atria},3,4,4,000001,{Atria},E8.5-178,4.0,Small
All,1,111111,"{AB, AVC, Atria, LV, OFT, RV}",000001,{Atria},3,4,4,000001,{Atria},E8.5-146,4.0,Small
All,1,111111,"{AB, AVC, Atria, LV, OFT, RV}",000001,{Atria},3,4,4,000001,{Atria},E8.5-21,5.0,Small
All,1,111111,"{AB, AVC, Atria, LV, OFT, RV}",000001,{Atria},3,4,4,000001,{Atria},E8.5-224,6.0,Small
All,1,111111,"{AB, AVC, Atria, LV, OFT, RV}",000001,{Atria},3,4,4,000001,{Atria},E8.5-6,7.0,Small
All,1,111111,"{AB, AVC, Atria, LV, OFT, RV}",000001,{Atria},3,4,4,000001,{Atria},E8.5-7,7.0,Small
All,1,111111,"{AB, AVC, Atria, LV, OFT, RV}",000001,{Atria},3,4,4,000001,{Atria},E8.5-116,8.0,Small
All,1,111111,"{AB, AVC, Atria, LV, OFT, RV}",000001,{Atria},3,4,4,000001,{Atria},E8.5-172,8.0,Small
All,1,111111,"{AB, AVC, Atria, LV, OFT, RV}",000001,{Atria},3,4,4,000001,{Atria},E8.5-193,10.0,Small
All,1,111111,"{AB, AVC, Atria, LV, OFT, RV}",000001,{Atria},3,4,4,000001,{Atria},E8.5-20,16.0,Small
All,1,111111,"{AB, AVC, Atria, LV, OFT, RV}",000001,{Atria},3,4,4,000001,{Atria},E8.5-138,16.0,Small
All,1,111111,"{AB, AVC, Atria, LV, OFT, RV}",000001,{Atria},3,4,4,000001,{Atria},E8.5-110,17.0,Small
All,1,111111,"{AB, AVC, Atria, LV, OFT, RV}",000001,{Atria},3,4,4,000001,{Atria},E8.5-221,20.0,Small
All,1,111111,"{AB, AVC, Atria, LV, OFT, RV}",000001,{Atria},3,4,4,000001,{Atria},E8.5-16,25.0,Small
All,1,111111,"{AB, AVC, Atria, LV, OFT, RV}",000001,{Atria},3,4,4,000001,{Atria},E8.5-201,42.0,Large
All,1,111111,"{AB, AVC, Atria, LV, OFT, RV}",000001,{Atria},4,4,0,111111,"{AB, AVC, Atria, LV, OFT, RV}",E8.5-2,82.0,Large
All,1,111111,"{AB, AVC, Atria, LV, OFT, RV}",000001,{Atria},4,4,0,111111,"{AB, AVC, Atria, LV, OFT, RV}",E8.5-170,142.0,
All,1,111111,"{AB, AVC, Atria, LV, OFT, RV}",000001,{Atria},4,4,0,111111,"{AB, AVC, Atria, LV, OFT, RV}",E8.5-156,48.0,Large
All,1,111111,"{AB, AVC, Atria, LV, OFT, RV}",000001,{Atria},4,4,0,111111,"{AB, AVC, Atria, LV, OFT, RV}",E8.5-237,85.0,Large
All,1,111111,"{AB, AVC, Atria, LV, OFT, RV}",000001,{Atria},4,4,0,111111,"{AB, AVC, Atria, LV, OFT, RV}",E8.5-25,91.0,Large
All,1,111111,"{AB, AVC, Atria, LV, OFT, RV}",000001,{Atria},4,4,0,111111,"{AB, AVC, Atria, LV, OFT, RV}",E8.5-68,11.0,Small
All,1,111111,"{AB, AVC, Atria, LV, OFT, RV}",000001,{Atria},4,4,0,111111,"{AB, AVC, Atria, LV, OFT, RV}",E8.5-75,38.0,Large
All,1,111111,"{AB, AVC, Atria, LV, OFT, RV}",000001,{Atria},4,4,0,111111,"{AB, AVC, Atria, LV, OFT, RV}",E8.5-15,12.0,Small
All,1,111111,"{AB, AVC, Atria, LV, OFT, RV}",000001,{Atria},4,4,0,111111,"{AB, AVC, Atria, LV, OFT, RV}",E8.5-144,20.0,Small
All,1,111111,"{AB, AVC, Atria, LV, OFT, RV}",000001,{Atria},4,4,0,111111,"{AB, AVC, Atria, LV, OFT, RV}",E8.5-227,30.0,Small
All,1,111111,"{AB, AVC, Atria, LV, OFT, RV}",000001,{Atria},4,4,0,111111,"{AB, AVC, Atria, LV, OFT, RV}",E8.5-178,4.0,Small
All,1,111111,"{AB, AVC, Atria, LV, OFT, RV}",000001,{Atria},4,4,0,111111,"{AB, AVC, Atria, LV, OFT, RV}",E8.5-146,4.0,Small
All,1,111111,"{AB, AVC, Atria, LV, OFT, RV}",000001,{Atria},4,4,0,111111,"{AB, AVC, Atria, LV, OFT, RV}",E8.5-21,5.0,Small
All,1,111111,"{AB, AVC, Atria, LV, OFT, RV}",000001,{Atria},4,4,0,111111,"{AB, AVC, Atria, LV, OFT, RV}",E8.5-224,6.0,Small
All,1,111111,"{AB, AVC, Atria, LV, OFT, RV}",000001,{Atria},4,4,0,111111,"{AB, AVC, Atria, LV, OFT, RV}",E8.5-6,7.0,Small
All,1,111111,"{AB, AVC, Atria, LV, OFT, RV}",000001,{Atria},4,4,0,111111,"{AB, AVC, Atria, LV, OFT, RV}",E8.5-7,7.0,Small
All,1,111111,"{AB, AVC, Atria, LV, OFT, RV}",000001,{Atria},4,4,0,111111,"{AB, AVC, Atria, LV, OFT, RV}",E8.5-116,8.0,Small
All,1,111111,"{AB, AVC, Atria, LV, OFT, RV}",000001,{Atria},4,4,0,111111,"{AB, AVC, Atria, LV, OFT, RV}",E8.5-172,8.0,Small
All,1,111111,"{AB, AVC, Atria, LV, OFT, RV}",000001,{Atria},4,4,0,111111,"{AB, AVC, Atria, LV, OFT, RV}",E8.5-193,10.0,Small
All,1,111111,"{AB, AVC, Atria, LV, OFT, RV}",000001,{Atria},4,4,0,111111,"{AB, AVC, Atria, LV, OFT, RV}",E8.5-20,16.0,Small
All,1,111111,"{AB, AVC, Atria, LV, OFT, RV}",000001,{Atria},4,4,0,111111,"{AB, AVC, Atria, LV, OFT, RV}",E8.5-138,16.0,Small
All,1,111111,"{AB, AVC, Atria, LV, OFT, RV}",000001,{Atria},4,4,0,111111,"{AB, AVC, Atria, LV, OFT, RV}",E8.5-110,17.0,Small
All,1,111111,"{AB, AVC, Atria, LV, OFT, RV}",000001,{Atria},4,4,0,111111,"{AB, AVC, Atria, LV, OFT, RV}",E8.5-221,20.0,Small
All,1,111111,"{AB, AVC, Atria, LV, OFT, RV}",000001,{Atria},4,4,0,111111,"{AB, AVC, Atria, LV, OFT, RV}",E8.5-16,25.0,Small
All,1,111111,"{AB, AVC, Atria, LV, OFT, RV}",000001,{Atria},4,4,0,111111,"{AB, AVC, Atria, LV, OFT, RV}",E8.5-201,42.0,Large
All,1,111111,"{AB, AVC, Atria, LV, OFT, RV}",000001,{Atria},4,4,1,011111,"{AB, AVC, Atria, LV, RV}",E8.5-2,82.0,Large
All,1,111111,"{AB, AVC, Atria, LV, OFT, RV}",000001,{Atria},4,4,1,011111,"{AB, AVC, Atria, LV, RV}",E8.5-170,142.0,
All,1,111111,"{AB, AVC, Atria, LV, OFT, RV}",000001,{Atria},4,4,1,011111,"{AB, AVC, Atria, LV, RV}",E8.5-156,48.0,Large
All,1,111111,"{AB, AVC, Atria, LV, OFT, RV}",000001,{Atria},4,4,1,011111,"{AB, AVC, Atria, LV, RV}",E8.5-237,85.0,Large
All,1,111111,"{AB, AVC, Atria, LV, OFT, RV}",000001,{Atria},4,4,1,011111,"{AB, AVC, Atria, LV, RV}",E8.5-25,91.0,Large
All,1,111111,"{AB, AVC, Atria, LV, OFT, RV}",000001,{Atria},4,4,1,011111,"{AB, AVC, Atria, LV, RV}",E8.5-68,11.0,Small
All,1,111111,"{AB, AVC, Atria, LV, OFT, RV}",000001,{Atria},4,4,1,011111,"{AB, AVC, Atria, LV, RV}",E8.5-75,38.0,Large
All,1,111111,"{AB, AVC, Atria, LV, OFT, RV}",000001,{Atria},4,4,1,011111,"{AB, AVC, Atria, LV, RV}",E8.5-15,12.0,Small
All,1,111111,"{AB, AVC, Atria, LV, OFT, RV}",000001,{Atria},4,4,1,011111,"{AB, AVC, Atria, LV, RV}",E8.5-144,20.0,Small
All,1,111111,"{AB, AVC, Atria, LV, OFT, RV}",000001,{Atria},4,4,1,011111,"{AB, AVC, Atria, LV, RV}",E8.5-227,30.0,Small
All,1,111111,"{AB, AVC, Atria, LV, OFT, RV}",000001,{Atria},4,4,1,011111,"{AB, AVC, Atria, LV, RV}",E8.5-178,4.0,Small
All,1,111111,"{AB, AVC, Atria, LV, OFT, RV}",000001,{Atria},4,4,1,011111,"{AB, AVC, Atria, LV, RV}",E8.5-146,4.0,Small
All,1,111111,"{AB, AVC, Atria, LV, OFT, RV}",000001,{Atria},4,4,1,011111,"{AB, AVC, Atria, LV, RV}",E8.5-21,5.0,Small
All,1,111111,"{AB, AVC, Atria, LV, OFT, RV}",000001,{Atria},4,4,1,011111,"{AB, AVC, Atria, LV, RV}",E8.5-224,6.0,Small
All,1,111111,"{AB, AVC, Atria, LV, OFT, RV}",000001,{Atria},4,4,1,011111,"{AB, AVC, Atria, LV, RV}",E8.5-6,7.0,Small
All,1,111111,"{AB, AVC, Atria, LV, OFT, RV}",000001,{Atria},4,4,1,011111,"{AB, AVC, Atria, LV, RV}",E8.5-7,7.0,Small
All,1,111111,"{AB, AVC, Atria, LV, OFT, RV}",000001,{Atria},4,4,1,011111,"{AB, AVC, Atria, LV, RV}",E8.5-116,8.0,Small
All,1,111111,"{AB, AVC, Atria, LV, OFT, RV}",000001,{Atria},4,4,1,011111,"{AB, AVC, Atria, LV, RV}",E8.5-172,8.0,Small
All,1,111111,"{AB, AVC, Atria, LV, OFT, RV}",000001,{Atria},4,4,1,011111,"{AB, AVC, Atria, LV, RV}",E8.5-193,10.0,Small
All,1,111111,"{AB, AVC, Atria, LV, OFT, RV}",000001,{Atria},4,4,1,011111,"{AB, AVC, Atria, LV, RV}",E8.5-20,16.0,Small
All,1,111111,"{AB, AVC, Atria, LV, OFT, RV}",000001,{Atria},4,4,1,011111,"{AB, AVC, Atria, LV, RV}",E8.5-138,16.0,Small
All,1,111111,"{AB, AVC, Atria, LV, OFT, RV}",000001,{Atria},4,4,1,011111,"{AB, AVC, Atria, LV, RV}",E8.5-110,17.0,Small
All,1,111111,"{AB, AVC, Atria, LV, OFT, RV}",000001,{Atria},4,4,1,011111,"{AB, AVC, Atria, LV, RV}",E8.5-221,20.0,Small
All,1,111111,"{AB, AVC, Atria, LV, OFT, RV}",000001,{Atria},4,4,1,011111,"{AB, AVC, Atria, LV, RV}",E8.5-16,25.0,Small
All,1,111111,"{AB, AVC, Atria, LV, OFT, RV}",000001,{Atria},4,4,1,011111,"{AB, AVC, Atria, LV, RV}",E8.5-201,42.0,Large
All,1,111111,"{AB, AVC, Atria, LV, OFT, RV}",000001,{Atria},4,4,2,000111,"{AB, AVC, Atria}",E8.5-2,82.0,Large
All,1,111111,"{AB, AVC, Atria, LV, OFT, RV}",000001,{Atria},4,4,2,000111,"{AB, AVC, Atria}",E8.5-170,142.0,
All,1,111111,"{AB, AVC, Atria, LV, OFT, RV}",000001,{Atria},4,4,2,000111,"{AB, AVC, Atria}",E8.5-156,48.0,Large
All,1,111111,"{AB, AVC, Atria, LV, OFT, RV}",000001,{Atria},4,4,2,000111,"{AB, AVC, Atria}",E8.5-237,85.0,Large
All,1,111111,"{AB, AVC, Atria, LV, OFT, RV}",000001,{Atria},4,4,2,000111,"{AB, AVC, Atria}",E8.5-25,91.0,Large
All,1,111111,"{AB, AVC, Atria, LV, OFT, RV}",000001,{Atria},4,4,2,000111,"{AB, AVC, Atria}",E8.5-68,11.0,Small
All,1,111111,"{AB, AVC, Atria, LV, OFT, RV}",000001,{Atria},4,4,2,000111,"{AB, AVC, Atria}",E8.5-75,38.0,Large
All,1,111111,"{AB, AVC, Atria, LV, OFT, RV}",000001,{Atria},4,4,2,000111,"{AB, AVC, Atria}",E8.5-15,12.0,Small
All,1,111111,"{AB, AVC, Atria, LV, OFT, RV}",000001,{Atria},4,4,2,000111,"{AB, AVC, Atria}",E8.5-144,20.0,Small
All,1,111111,"{AB, AVC, Atria, LV, OFT, RV}",000001,{Atria},4,4,2,000111,"{AB, AVC, Atria}",E8.5-227,30.0,Small
All,1,111111,"{AB, AVC, Atria, LV, OFT, RV}",000001,{Atria},4,4,2,000111,"{AB, AVC, Atria}",E8.5-178,4.0,Small
All,1,111111,"{AB, AVC, Atria, LV, OFT, RV}",000001,{Atria},4,4,2,000111,"{AB, AVC, Atria}",E8.5-146,4.0,Small
All,1,111111,"{AB, AVC, Atria, LV, OFT, RV}",000001,{Atria},4,4,2,000111,"{AB, AVC, Atria}",E8.5-21,5.0,Small
All,1,111111,"{AB, AVC, Atria, LV, OFT, RV}",000001,{Atria},4,4,2,000111,"{AB, AVC, Atria}",E8.5-224,6.0,Small
All,1,111111,"{AB, AVC, Atria, LV, OFT, RV}",000001,{Atria},4,4,2,000111,"{AB, AVC, Atria}",E8.5-6,7.0,Small
All,1,111111,"{AB, AVC, Atria, LV, OFT, RV}",000001,{Atria},4,4,2,000111,"{AB, AVC, Atria}",E8.5-7,7.0,Small
All,1,111111,"{AB, AVC, Atria, LV, OFT, RV}",000001,{Atria},4,4,2,000111,"{AB, AVC, Atria}",E8.5-116,8.0,Small
All,1,111111,"{AB, AVC, Atria, LV, OFT, RV}",000001,{Atria},4,4,2,000111,"{AB, AVC, Atria}",E8.5-172,8.0,Small
All,1,111111,"{AB, AVC, Atria, LV, OFT, RV}",000001,{Atria},4,4,2,000111,"{AB, AVC, Atria}",E8.5-193,10.0,Small
All,1,111111,"{AB, AVC, Atria, LV, OFT, RV}",000001,{Atria},4,4,2,000111,"{AB, AVC, Atria}",E8.5-20,16.0,Small
All,1,111111,"{AB, AVC, Atria, LV, OFT, RV}",000001,{Atria},4,4,2,000111,"{AB, AVC, Atria}",E8.5-138,16.0,Small
All,1,111111,"{AB, AVC, Atria, LV, OFT, RV}",000001,{Atria},4,4,2,000111,"{AB, AVC, Atria}",E8.5-110,17.0,Small
All,1,111111,"{AB, AVC, Atria, LV, OFT, RV}",000001,{Atria},4,4,2,000111,"{AB, AVC, Atria}",E8.5-221,20.0,Small
All,1,111111,"{AB, AVC, Atria, LV, OFT, RV}",000001,{Atria},4,4,2,000111,"{AB, AVC, Atria}",E8.5-16,25.0,Small
All,1,111111,"{AB, AVC, Atria, LV, OFT, RV}",000001,{Atria},4,4,2,000111,"{AB, AVC, Atria}",E8.5-201,42.0,Large
All,1,111111,"{AB, AVC, Atria, LV, OFT, RV}",000001,{Atria},4,4,3,000011,"{AB, Atria}",E8.5-2,82.0,Large
All,1,111111,"{AB, AVC, Atria, LV, OFT, RV}",000001,{Atria},4,4,3,000011,"{AB, Atria}",E8.5-170,142.0,
All,1,111111,"{AB, AVC, Atria, LV, OFT, RV}",000001,{Atria},4,4,3,000011,"{AB, Atria}",E8.5-156,48.0,Large
All,1,111111,"{AB, AVC, Atria, LV, OFT, RV}",000001,{Atria},4,4,3,000011,"{AB, Atria}",E8.5-237,85.0,Large
All,1,111111,"{AB, AVC, Atria, LV, OFT, RV}",000001,{Atria},4,4,3,000011,"{AB, Atria}",E8.5-25,91.0,Large
All,1,111111,"{AB, AVC, Atria, LV, OFT, RV}",000001,{Atria},4,4,3,000011,"{AB, Atria}",E8.5-68,11.0,Small
All,1,111111,"{AB, AVC, Atria, LV, OFT, RV}",000001,{Atria},4,4,3,000011,"{AB, Atria}",E8.5-75,38.0,Large
All,1,111111,"{AB, AVC, Atria, LV, OFT, RV}",000001,{Atria},4,4,3,000011,"{AB, Atria}",E8.5-15,12.0,Small
All,1,111111,"{AB, AVC, Atria, LV, OFT, RV}",000001,{Atria},4,4,3,000011,"{AB, Atria}",E8.5-144,20.0,Small
All,1,111111,"{AB, AVC, Atria, LV, OFT, RV}",000001,{Atria},4,4,3,000011,"{AB, Atria}",E8.5-227,30.0,Small
All,1,111111,"{AB, AVC, Atria, LV, OFT, RV}",000001,{Atria},4,4,3,000011,"{AB, Atria}",E8.5-178,4.0,Small
All,1,111111,"{AB, AVC, Atria, LV, OFT, RV}",000001,{Atria},4,4,3,000011,"{AB, Atria}",E8.5-146,4.0,Small
All,1,111111,"{AB, AVC, Atria, LV, OFT, RV}",000001,{Atria},4,4,3,000011,"{AB, Atria}",E8.5-21,5.0,Small
All,1,111111,"{AB, AVC, Atria, LV, OFT, RV}",000001,{Atria},4,4,3,000011,"{AB, Atria}",E8.5-224,6.0,Small
All,1,111111,"{AB, AVC, Atria, LV, OFT, RV}",000001,{Atria},4,4,3,000011,"{AB, Atria}",E8.5-6,7.0,Small
All,1,111111,"{AB, AVC, Atria, LV, OFT, RV}",000001,{Atria},4,4,3,000011,"{AB, Atria}",E8.5-7,7.0,Small
All,1,111111,"{AB, AVC, Atria, LV, OFT, RV}",000001,{Atria},4,4,3,000011,"{AB, Atria}",E8.5-116,8.0,Small
All,1,111111,"{AB, AVC, Atria, LV, OFT, RV}",000001,{Atria},4,4,3,000011,"{AB, Atria}",E8.5-172,8.0,Small
All,1,111111,"{AB, AVC, Atria, LV, OFT, RV}",000001,{Atria},4,4,3,000011,"{AB, Atria}",E8.5-193,10.0,Small
All,1,111111,"{AB, AVC, Atria, LV, OFT, RV}",000001,{Atria},4,4,3,000011,"{AB, Atria}",E8.5-20,16.0,Small
All,1,111111,"{AB, AVC, Atria, LV, OFT, RV}",000001,{Atria},4,4,3,000011,"{AB, Atria}",E8.5-138,16.0,Small
All,1,111111,"{AB, AVC, Atria, LV, OFT, RV}",000001,{Atria},4,4,3,000011,"{AB, Atria}",E8.5-110,17.0,Small
All,1,111111,"{AB, AVC, Atria, LV, OFT, RV}",000001,{Atria},4,4,3,000011,"{AB, Atria}",E8.5-221,20.0,Small
All,1,111111,"{AB, AVC, Atria, LV, OFT, RV}",000001,{Atria},4,4,3,000011,"{AB, Atria}",E8.5-16,25.0,Small
All,1,111111,"{AB, AVC, Atria, LV, OFT, RV}",000001,{Atria},4,4,3,000011,"{AB, Atria}",E8.5-201,42.0,Large
All,1,111111,"{AB, AVC, Atria, LV, OFT, RV}",000001,{Atria},4,4,4,000001,{Atria},E8.5-2,82.0,Large
All,1,111111,"{AB, AVC, Atria, LV, OFT, RV}",000001,{Atria},4,4,4,000001,{Atria},E8.5-170,142.0,
All,1,111111,"{AB, AVC, Atria, LV, OFT, RV}",000001,{Atria},4,4,4,000001,{Atria},E8.5-156,48.0,Large
All,1,111111,"{AB, AVC, Atria, LV, OFT, RV}",000001,{Atria},4,4,4,000001,{Atria},E8.5-237,85.0,Large
All,1,111111,"{AB, AVC, Atria, LV, OFT, RV}",000001,{Atria},4,4,4,000001,{Atria},E8.5-25,91.0,Large
All,1,111111,"{AB, AVC, Atria, LV, OFT, RV}",000001,{Atria},4,4,4,000001,{Atria},E8.5-68,11.0,Small
All,1,111111,"{AB, AVC, Atria, LV, OFT, RV}",000001,{Atria},4,4,4,000001,{Atria},E8.5-75,38.0,Large
All,1,111111,"{AB, AVC, Atria, LV, OFT, RV}",000001,{Atria},4,4,4,000001,{Atria},E8.5-15,12.0,Small
All,1,111111,"{AB, AVC, Atria, LV, OFT, RV}",000001,{Atria},4,4,4,000001,{Atria},E8.5-144,20.0,Small
All,1,111111,"{AB, AVC, Atria, LV, OFT, RV}",000001,{Atria},4,4,4,000001,{Atria},E8.5-227,30.0,Small
All,1,111111,"{AB, AVC, Atria, LV, OFT, RV}",000001,{Atria},4,4,4,000001,{Atria},E8.5-178,4.0,Small
All,1,111111,"{AB, AVC, Atria, LV, OFT, RV}",000001,{Atria},4,4,4,000001,{Atria},E8.5-146,4.0,Small
All,1,111111,"{AB, AVC, Atria, LV, OFT, RV}",000001,{Atria},4,4,4,000001,{Atria},E8.5-21,5.0,Small
All,1,111111,"{AB, AVC, Atria, LV, OFT, RV}",000001,{Atria},4,4,4,000001,{Atria},E8.5-224,6.0,Small
All,1,111111,"{AB, AVC, Atria, LV, OFT, RV}",000001,{Atria},4,4,4,000001,{Atria},E8.5-6,7.0,Small
All,1,111111,"{AB, AVC, Atria, LV, OFT, RV}",000001,{Atria},4,4,4,000001,{Atria},E8.5-7,7.0,Small
All,1,111111,"{AB, AVC, Atria, LV, OFT, RV}",000001,{Atria},4,4,4,000001,{Atria},E8.5-116,8.0,Small
All,1,111111,"{AB, AVC, Atria, LV, OFT, RV}",000001,{Atria},4,4,4,000001,{Atria},E8.5-172,8.0,Small
All,1,111111,"{AB, AVC, Atria, LV, OFT, RV}",000001,{Atria},4,4,4,000001,{Atria},E8.5-193,10.0,Small
All,1,111111,"{AB, AVC, Atria, LV, OFT, RV}",000001,{Atria},4,4,4,000001,{Atria},E8.5-20,16.0,Small
All,1,111111,"{AB, AVC, Atria, LV, OFT, RV}",000001,{Atria},4,4,4,000001,{Atria},E8.5-138,16.0,Small
All,1,111111,"{AB, AVC, Atria, LV, OFT, RV}",000001,{Atria},4,4,4,000001,{Atria},E8.5-110,17.0,Small
All,1,111111,"{AB, AVC, Atria, LV, OFT, RV}",000001,{Atria},4,4,4,000001,{Atria},E8.5-221,20.0,Small
All,1,111111,"{AB, AVC, Atria, LV, OFT, RV}",000001,{Atria},4,4,4,000001,{Atria},E8.5-16,25.0,Small
All,1,111111,"{AB, AVC, Atria, LV, OFT, RV}",000001,{Atria},4,4,4,000001,{Atria},E8.5-201,42.0,Large
All,1,111111,"{AB, AVC, Atria, LV, OFT, RV}",000001,{Atria},5,3,0,111111,"{AB, AVC, Atria, LV, OFT, RV}",E8.5-2,82.0,Large
All,1,111111,"{AB, AVC, Atria, LV, OFT, RV}",000001,{Atria},5,3,0,111111,"{AB, AVC, Atria, LV, OFT, RV}",E8.5-170,142.0,
All,1,111111,"{AB, AVC, Atria, LV, OFT, RV}",000001,{Atria},5,3,0,111111,"{AB, AVC, Atria, LV, OFT, RV}",E8.5-156,48.0,Large
All,1,111111,"{AB, AVC, Atria, LV, OFT, RV}",000001,{Atria},5,3,0,111111,"{AB, AVC, Atria, LV, OFT, RV}",E8.5-237,85.0,Large
All,1,111111,"{AB, AVC, Atria, LV, OFT, RV}",000001,{Atria},5,3,0,111111,"{AB, AVC, Atria, LV, OFT, RV}",E8.5-25,91.0,Large
All,1,111111,"{AB, AVC, Atria, LV, OFT, RV}",000001,{Atria},5,3,0,111111,"{AB, AVC, Atria, LV, OFT, RV}",E8.5-68,11.0,Small
All,1,111111,"{AB, AVC, Atria, LV, OFT, RV}",000001,{Atria},5,3,0,111111,"{AB, AVC, Atria, LV, OFT, RV}",E8.5-75,38.0,Large
All,1,111111,"{AB, AVC, Atria, LV, OFT, RV}",000001,{Atria},5,3,0,111111,"{AB, AVC, Atria, LV, OFT, RV}",E8.5-178,4.0,Small
All,1,111111,"{AB, AVC, Atria, LV, OFT, RV}",000001,{Atria},5,3,0,111111,"{AB, AVC, Atria, LV, OFT, RV}",E8.5-146,4.0,Small
All,1,111111,"{AB, AVC, Atria, LV, OFT, RV}",000001,{Atria},5,3,0,111111,"{AB, AVC, Atria, LV, OFT, RV}",E8.5-21,5.0,Small
All,1,111111,"{AB, AVC, Atria, LV, OFT, RV}",000001,{Atria},5,3,0,111111,"{AB, AVC, Atria, LV, OFT, RV}",E8.5-224,6.0,Small
All,1,111111,"{AB, AVC, Atria, LV, OFT, RV}",000001,{Atria},5,3,0,111111,"{AB, AVC, Atria, LV, OFT, RV}",E8.5-6,7.0,Small
All,1,111111,"{AB, AVC, Atria, LV, OFT, RV}",000001,{Atria},5,3,0,111111,"{AB, AVC, Atria, LV, OFT, RV}",E8.5-7,7.0,Small
All,1,111111,"{AB, AVC, Atria, LV, OFT, RV}",000001,{Atria},5,3,0,111111,"{AB, AVC, Atria, LV, OFT, RV}",E8.5-116,8.0,Small
All,1,111111,"{AB, AVC, Atria, LV, OFT, RV}",000001,{Atria},5,3,0,111111,"{AB, AVC, Atria, LV, OFT, RV}",E8.5-172,8.0,Small
All,1,111111,"{AB, AVC, Atria, LV, OFT, RV}",000001,{Atria},5,3,0,111111,"{AB, AVC, Atria, LV, OFT, RV}",E8.5-193,10.0,Small
All,1,111111,"{AB, AVC, Atria, LV, OFT, RV}",000001,{Atria},5,3,0,111111,"{AB, AVC, Atria, LV, OFT, RV}",E8.5-20,16.0,Small
All,1,111111,"{AB, AVC, Atria, LV, OFT, RV}",000001,{Atria},5,3,0,111111,"{AB, AVC, Atria, LV, OFT, RV}",E8.5-138,16.0,Small
All,1,111111,"{AB, AVC, Atria, LV, OFT, RV}",000001,{Atria},5,3,0,111111,"{AB, AVC, Atria, LV, OFT, RV}",E8.5-110,17.0,Small
All,1,111111,"{AB, AVC, Atria, LV, OFT, RV}",000001,{Atria},5,3,0,111111,"{AB, AVC, Atria, LV, OFT, RV}",E8.5-221,20.0,Small
All,1,111111,"{AB, AVC, Atria, LV, OFT, RV}",000001,{Atria},5,3,0,111111,"{AB, AVC, Atria, LV, OFT, RV}",E8.5-16,25.0,Small
All,1,111111,"{AB, AVC, Atria, LV, OFT, RV}",000001,{Atria},5,3,0,111111,"{AB, AVC, Atria, LV, OFT, RV}",E8.5-201,42.0,Large
All,1,111111,"{AB, AVC, Atria, LV, OFT, RV}",000001,{Atria},5,3,1,011111,"{AB, AVC, Atria, LV, RV}",E8.5-2,82.0,Large
All,1,111111,"{AB, AVC, Atria, LV, OFT, RV}",000001,{Atria},5,3,1,011111,"{AB, AVC, Atria, LV, RV}",E8.5-170,142.0,
All,1,111111,"{AB, AVC, Atria, LV, OFT, RV}",000001,{Atria},5,3,1,011111,"{AB, AVC, Atria, LV, RV}",E8.5-156,48.0,Large
All,1,111111,"{AB, AVC, Atria, LV, OFT, RV}",000001,{Atria},5,3,1,011111,"{AB, AVC, Atria, LV, RV}",E8.5-237,85.0,Large
All,1,111111,"{AB, AVC, Atria, LV, OFT, RV}",000001,{Atria},5,3,1,011111,"{AB, AVC, Atria, LV, RV}",E8.5-25,91.0,Large
All,1,111111,"{AB, AVC, Atria, LV, OFT, RV}",000001,{Atria},5,3,1,011111,"{AB, AVC, Atria, LV, RV}",E8.5-68,11.0,Small
All,1,111111,"{AB, AVC, Atria, LV, OFT, RV}",000001,{Atria},5,3,1,011111,"{AB, AVC, Atria, LV, RV}",E8.5-75,38.0,Large
All,1,111111,"{AB, AVC, Atria, LV, OFT, RV}",000001,{Atria},5,3,1,011111,"{AB, AVC, Atria, LV, RV}",E8.5-178,4.0,Small
All,1,111111,"{AB, AVC, Atria, LV, OFT, RV}",000001,{Atria},5,3,1,011111,"{AB, AVC, Atria, LV, RV}",E8.5-146,4.0,Small
All,1,111111,"{AB, AVC, Atria, LV, OFT, RV}",000001,{Atria},5,3,1,011111,"{AB, AVC, Atria, LV, RV}",E8.5-21,5.0,Small
All,1,111111,"{AB, AVC, Atria, LV, OFT, RV}",000001,{Atria},5,3,1,011111,"{AB, AVC, Atria, LV, RV}",E8.5-224,6.0,Small
All,1,111111,"{AB, AVC, Atria, LV, OFT, RV}",000001,{Atria},5,3,1,011111,"{AB, AVC, Atria, LV, RV}",E8.5-6,7.0,Small
All,1,111111,"{AB, AVC, Atria, LV, OFT, RV}",000001,{Atria},5,3,1,011111,"{AB, AVC, Atria, LV, RV}",E8.5-7,7.0,Small
All,1,111111,"{AB, AVC, Atria, LV, OFT, RV}",000001,{Atria},5,3,1,011111,"{AB, AVC, Atria, LV, RV}",E8.5-116,8.0,Small
All,1,111111,"{AB, AVC, Atria, LV, OFT, RV}",000001,{Atria},5,3,1,011111,"{AB, AVC, Atria, LV, RV}",E8.5-172,8.0,Small
All,1,111111,"{AB, AVC, Atria, LV, OFT, RV}",000001,{Atria},5,3,1,011111,"{AB, AVC, Atria, LV, RV}",E8.5-193,10.0,Small
All,1,111111,"{AB, AVC, Atria, LV, OFT, RV}",000001,{Atria},5,3,1,011111,"{AB, AVC, Atria, LV, RV}",E8.5-20,16.0,Small
All,1,111111,"{AB, AVC, Atria, LV, OFT, RV}",000001,{Atria},5,3,1,011111,"{AB, AVC, Atria, LV, RV}",E8.5-138,16.0,Small
All,1,111111,"{AB, AVC, Atria, LV, OFT, RV}",000001,{Atria},5,3,1,011111,"{AB, AVC, Atria, LV, RV}",E8.5-110,17.0,Small
All,1,111111,"{AB, AVC, Atria, LV, OFT, RV}",000001,{Atria},5,3,1,011111,"{AB, AVC, Atria, LV, RV}",E8.5-221,20.0,Small
All,1,111111,"{AB, AVC, Atria, LV, OFT, RV}",000001,{Atria},5,3,1,011111,"{AB, AVC, Atria, LV, RV}",E8.5-16,25.0,Small
All,1,111111,"{AB, AVC, Atria, LV, OFT, RV}",000001,{Atria},5,3,1,011111,"{AB, AVC, Atria, LV, RV}",E8.5-201,42.0,Large
All,1,111111,"{AB, AVC, Atria, LV, OFT, RV}",000001,{Atria},5,3,2,000111,"{AB, AVC, Atria}",E8.5-2,82.0,Large
All,1,111111,"{AB, AVC, Atria, LV, OFT, RV}",000001,{Atria},5,3,2,000111,"{AB, AVC, Atria}",E8.5-170,142.0,
All,1,111111,"{AB, AVC, Atria, LV, OFT, RV}",000001,{Atria},5,3,2,000111,"{AB, AVC, Atria}",E8.5-156,48.0,Large
All,1,111111,"{AB, AVC, Atria, LV, OFT, RV}",000001,{Atria},5,3,2,000111,"{AB, AVC, Atria}",E8.5-237,85.0,Large
All,1,111111,"{AB, AVC, Atria, LV, OFT, RV}",000001,{Atria},5,3,2,000111,"{AB, AVC, Atria}",E8.5-25,91.0,Large
All,1,111111,"{AB, AVC, Atria, LV, OFT, RV}",000001,{Atria},5,3,2,000111,"{AB, AVC, Atria}",E8.5-68,11.0,Small
All,1,111111,"{AB, AVC, Atria, LV, OFT, RV}",000001,{Atria},5,3,2,000111,"{AB, AVC, Atria}",E8.5-75,38.0,Large
All,1,111111,"{AB, AVC, Atria, LV, OFT, RV}",000001,{Atria},5,3,2,000111,"{AB, AVC, Atria}",E8.5-178,4.0,Small
All,1,111111,"{AB, AVC, Atria, LV, OFT, RV}",000001,{Atria},5,3,2,000111,"{AB, AVC, Atria}",E8.5-146,4.0,Small
All,1,111111,"{AB, AVC, Atria, LV, OFT, RV}",000001,{Atria},5,3,2,000111,"{AB, AVC, Atria}",E8.5-21,5.0,Small
All,1,111111,"{AB, AVC, Atria, LV, OFT, RV}",000001,{Atria},5,3,2,000111,"{AB, AVC, Atria}",E8.5-224,6.0,Small
All,1,111111,"{AB, AVC, Atria, LV, OFT, RV}",000001,{Atria},5,3,2,000111,"{AB, AVC, Atria}",E8.5-6,7.0,Small
All,1,111111,"{AB, AVC, Atria, LV, OFT, RV}",000001,{Atria},5,3,2,000111,"{AB, AVC, Atria}",E8.5-7,7.0,Small
All,1,111111,"{AB, AVC, Atria, LV, OFT, RV}",000001,{Atria},5,3,2,000111,"{AB, AVC, Atria}",E8.5-116,8.0,Small
All,1,111111,"{AB, AVC, Atria, LV, OFT, RV}",000001,{Atria},5,3,2,000111,"{AB, AVC, Atria}",E8.5-172,8.0,Small
All,1,111111,"{AB, AVC, Atria, LV, OFT, RV}",000001,{Atria},5,3,2,000111,"{AB, AVC, Atria}",E8.5-193,10.0,Small
All,1,111111,"{AB, AVC, Atria, LV, OFT, RV}",000001,{Atria},5,3,2,000111,"{AB, AVC, Atria}",E8.5-20,16.0,Small
All,1,111111,"{AB, AVC, Atria, LV, OFT, RV}",000001,{Atria},5,3,2,000111,"{AB, AVC, Atria}",E8.5-138,16.0,Small
All,1,111111,"{AB, AVC, Atria, LV, OFT, RV}",000001,{Atria},5,3,2,000111,"{AB, AVC, Atria}",E8.5-110,17.0,Small
All,1,111111,"{AB, AVC, Atria, LV, OFT, RV}",000001,{Atria},5,3,2,000111,"{AB, AVC, Atria}",E8.5-221,20.0,Small
All,1,111111,"{AB, AVC, Atria, LV, OFT, RV}",000001,{Atria},5,3,2,000111,"{AB, AVC, Atria}",E8.5-16,25.0,Small
All,1,111111,"{AB, AVC, Atria, LV, OFT, RV}",000001,{Atria},5,3,2,000111,"{AB, AVC, Atria}",E8.5-201,42.0,Large
All,1,111111,"{AB, AVC, Atria, LV, OFT, RV}",000001,{Atria},5,3,3,000001,{Atria},E8.5-2,82.0,Large
All,1,111111,"{AB, AVC, Atria, LV, OFT, RV}",000001,{Atria},5,3,3,000001,{Atria},E8.5-170,142.0,
All,1,111111,"{AB, AVC, Atria, LV, OFT, RV}",000001,{Atria},5,3,3,000001,{Atria},E8.5-156,48.0,Large
All,1,111111,"{AB, AVC, Atria, LV, OFT, RV}",000001,{Atria},5,3,3,000001,{Atria},E8.5-237,85.0,Large
All,1,111111,"{AB, AVC, Atria, LV, OFT, RV}",000001,{Atria},5,3,3,000001,{Atria},E8.5-25,91.0,Large
All,1,111111,"{AB, AVC, Atria, LV, OFT, RV}",000001,{Atria},5,3,3,000001,{Atria},E8.5-68,11.0,Small
All,1,111111,"{AB, AVC, Atria, LV, OFT, RV}",000001,{Atria},5,3,3,000001,{Atria},E8.5-75,38.0,Large
All,1,111111,"{AB, AVC, Atria, LV, OFT, RV}",000001,{Atria},5,3,3,000001,{Atria},E8.5-178,4.0,Small
All,1,111111,"{AB, AVC, Atria, LV, OFT, RV}",000001,{Atria},5,3,3,000001,{Atria},E8.5-146,4.0,Small
All,1,111111,"{AB, AVC, Atria, LV, OFT, RV}",000001,{Atria},5,3,3,000001,{Atria},E8.5-21,5.0,Small
All,1,111111,"{AB, AVC, Atria, LV, OFT, RV}",000001,{Atria},5,3,3,000001,{Atria},E8.5-224,6.0,Small
All,1,111111,"{AB, AVC, Atria, LV, OFT, RV}",000001,{Atria},5,3,3,000001,{Atria},E8.5-6,7.0,Small
All,1,111111,"{AB, AVC, Atria, LV, OFT, RV}",000001,{Atria},5,3,3,000001,{Atria},E8.5-7,7.0,Small
All,1,111111,"{AB, AVC, Atria, LV, OFT, RV}",000001,{Atria},5,3,3,000001,{Atria},E8.5-116,8.0,Small
All,1,111111,"{AB, AVC, Atria, LV, OFT, RV}",000001,{Atria},5,3,3,000001,{Atria},E8.5-172,8.0,Small
All,1,111111,"{AB, AVC, Atria, LV, OFT, RV}",000001,{Atria},5,3,3,000001,{Atria},E8.5-193,10.0,Small
All,1,111111,"{AB, AVC, Atria, LV, OFT, RV}",000001,{Atria},5,3,3,000001,{Atria},E8.5-20,16.0,Small
All,1,111111,"{AB, AVC, Atria, LV, OFT, RV}",000001,{Atria},5,3,3,000001,{Atria},E8.5-138,16.0,Small
All,1,111111,"{AB, AVC, Atria, LV, OFT, RV}",000001,{Atria},5,3,3,000001,{Atria},E8.5-110,17.0,Small
All,1,111111,"{AB, AVC, Atria, LV, OFT, RV}",000001,{Atria},5,3,3,000001,{Atria},E8.5-221,20.0,Small
All,1,111111,"{AB, AVC, Atria, LV, OFT, RV}",000001,{Atria},5,3,3,000001,{Atria},E8.5-16,25.0,Small
All,1,111111,"{AB, AVC, Atria, LV, OFT, RV}",000001,{Atria},5,3,3,000001,{Atria},E8.5-201,42.0,Large
All,1,111111,"{AB, AVC, Atria, LV, OFT, RV}",000001,{Atria},6,4,0,111111,"{AB, AVC, Atria, LV, OFT, RV}",E8.5-2,82.0,Large
All,1,111111,"{AB, AVC, Atria, LV, OFT, RV}",000001,{Atria},6,4,0,111111,"{AB, AVC, Atria, LV, OFT, RV}",E8.5-170,142.0,
All,1,111111,"{AB, AVC, Atria, LV, OFT, RV}",000001,{Atria},6,4,0,111111,"{AB, AVC, Atria, LV, OFT, RV}",E8.5-156,48.0,Large
All,1,111111,"{AB, AVC, Atria, LV, OFT, RV}",000001,{Atria},6,4,0,111111,"{AB, AVC, Atria, LV, OFT, RV}",E8.5-237,85.0,Large
All,1,111111,"{AB, AVC, Atria, LV, OFT, RV}",000001,{Atria},6,4,0,111111,"{AB, AVC, Atria, LV, OFT, RV}",E8.5-25,91.0,Large
All,1,111111,"{AB, AVC, Atria, LV, OFT, RV}",000001,{Atria},6,4,0,111111,"{AB, AVC, Atria, LV, OFT, RV}",E8.5-166,36.0,Large
All,1,111111,"{AB, AVC, Atria, LV, OFT, RV}",000001,{Atria},6,4,0,111111,"{AB, AVC, Atria, LV, OFT, RV}",E8.5-77,35.0,Large
All,1,111111,"{AB, AVC, Atria, LV, OFT, RV}",000001,{Atria},6,4,0,111111,"{AB, AVC, Atria, LV, OFT, RV}",E8.5-178,4.0,Small
All,1,111111,"{AB, AVC, Atria, LV, OFT, RV}",000001,{Atria},6,4,0,111111,"{AB, AVC, Atria, LV, OFT, RV}",E8.5-146,4.0,Small
All,1,111111,"{AB, AVC, Atria, LV, OFT, RV}",000001,{Atria},6,4,0,111111,"{AB, AVC, Atria, LV, OFT, RV}",E8.5-21,5.0,Small
All,1,111111,"{AB, AVC, Atria, LV, OFT, RV}",000001,{Atria},6,4,0,111111,"{AB, AVC, Atria, LV, OFT, RV}",E8.5-224,6.0,Small
All,1,111111,"{AB, AVC, Atria, LV, OFT, RV}",000001,{Atria},6,4,0,111111,"{AB, AVC, Atria, LV, OFT, RV}",E8.5-6,7.0,Small
All,1,111111,"{AB, AVC, Atria, LV, OFT, RV}",000001,{Atria},6,4,0,111111,"{AB, AVC, Atria, LV, OFT, RV}",E8.5-7,7.0,Small
All,1,111111,"{AB, AVC, Atria, LV, OFT, RV}",000001,{Atria},6,4,0,111111,"{AB, AVC, Atria, LV, OFT, RV}",E8.5-116,8.0,Small
All,1,111111,"{AB, AVC, Atria, LV, OFT, RV}",000001,{Atria},6,4,0,111111,"{AB, AVC, Atria, LV, OFT, RV}",E8.5-172,8.0,Small
All,1,111111,"{AB, AVC, Atria, LV, OFT, RV}",000001,{Atria},6,4,0,111111,"{AB, AVC, Atria, LV, OFT, RV}",E8.5-193,10.0,Small
All,1,111111,"{AB, AVC, Atria, LV, OFT, RV}",000001,{Atria},6,4,0,111111,"{AB, AVC, Atria, LV, OFT, RV}",E8.5-20,16.0,Small
All,1,111111,"{AB, AVC, Atria, LV, OFT, RV}",000001,{Atria},6,4,0,111111,"{AB, AVC, Atria, LV, OFT, RV}",E8.5-138,16.0,Small
All,1,111111,"{AB, AVC, Atria, LV, OFT, RV}",000001,{Atria},6,4,0,111111,"{AB, AVC, Atria, LV, OFT, RV}",E8.5-110,17.0,Small
All,1,111111,"{AB, AVC, Atria, LV, OFT, RV}",000001,{Atria},6,4,0,111111,"{AB, AVC, Atria, LV, OFT, RV}",E8.5-221,20.0,Small
All,1,111111,"{AB, AVC, Atria, LV, OFT, RV}",000001,{Atria},6,4,0,111111,"{AB, AVC, Atria, LV, OFT, RV}",E8.5-16,25.0,Small
All,1,111111,"{AB, AVC, Atria, LV, OFT, RV}",000001,{Atria},6,4,0,111111,"{AB, AVC, Atria, LV, OFT, RV}",E8.5-201,42.0,Large
All,1,111111,"{AB, AVC, Atria, LV, OFT, RV}",000001,{Atria},6,4,1,011111,"{AB, AVC, Atria, LV, RV}",E8.5-2,82.0,Large
All,1,111111,"{AB, AVC, Atria, LV, OFT, RV}",000001,{Atria},6,4,1,011111,"{AB, AVC, Atria, LV, RV}",E8.5-170,142.0,
All,1,111111,"{AB, AVC, Atria, LV, OFT, RV}",000001,{Atria},6,4,1,011111,"{AB, AVC, Atria, LV, RV}",E8.5-156,48.0,Large
All,1,111111,"{AB, AVC, Atria, LV, OFT, RV}",000001,{Atria},6,4,1,011111,"{AB, AVC, Atria, LV, RV}",E8.5-237,85.0,Large
All,1,111111,"{AB, AVC, Atria, LV, OFT, RV}",000001,{Atria},6,4,1,011111,"{AB, AVC, Atria, LV, RV}",E8.5-25,91.0,Large
All,1,111111,"{AB, AVC, Atria, LV, OFT, RV}",000001,{Atria},6,4,1,011111,"{AB, AVC, Atria, LV, RV}",E8.5-166,36.0,Large
All,1,111111,"{AB, AVC, Atria, LV, OFT, RV}",000001,{Atria},6,4,1,011111,"{AB, AVC, Atria, LV, RV}",E8.5-77,35.0,Large
All,1,111111,"{AB, AVC, Atria, LV, OFT, RV}",000001,{Atria},6,4,1,011111,"{AB, AVC, Atria, LV, RV}",E8.5-178,4.0,Small
All,1,111111,"{AB, AVC, Atria, LV, OFT, RV}",000001,{Atria},6,4,1,011111,"{AB, AVC, Atria, LV, RV}",E8.5-146,4.0,Small
All,1,111111,"{AB, AVC, Atria, LV, OFT, RV}",000001,{Atria},6,4,1,011111,"{AB, AVC, Atria, LV, RV}",E8.5-21,5.0,Small
All,1,111111,"{AB, AVC, Atria, LV, OFT, RV}",000001,{Atria},6,4,1,011111,"{AB, AVC, Atria, LV, RV}",E8.5-224,6.0,Small
All,1,111111,"{AB, AVC, Atria, LV, OFT, RV}",000001,{Atria},6,4,1,011111,"{AB, AVC, Atria, LV, RV}",E8.5-6,7.0,Small
All,1,111111,"{AB, AVC, Atria, LV, OFT, RV}",000001,{Atria},6,4,1,011111,"{AB, AVC, Atria, LV, RV}",E8.5-7,7.0,Small
All,1,111111,"{AB, AVC, Atria, LV, OFT, RV}",000001,{Atria},6,4,1,011111,"{AB, AVC, Atria, LV, RV}",E8.5-116,8.0,Small
All,1,111111,"{AB, AVC, Atria, LV, OFT, RV}",000001,{Atria},6,4,1,011111,"{AB, AVC, Atria, LV, RV}",E8.5-172,8.0,Small
All,1,111111,"{AB, AVC, Atria, LV, OFT, RV}",000001,{Atria},6,4,1,011111,"{AB, AVC, Atria, LV, RV}",E8.5-193,10.0,Small
All,1,111111,"{AB, AVC, Atria, LV, OFT, RV}",000001,{Atria},6,4,1,011111,"{AB, AVC, Atria, LV, RV}",E8.5-20,16.0,Small
All,1,111111,"{AB, AVC, Atria, LV, OFT, RV}",000001,{Atria},6,4,1,011111,"{AB, AVC, Atria, LV, RV}",E8.5-138,16.0,Small
All,1,111111,"{AB, AVC, Atria, LV, OFT, RV}",000001,{Atria},6,4,1,011111,"{AB, AVC, Atria, LV, RV}",E8.5-110,17.0,Small
All,1,111111,"{AB, AVC, Atria, LV, OFT, RV}",000001,{Atria},6,4,1,011111,"{AB, AVC, Atria, LV, RV}",E8.5-221,20.0,Small
All,1,111111,"{AB, AVC, Atria, LV, OFT, RV}",000001,{Atria},6,4,1,011111,"{AB, AVC, Atria, LV, RV}",E8.5-16,25.0,Small
All,1,111111,"{AB, AVC, Atria, LV, OFT, RV}",000001,{Atria},6,4,1,011111,"{AB, AVC, Atria, LV, RV}",E8.5-201,42.0,Large
All,1,111111,"{AB, AVC, Atria, LV, OFT, RV}",000001,{Atria},6,4,2,011101,"{AVC, Atria, LV, RV}",E8.5-2,82.0,Large
All,1,111111,"{AB, AVC, Atria, LV, OFT, RV}",000001,{Atria},6,4,2,011101,"{AVC, Atria, LV, RV}",E8.5-170,142.0,
All,1,111111,"{AB, AVC, Atria, LV, OFT, RV}",000001,{Atria},6,4,2,011101,"{AVC, Atria, LV, RV}",E8.5-156,48.0,Large
All,1,111111,"{AB, AVC, Atria, LV, OFT, RV}",000001,{Atria},6,4,2,011101,"{AVC, Atria, LV, RV}",E8.5-237,85.0,Large
All,1,111111,"{AB, AVC, Atria, LV, OFT, RV}",000001,{Atria},6,4,2,011101,"{AVC, Atria, LV, RV}",E8.5-25,91.0,Large
All,1,111111,"{AB, AVC, Atria, LV, OFT, RV}",000001,{Atria},6,4,2,011101,"{AVC, Atria, LV, RV}",E8.5-166,36.0,Large
All,1,111111,"{AB, AVC, Atria, LV, OFT, RV}",000001,{Atria},6,4,2,011101,"{AVC, Atria, LV, RV}",E8.5-77,35.0,Large
All,1,111111,"{AB, AVC, Atria, LV, OFT, RV}",000001,{Atria},6,4,2,011101,"{AVC, Atria, LV, RV}",E8.5-178,4.0,Small
All,1,111111,"{AB, AVC, Atria, LV, OFT, RV}",000001,{Atria},6,4,2,011101,"{AVC, Atria, LV, RV}",E8.5-146,4.0,Small
All,1,111111,"{AB, AVC, Atria, LV, OFT, RV}",000001,{Atria},6,4,2,011101,"{AVC, Atria, LV, RV}",E8.5-21,5.0,Small
All,1,111111,"{AB, AVC, Atria, LV, OFT, RV}",000001,{Atria},6,4,2,011101,"{AVC, Atria, LV, RV}",E8.5-224,6.0,Small
All,1,111111,"{AB, AVC, Atria, LV, OFT, RV}",000001,{Atria},6,4,2,011101,"{AVC, Atria, LV, RV}",E8.5-6,7.0,Small
All,1,111111,"{AB, AVC, Atria, LV, OFT, RV}",000001,{Atria},6,4,2,011101,"{AVC, Atria, LV, RV}",E8.5-7,7.0,Small
All,1,111111,"{AB, AVC, Atria, LV, OFT, RV}",000001,{Atria},6,4,2,011101,"{AVC, Atria, LV, RV}",E8.5-116,8.0,Small
All,1,111111,"{AB, AVC, Atria, LV, OFT, RV}",000001,{Atria},6,4,2,011101,"{AVC, Atria, LV, RV}",E8.5-172,8.0,Small
All,1,111111,"{AB, AVC, Atria, LV, OFT, RV}",000001,{Atria},6,4,2,011101,"{AVC, Atria, LV, RV}",E8.5-193,10.0,Small
All,1,111111,"{AB, AVC, Atria, LV, OFT, RV}",000001,{Atria},6,4,2,011101,"{AVC, Atria, LV, RV}",E8.5-20,16.0,Small
All,1,111111,"{AB, AVC, Atria, LV, OFT, RV}",000001,{Atria},6,4,2,011101,"{AVC, Atria, LV, RV}",E8.5-138,16.0,Small
All,1,111111,"{AB, AVC, Atria, LV, OFT, RV}",000001,{Atria},6,4,2,011101,"{AVC, Atria, LV, RV}",E8.5-110,17.0,Small
All,1,111111,"{AB, AVC, Atria, LV, OFT, RV}",000001,{Atria},6,4,2,011101,"{AVC, Atria, LV, RV}",E8.5-221,20.0,Small
All,1,111111,"{AB, AVC, Atria, LV, OFT, RV}",000001,{Atria},6,4,2,011101,"{AVC, Atria, LV, RV}",E8.5-16,25.0,Small
All,1,111111,"{AB, AVC, Atria, LV, OFT, RV}",000001,{Atria},6,4,2,011101,"{AVC, Atria, LV, RV}",E8.5-201,42.0,Large
All,1,111111,"{AB, AVC, Atria, LV, OFT, RV}",000001,{Atria},6,4,3,001101,"{AVC, Atria, LV}",E8.5-2,82.0,Large
All,1,111111,"{AB, AVC, Atria, LV, OFT, RV}",000001,{Atria},6,4,3,001101,"{AVC, Atria, LV}",E8.5-170,142.0,
All,1,111111,"{AB, AVC, Atria, LV, OFT, RV}",000001,{Atria},6,4,3,001101,"{AVC, Atria, LV}",E8.5-156,48.0,Large
All,1,111111,"{AB, AVC, Atria, LV, OFT, RV}",000001,{Atria},6,4,3,001101,"{AVC, Atria, LV}",E8.5-237,85.0,Large
All,1,111111,"{AB, AVC, Atria, LV, OFT, RV}",000001,{Atria},6,4,3,001101,"{AVC, Atria, LV}",E8.5-25,91.0,Large
All,1,111111,"{AB, AVC, Atria, LV, OFT, RV}",000001,{Atria},6,4,3,001101,"{AVC, Atria, LV}",E8.5-166,36.0,Large
All,1,111111,"{AB, AVC, Atria, LV, OFT, RV}",000001,{Atria},6,4,3,001101,"{AVC, Atria, LV}",E8.5-77,35.0,Large
All,1,111111,"{AB, AVC, Atria, LV, OFT, RV}",000001,{Atria},6,4,3,001101,"{AVC, Atria, LV}",E8.5-178,4.0,Small
All,1,111111,"{AB, AVC, Atria, LV, OFT, RV}",000001,{Atria},6,4,3,001101,"{AVC, Atria, LV}",E8.5-146,4.0,Small
All,1,111111,"{AB, AVC, Atria, LV, OFT, RV}",000001,{Atria},6,4,3,001101,"{AVC, Atria, LV}",E8.5-21,5.0,Small
All,1,111111,"{AB, AVC, Atria, LV, OFT, RV}",000001,{Atria},6,4,3,001101,"{AVC, Atria, LV}",E8.5-224,6.0,Small
All,1,111111,"{AB, AVC, Atria, LV, OFT, RV}",000001,{Atria},6,4,3,001101,"{AVC, Atria, LV}",E8.5-6,7.0,Small
All,1,111111,"{AB, AVC, Atria, LV, OFT, RV}",000001,{Atria},6,4,3,001101,"{AVC, Atria, LV}",E8.5-7,7.0,Small
All,1,111111,"{AB, AVC, Atria, LV, OFT, RV}",000001,{Atria},6,4,3,001101,"{AVC, Atria, LV}",E8.5-116,8.0,Small
All,1,111111,"{AB, AVC, Atria, LV, OFT, RV}",000001,{Atria},6,4,3,001101,"{AVC, Atria, LV}",E8.5-172,8.0,Small
All,1,111111,"{AB, AVC, Atria, LV, OFT, RV}",000001,{Atria},6,4,3,001101,"{AVC, Atria, LV}",E8.5-193,10.0,Small
All,1,111111,"{AB, AVC, Atria, LV, OFT, RV}",000001,{Atria},6,4,3,001101,"{AVC, Atria, LV}",E8.5-20,16.0,Small
All,1,111111,"{AB, AVC, Atria, LV, OFT, RV}",000001,{Atria},6,4,3,001101,"{AVC, Atria, LV}",E8.5-138,16.0,Small
All,1,111111,"{AB, AVC, Atria, LV, OFT, RV}",000001,{Atria},6,4,3,001101,"{AVC, Atria, LV}",E8.5-110,17.0,Small
All,1,111111,"{AB, AVC, Atria, LV, OFT, RV}",000001,{Atria},6,4,3,001101,"{AVC, Atria, LV}",E8.5-221,20.0,Small
All,1,111111,"{AB, AVC, Atria, LV, OFT, RV}",000001,{Atria},6,4,3,001101,"{AVC, Atria, LV}",E8.5-16,25.0,Small
All,1,111111,"{AB, AVC, Atria, LV, OFT, RV}",000001,{Atria},6,4,3,001101,"{AVC, Atria, LV}",E8.5-201,42.0,Large
All,1,111111,"{AB, AVC, Atria, LV, OFT, RV}",000001,{Atria},6,4,4,000001,{Atria},E8.5-2,82.0,Large
All,1,111111,"{AB, AVC, Atria, LV, OFT, RV}",000001,{Atria},6,4,4,000001,{Atria},E8.5-170,142.0,
All,1,111111,"{AB, AVC, Atria, LV, OFT, RV}",000001,{Atria},6,4,4,000001,{Atria},E8.5-156,48.0,Large
All,1,111111,"{AB, AVC, Atria, LV, OFT, RV}",000001,{Atria},6,4,4,000001,{Atria},E8.5-237,85.0,Large
All,1,111111,"{AB, AVC, Atria, LV, OFT, RV}",000001,{Atria},6,4,4,000001,{Atria},E8.5-25,91.0,Large
All,1,111111,"{AB, AVC, Atria, LV, OFT, RV}",000001,{Atria},6,4,4,000001,{Atria},E8.5-166,36.0,Large
All,1,111111,"{AB, AVC, Atria, LV, OFT, RV}",000001,{Atria},6,4,4,000001,{Atria},E8.5-77,35.0,Large
All,1,111111,"{AB, AVC, Atria, LV, OFT, RV}",000001,{Atria},6,4,4,000001,{Atria},E8.5-178,4.0,Small
All,1,111111,"{AB, AVC, Atria, LV, OFT, RV}",000001,{Atria},6,4,4,000001,{Atria},E8.5-146,4.0,Small
All,1,111111,"{AB, AVC, Atria, LV, OFT, RV}",000001,{Atria},6,4,4,000001,{Atria},E8.5-21,5.0,Small
All,1,111111,"{AB, AVC, Atria, LV, OFT, RV}",000001,{Atria},6,4,4,000001,{Atria},E8.5-224,6.0,Small
All,1,111111,"{AB, AVC, Atria, LV, OFT, RV}",000001,{Atria},6,4,4,000001,{Atria},E8.5-6,7.0,Small
All,1,111111,"{AB, AVC, Atria, LV, OFT, RV}",000001,{Atria},6,4,4,000001,{Atria},E8.5-7,7.0,Small
All,1,111111,"{AB, AVC, Atria, LV, OFT, RV}",000001,{Atria},6,4,4,000001,{Atria},E8.5-116,8.0,Small
All,1,111111,"{AB, AVC, Atria, LV, OFT, RV}",000001,{Atria},6,4,4,000001,{Atria},E8.5-172,8.0,Small
All,1,111111,"{AB, AVC, Atria, LV, OFT, RV}",000001,{Atria},6,4,4,000001,{Atria},E8.5-193,10.0,Small
All,1,111111,"{AB, AVC, Atria, LV, OFT, RV}",000001,{Atria},6,4,4,000001,{Atria},E8.5-20,16.0,Small
All,1,111111,"{AB, AVC, Atria, LV, OFT, RV}",000001,{Atria},6,4,4,000001,{Atria},E8.5-138,16.0,Small
All,1,111111,"{AB, AVC, Atria, LV, OFT, RV}",000001,{Atria},6,4,4,000001,{Atria},E8.5-110,17.0,Small
All,1,111111,"{AB, AVC, Atria, LV, OFT, RV}",000001,{Atria},6,4,4,000001,{Atria},E8.5-221,20.0,Small
All,1,111111,"{AB, AVC, Atria, LV, OFT, RV}",000001,{Atria},6,4,4,000001,{Atria},E8.5-16,25.0,Small
All,1,111111,"{AB, AVC, Atria, LV, OFT, RV}",000001,{Atria},6,4,4,000001,{Atria},E8.5-201,42.0,Large
All,1,111111,"{AB, AVC, Atria, LV, OFT, RV}",000001,{Atria},7,3,0,111111,"{AB, AVC, Atria, LV, OFT, RV}",E8.5-2,82.0,Large
All,1,111111,"{AB, AVC, Atria, LV, OFT, RV}",000001,{Atria},7,3,0,111111,"{AB, AVC, Atria, LV, OFT, RV}",E8.5-170,142.0,
All,1,111111,"{AB, AVC, Atria, LV, OFT, RV}",000001,{Atria},7,3,0,111111,"{AB, AVC, Atria, LV, OFT, RV}",E8.5-156,48.0,Large
All,1,111111,"{AB, AVC, Atria, LV, OFT, RV}",000001,{Atria},7,3,0,111111,"{AB, AVC, Atria, LV, OFT, RV}",E8.5-237,85.0,Large
All,1,111111,"{AB, AVC, Atria, LV, OFT, RV}",000001,{Atria},7,3,0,111111,"{AB, AVC, Atria, LV, OFT, RV}",E8.5-25,91.0,Large
All,1,111111,"{AB, AVC, Atria, LV, OFT, RV}",000001,{Atria},7,3,0,111111,"{AB, AVC, Atria, LV, OFT, RV}",E8.5-77,35.0,Large
All,1,111111,"{AB, AVC, Atria, LV, OFT, RV}",000001,{Atria},7,3,0,111111,"{AB, AVC, Atria, LV, OFT, RV}",E8.5-178,4.0,Small
All,1,111111,"{AB, AVC, Atria, LV, OFT, RV}",000001,{Atria},7,3,0,111111,"{AB, AVC, Atria, LV, OFT, RV}",E8.5-146,4.0,Small
All,1,111111,"{AB, AVC, Atria, LV, OFT, RV}",000001,{Atria},7,3,0,111111,"{AB, AVC, Atria, LV, OFT, RV}",E8.5-21,5.0,Small
All,1,111111,"{AB, AVC, Atria, LV, OFT, RV}",000001,{Atria},7,3,0,111111,"{AB, AVC, Atria, LV, OFT, RV}",E8.5-224,6.0,Small
All,1,111111,"{AB, AVC, Atria, LV, OFT, RV}",000001,{Atria},7,3,0,111111,"{AB, AVC, Atria, LV, OFT, RV}",E8.5-6,7.0,Small
All,1,111111,"{AB, AVC, Atria, LV, OFT, RV}",000001,{Atria},7,3,0,111111,"{AB, AVC, Atria, LV, OFT, RV}",E8.5-7,7.0,Small
All,1,111111,"{AB, AVC, Atria, LV, OFT, RV}",000001,{Atria},7,3,0,111111,"{AB, AVC, Atria, LV, OFT, RV}",E8.5-116,8.0,Small
All,1,111111,"{AB, AVC, Atria, LV, OFT, RV}",000001,{Atria},7,3,0,111111,"{AB, AVC, Atria, LV, OFT, RV}",E8.5-172,8.0,Small
All,1,111111,"{AB, AVC, Atria, LV, OFT, RV}",000001,{Atria},7,3,0,111111,"{AB, AVC, Atria, LV, OFT, RV}",E8.5-193,10.0,Small
All,1,111111,"{AB, AVC, Atria, LV, OFT, RV}",000001,{Atria},7,3,0,111111,"{AB, AVC, Atria, LV, OFT, RV}",E8.5-20,16.0,Small
All,1,111111,"{AB, AVC, Atria, LV, OFT, RV}",000001,{Atria},7,3,0,111111,"{AB, AVC, Atria, LV, OFT, RV}",E8.5-138,16.0,Small
All,1,111111,"{AB, AVC, Atria, LV, OFT, RV}",000001,{Atria},7,3,0,111111,"{AB, AVC, Atria, LV, OFT, RV}",E8.5-110,17.0,Small
All,1,111111,"{AB, AVC, Atria, LV, OFT, RV}",000001,{Atria},7,3,0,111111,"{AB, AVC, Atria, LV, OFT, RV}",E8.5-221,20.0,Small
All,1,111111,"{AB, AVC, Atria, LV, OFT, RV}",000001,{Atria},7,3,0,111111,"{AB, AVC, Atria, LV, OFT, RV}",E8.5-16,25.0,Small
All,1,111111,"{AB, AVC, Atria, LV, OFT, RV}",000001,{Atria},7,3,0,111111,"{AB, AVC, Atria, LV, OFT, RV}",E8.5-201,42.0,Large
All,1,111111,"{AB, AVC, Atria, LV, OFT, RV}",000001,{Atria},7,3,1,011111,"{AB, AVC, Atria, LV, RV}",E8.5-2,82.0,Large
All,1,111111,"{AB, AVC, Atria, LV, OFT, RV}",000001,{Atria},7,3,1,011111,"{AB, AVC, Atria, LV, RV}",E8.5-170,142.0,
All,1,111111,"{AB, AVC, Atria, LV, OFT, RV}",000001,{Atria},7,3,1,011111,"{AB, AVC, Atria, LV, RV}",E8.5-156,48.0,Large
All,1,111111,"{AB, AVC, Atria, LV, OFT, RV}",000001,{Atria},7,3,1,011111,"{AB, AVC, Atria, LV, RV}",E8.5-237,85.0,Large
All,1,111111,"{AB, AVC, Atria, LV, OFT, RV}",000001,{Atria},7,3,1,011111,"{AB, AVC, Atria, LV, RV}",E8.5-25,91.0,Large
All,1,111111,"{AB, AVC, Atria, LV, OFT, RV}",000001,{Atria},7,3,1,011111,"{AB, AVC, Atria, LV, RV}",E8.5-77,35.0,Large
All,1,111111,"{AB, AVC, Atria, LV, OFT, RV}",000001,{Atria},7,3,1,011111,"{AB, AVC, Atria, LV, RV}",E8.5-178,4.0,Small
All,1,111111,"{AB, AVC, Atria, LV, OFT, RV}",000001,{Atria},7,3,1,011111,"{AB, AVC, Atria, LV, RV}",E8.5-146,4.0,Small
All,1,111111,"{AB, AVC, Atria, LV, OFT, RV}",000001,{Atria},7,3,1,011111,"{AB, AVC, Atria, LV, RV}",E8.5-21,5.0,Small
All,1,111111,"{AB, AVC, Atria, LV, OFT, RV}",000001,{Atria},7,3,1,011111,"{AB, AVC, Atria, LV, RV}",E8.5-224,6.0,Small
All,1,111111,"{AB, AVC, Atria, LV, OFT, RV}",000001,{Atria},7,3,1,011111,"{AB, AVC, Atria, LV, RV}",E8.5-6,7.0,Small
All,1,111111,"{AB, AVC, Atria, LV, OFT, RV}",000001,{Atria},7,3,1,011111,"{AB, AVC, Atria, LV, RV}",E8.5-7,7.0,Small
All,1,111111,"{AB, AVC, Atria, LV, OFT, RV}",000001,{Atria},7,3,1,011111,"{AB, AVC, Atria, LV, RV}",E8.5-116,8.0,Small
All,1,111111,"{AB, AVC, Atria, LV, OFT, RV}",000001,{Atria},7,3,1,011111,"{AB, AVC, Atria, LV, RV}",E8.5-172,8.0,Small
All,1,111111,"{AB, AVC, Atria, LV, OFT, RV}",000001,{Atria},7,3,1,011111,"{AB, AVC, Atria, LV, RV}",E8.5-193,10.0,Small
All,1,111111,"{AB, AVC, Atria, LV, OFT, RV}",000001,{Atria},7,3,1,011111,"{AB, AVC, Atria, LV, RV}",E8.5-20,16.0,Small
All,1,111111,"{AB, AVC, Atria, LV, OFT, RV}",000001,{Atria},7,3,1,011111,"{AB, AVC, Atria, LV, RV}",E8.5-138,16.0,Small
All,1,111111,"{AB, AVC, Atria, LV, OFT, RV}",000001,{Atria},7,3,1,011111,"{AB, AVC, Atria, LV, RV}",E8.5-110,17.0,Small
All,1,111111,"{AB, AVC, Atria, LV, OFT, RV}",000001,{Atria},7,3,1,011111,"{AB, AVC, Atria, LV, RV}",E8.5-221,20.0,Small
All,1,111111,"{AB, AVC, Atria, LV, OFT, RV}",000001,{Atria},7,3,1,011111,"{AB, AVC, Atria, LV, RV}",E8.5-16,25.0,Small
All,1,111111,"{AB, AVC, Atria, LV, OFT, RV}",000001,{Atria},7,3,1,011111,"{AB, AVC, Atria, LV, RV}",E8.5-201,42.0,Large
All,1,111111,"{AB, AVC, Atria, LV, OFT, RV}",000001,{Atria},7,3,2,001101,"{AVC, Atria, LV}",E8.5-2,82.0,Large
All,1,111111,"{AB, AVC, Atria, LV, OFT, RV}",000001,{Atria},7,3,2,001101,"{AVC, Atria, LV}",E8.5-170,142.0,
All,1,111111,"{AB, AVC, Atria, LV, OFT, RV}",000001,{Atria},7,3,2,001101,"{AVC, Atria, LV}",E8.5-156,48.0,Large
All,1,111111,"{AB, AVC, Atria, LV, OFT, RV}",000001,{Atria},7,3,2,001101,"{AVC, Atria, LV}",E8.5-237,85.0,Large
All,1,111111,"{AB, AVC, Atria, LV, OFT, RV}",000001,{Atria},7,3,2,001101,"{AVC, Atria, LV}",E8.5-25,91.0,Large
All,1,111111,"{AB, AVC, Atria, LV, OFT, RV}",000001,{Atria},7,3,2,001101,"{AVC, Atria, LV}",E8.5-77,35.0,Large
All,1,111111,"{AB, AVC, Atria, LV, OFT, RV}",000001,{Atria},7,3,2,001101,"{AVC, Atria, LV}",E8.5-178,4.0,Small
All,1,111111,"{AB, AVC, Atria, LV, OFT, RV}",000001,{Atria},7,3,2,001101,"{AVC, Atria, LV}",E8.5-146,4.0,Small
All,1,111111,"{AB, AVC, Atria, LV, OFT, RV}",000001,{Atria},7,3,2,001101,"{AVC, Atria, LV}",E8.5-21,5.0,Small
All,1,111111,"{AB, AVC, Atria, LV, OFT, RV}",000001,{Atria},7,3,2,001101,"{AVC, Atria, LV}",E8.5-224,6.0,Small
All,1,111111,"{AB, AVC, Atria, LV, OFT, RV}",000001,{Atria},7,3,2,001101,"{AVC, Atria, LV}",E8.5-6,7.0,Small
All,1,111111,"{AB, AVC, Atria, LV, OFT, RV}",000001,{Atria},7,3,2,001101,"{AVC, Atria, LV}",E8.5-7,7.0,Small
All,1,111111,"{AB, AVC, Atria, LV, OFT, RV}",000001,{Atria},7,3,2,001101,"{AVC, Atria, LV}",E8.5-116,8.0,Small
All,1,111111,"{AB, AVC, Atria, LV, OFT, RV}",000001,{Atria},7,3,2,001101,"{AVC, Atria, LV}",E8.5-172,8.0,Small
All,1,111111,"{AB, AVC, Atria, LV, OFT, RV}",000001,{Atria},7,3,2,001101,"{AVC, Atria, LV}",E8.5-193,10.0,Small
All,1,111111,"{AB, AVC, Atria, LV, OFT, RV}",000001,{Atria},7,3,2,001101,"{AVC, Atria, LV}",E8.5-20,16.0,Small
All,1,111111,"{AB, AVC, Atria, LV, OFT, RV}",000001,{Atria},7,3,2,001101,"{AVC, Atria, LV}",E8.5-138,16.0,Small
All,1,111111,"{AB, AVC, Atria, LV, OFT, RV}",000001,{Atria},7,3,2,001101,"{AVC, Atria, LV}",E8.5-110,17.0,Small
All,1,111111,"{AB, AVC, Atria, LV, OFT, RV}",000001,{Atria},7,3,2,001101,"{AVC, Atria, LV}",E8.5-221,20.0,Small
All,1,111111,"{AB, AVC, Atria, LV, OFT, RV}",000001,{Atria},7,3,2,001101,"{AVC, Atria, LV}",E8.5-16,25.0,Small
All,1,111111,"{AB, AVC, Atria, LV, OFT, RV}",000001,{Atria},7,3,2,001101,"{AVC, Atria, LV}",E8.5-201,42.0,Large
All,1,111111,"{AB, AVC, Atria, LV, OFT, RV}",000001,{Atria},7,3,3,000001,{Atria},E8.5-2,82.0,Large
All,1,111111,"{AB, AVC, Atria, LV, OFT, RV}",000001,{Atria},7,3,3,000001,{Atria},E8.5-170,142.0,
All,1,111111,"{AB, AVC, Atria, LV, OFT, RV}",000001,{Atria},7,3,3,000001,{Atria},E8.5-156,48.0,Large
All,1,111111,"{AB, AVC, Atria, LV, OFT, RV}",000001,{Atria},7,3,3,000001,{Atria},E8.5-237,85.0,Large
All,1,111111,"{AB, AVC, Atria, LV, OFT, RV}",000001,{Atria},7,3,3,000001,{Atria},E8.5-25,91.0,Large
All,1,111111,"{AB, AVC, Atria, LV, OFT, RV}",000001,{Atria},7,3,3,000001,{Atria},E8.5-77,35.0,Large
All,1,111111,"{AB, AVC, Atria, LV, OFT, RV}",000001,{Atria},7,3,3,000001,{Atria},E8.5-178,4.0,Small
All,1,111111,"{AB, AVC, Atria, LV, OFT, RV}",000001,{Atria},7,3,3,000001,{Atria},E8.5-146,4.0,Small
All,1,111111,"{AB, AVC, Atria, LV, OFT, RV}",000001,{Atria},7,3,3,000001,{Atria},E8.5-21,5.0,Small
All,1,111111,"{AB, AVC, Atria, LV, OFT, RV}",000001,{Atria},7,3,3,000001,{Atria},E8.5-224,6.0,Small
All,1,111111,"{AB, AVC, Atria, LV, OFT, RV}",000001,{Atria},7,3,3,000001,{Atria},E8.5-6,7.0,Small
All,1,111111,"{AB, AVC, Atria, LV, OFT, RV}",000001,{Atria},7,3,3,000001,{Atria},E8.5-7,7.0,Small
All,1,111111,"{AB, AVC, Atria, LV, OFT, RV}",000001,{Atria},7,3,3,000001,{Atria},E8.5-116,8.0,Small
All,1,111111,"{AB, AVC, Atria, LV, OFT, RV}",000001,{Atria},7,3,3,000001,{Atria},E8.5-172,8.0,Small
All,1,111111,"{AB, AVC, Atria, LV, OFT, RV}",000001,{Atria},7,3,3,000001,{Atria},E8.5-193,10.0,Small
All,1,111111,"{AB, AVC, Atria, LV, OFT, RV}",000001,{Atria},7,3,3,000001,{Atria},E8.5-20,16.0,Small
All,1,111111,"{AB, AVC, Atria, LV, OFT, RV}",000001,{Atria},7,3,3,000001,{Atria},E8.5-138,16.0,Small
All,1,111111,"{AB, AVC, Atria, LV, OFT, RV}",000001,{Atria},7,3,3,000001,{Atria},E8.5-110,17.0,Small
All,1,111111,"{AB, AVC, Atria, LV, OFT, RV}",000001,{Atria},7,3,3,000001,{Atria},E8.5-221,20.0,Small
All,1,111111,"{AB, AVC, Atria, LV, OFT, RV}",000001,{Atria},7,3,3,000001,{Atria},E8.5-16,25.0,Small
All,1,111111,"{AB, AVC, Atria, LV, OFT, RV}",000001,{Atria},7,3,3,000001,{Atria},E8.5-201,42.0,Large
All,1,111111,"{AB, AVC, Atria, LV, OFT, RV}",000001,{Atria},8,4,0,111111,"{AB, AVC, Atria, LV, OFT, RV}",E8.5-2,82.0,Large
All,1,111111,"{AB, AVC, Atria, LV, OFT, RV}",000001,{Atria},8,4,0,111111,"{AB, AVC, Atria, LV, OFT, RV}",E8.5-170,142.0,
All,1,111111,"{AB, AVC, Atria, LV, OFT, RV}",000001,{Atria},8,4,0,111111,"{AB, AVC, Atria, LV, OFT, RV}",E8.5-218,30.0,Small
All,1,111111,"{AB, AVC, Atria, LV, OFT, RV}",000001,{Atria},8,4,0,111111,"{AB, AVC, Atria, LV, OFT, RV}",E8.5-72,34.0,Large
All,1,111111,"{AB, AVC, Atria, LV, OFT, RV}",000001,{Atria},8,4,0,111111,"{AB, AVC, Atria, LV, OFT, RV}",E8.5-68,11.0,Small
All,1,111111,"{AB, AVC, Atria, LV, OFT, RV}",000001,{Atria},8,4,0,111111,"{AB, AVC, Atria, LV, OFT, RV}",E8.5-75,38.0,Large
All,1,111111,"{AB, AVC, Atria, LV, OFT, RV}",000001,{Atria},8,4,0,111111,"{AB, AVC, Atria, LV, OFT, RV}",E8.5-15,12.0,Small
All,1,111111,"{AB, AVC, Atria, LV, OFT, RV}",000001,{Atria},8,4,0,111111,"{AB, AVC, Atria, LV, OFT, RV}",E8.5-144,20.0,Small
All,1,111111,"{AB, AVC, Atria, LV, OFT, RV}",000001,{Atria},8,4,0,111111,"{AB, AVC, Atria, LV, OFT, RV}",E8.5-227,30.0,Small
All,1,111111,"{AB, AVC, Atria, LV, OFT, RV}",000001,{Atria},8,4,0,111111,"{AB, AVC, Atria, LV, OFT, RV}",E8.5-178,4.0,Small
All,1,111111,"{AB, AVC, Atria, LV, OFT, RV}",000001,{Atria},8,4,0,111111,"{AB, AVC, Atria, LV, OFT, RV}",E8.5-146,4.0,Small
All,1,111111,"{AB, AVC, Atria, LV, OFT, RV}",000001,{Atria},8,4,0,111111,"{AB, AVC, Atria, LV, OFT, RV}",E8.5-21,5.0,Small
All,1,111111,"{AB, AVC, Atria, LV, OFT, RV}",000001,{Atria},8,4,0,111111,"{AB, AVC, Atria, LV, OFT, RV}",E8.5-224,6.0,Small
All,1,111111,"{AB, AVC, Atria, LV, OFT, RV}",000001,{Atria},8,4,0,111111,"{AB, AVC, Atria, LV, OFT, RV}",E8.5-6,7.0,Small
All,1,111111,"{AB, AVC, Atria, LV, OFT, RV}",000001,{Atria},8,4,0,111111,"{AB, AVC, Atria, LV, OFT, RV}",E8.5-7,7.0,Small
All,1,111111,"{AB, AVC, Atria, LV, OFT, RV}",000001,{Atria},8,4,0,111111,"{AB, AVC, Atria, LV, OFT, RV}",E8.5-116,8.0,Small
All,1,111111,"{AB, AVC, Atria, LV, OFT, RV}",000001,{Atria},8,4,0,111111,"{AB, AVC, Atria, LV, OFT, RV}",E8.5-172,8.0,Small
All,1,111111,"{AB, AVC, Atria, LV, OFT, RV}",000001,{Atria},8,4,0,111111,"{AB, AVC, Atria, LV, OFT, RV}",E8.5-193,10.0,Small
All,1,111111,"{AB, AVC, Atria, LV, OFT, RV}",000001,{Atria},8,4,0,111111,"{AB, AVC, Atria, LV, OFT, RV}",E8.5-20,16.0,Small
All,1,111111,"{AB, AVC, Atria, LV, OFT, RV}",000001,{Atria},8,4,0,111111,"{AB, AVC, Atria, LV, OFT, RV}",E8.5-138,16.0,Small
All,1,111111,"{AB, AVC, Atria, LV, OFT, RV}",000001,{Atria},8,4,0,111111,"{AB, AVC, Atria, LV, OFT, RV}",E8.5-110,17.0,Small
All,1,111111,"{AB, AVC, Atria, LV, OFT, RV}",000001,{Atria},8,4,0,111111,"{AB, AVC, Atria, LV, OFT, RV}",E8.5-221,20.0,Small
All,1,111111,"{AB, AVC, Atria, LV, OFT, RV}",000001,{Atria},8,4,0,111111,"{AB, AVC, Atria, LV, OFT, RV}",E8.5-16,25.0,Small
All,1,111111,"{AB, AVC, Atria, LV, OFT, RV}",000001,{Atria},8,4,0,111111,"{AB, AVC, Atria, LV, OFT, RV}",E8.5-201,42.0,Large
All,1,111111,"{AB, AVC, Atria, LV, OFT, RV}",000001,{Atria},8,4,1,001111,"{AB, AVC, Atria, LV}",E8.5-2,82.0,Large
All,1,111111,"{AB, AVC, Atria, LV, OFT, RV}",000001,{Atria},8,4,1,001111,"{AB, AVC, Atria, LV}",E8.5-170,142.0,
All,1,111111,"{AB, AVC, Atria, LV, OFT, RV}",000001,{Atria},8,4,1,001111,"{AB, AVC, Atria, LV}",E8.5-218,30.0,Small
All,1,111111,"{AB, AVC, Atria, LV, OFT, RV}",000001,{Atria},8,4,1,001111,"{AB, AVC, Atria, LV}",E8.5-72,34.0,Large
All,1,111111,"{AB, AVC, Atria, LV, OFT, RV}",000001,{Atria},8,4,1,001111,"{AB, AVC, Atria, LV}",E8.5-68,11.0,Small
All,1,111111,"{AB, AVC, Atria, LV, OFT, RV}",000001,{Atria},8,4,1,001111,"{AB, AVC, Atria, LV}",E8.5-75,38.0,Large
All,1,111111,"{AB, AVC, Atria, LV, OFT, RV}",000001,{Atria},8,4,1,001111,"{AB, AVC, Atria, LV}",E8.5-15,12.0,Small
All,1,111111,"{AB, AVC, Atria, LV, OFT, RV}",000001,{Atria},8,4,1,001111,"{AB, AVC, Atria, LV}",E8.5-144,20.0,Small
All,1,111111,"{AB, AVC, Atria, LV, OFT, RV}",000001,{Atria},8,4,1,001111,"{AB, AVC, Atria, LV}",E8.5-227,30.0,Small
All,1,111111,"{AB, AVC, Atria, LV, OFT, RV}",000001,{Atria},8,4,1,001111,"{AB, AVC, Atria, LV}",E8.5-178,4.0,Small
All,1,111111,"{AB, AVC, Atria, LV, OFT, RV}",000001,{Atria},8,4,1,001111,"{AB, AVC, Atria, LV}",E8.5-146,4.0,Small
All,1,111111,"{AB, AVC, Atria, LV, OFT, RV}",000001,{Atria},8,4,1,001111,"{AB, AVC, Atria, LV}",E8.5-21,5.0,Small
All,1,111111,"{AB, AVC, Atria, LV, OFT, RV}",000001,{Atria},8,4,1,001111,"{AB, AVC, Atria, LV}",E8.5-224,6.0,Small
All,1,111111,"{AB, AVC, Atria, LV, OFT, RV}",000001,{Atria},8,4,1,001111,"{AB, AVC, Atria, LV}",E8.5-6,7.0,Small
All,1,111111,"{AB, AVC, Atria, LV, OFT, RV}",000001,{Atria},8,4,1,001111,"{AB, AVC, Atria, LV}",E8.5-7,7.0,Small
All,1,111111,"{AB, AVC, Atria, LV, OFT, RV}",000001,{Atria},8,4,1,001111,"{AB, AVC, Atria, LV}",E8.5-116,8.0,Small
All,1,111111,"{AB, AVC, Atria, LV, OFT, RV}",000001,{Atria},8,4,1,001111,"{AB, AVC, Atria, LV}",E8.5-172,8.0,Small
All,1,111111,"{AB, AVC, Atria, LV, OFT, RV}",000001,{Atria},8,4,1,001111,"{AB, AVC, Atria, LV}",E8.5-193,10.0,Small
All,1,111111,"{AB, AVC, Atria, LV, OFT, RV}",000001,{Atria},8,4,1,001111,"{AB, AVC, Atria, LV}",E8.5-20,16.0,Small
All,1,111111,"{AB, AVC, Atria, LV, OFT, RV}",000001,{Atria},8,4,1,001111,"{AB, AVC, Atria, LV}",E8.5-138,16.0,Small
All,1,111111,"{AB, AVC, Atria, LV, OFT, RV}",000001,{Atria},8,4,1,001111,"{AB, AVC, Atria, LV}",E8.5-110,17.0,Small
All,1,111111,"{AB, AVC, Atria, LV, OFT, RV}",000001,{Atria},8,4,1,001111,"{AB, AVC, Atria, LV}",E8.5-221,20.0,Small
All,1,111111,"{AB, AVC, Atria, LV, OFT, RV}",000001,{Atria},8,4,1,001111,"{AB, AVC, Atria, LV}",E8.5-16,25.0,Small
All,1,111111,"{AB, AVC, Atria, LV, OFT, RV}",000001,{Atria},8,4,1,001111,"{AB, AVC, Atria, LV}",E8.5-201,42.0,Large
All,1,111111,"{AB, AVC, Atria, LV, OFT, RV}",000001,{Atria},8,4,2,000111,"{AB, AVC, Atria}",E8.5-2,82.0,Large
All,1,111111,"{AB, AVC, Atria, LV, OFT, RV}",000001,{Atria},8,4,2,000111,"{AB, AVC, Atria}",E8.5-170,142.0,
All,1,111111,"{AB, AVC, Atria, LV, OFT, RV}",000001,{Atria},8,4,2,000111,"{AB, AVC, Atria}",E8.5-218,30.0,Small
All,1,111111,"{AB, AVC, Atria, LV, OFT, RV}",000001,{Atria},8,4,2,000111,"{AB, AVC, Atria}",E8.5-72,34.0,Large
All,1,111111,"{AB, AVC, Atria, LV, OFT, RV}",000001,{Atria},8,4,2,000111,"{AB, AVC, Atria}",E8.5-68,11.0,Small
All,1,111111,"{AB, AVC, Atria, LV, OFT, RV}",000001,{Atria},8,4,2,000111,"{AB, AVC, Atria}",E8.5-75,38.0,Large
All,1,111111,"{AB, AVC, Atria, LV, OFT, RV}",000001,{Atria},8,4,2,000111,"{AB, AVC, Atria}",E8.5-15,12.0,Small
All,1,111111,"{AB, AVC, Atria, LV, OFT, RV}",000001,{Atria},8,4,2,000111,"{AB, AVC, Atria}",E8.5-144,20.0,Small
All,1,111111,"{AB, AVC, Atria, LV, OFT, RV}",000001,{Atria},8,4,2,000111,"{AB, AVC, Atria}",E8.5-227,30.0,Small
All,1,111111,"{AB, AVC, Atria, LV, OFT, RV}",000001,{Atria},8,4,2,000111,"{AB, AVC, Atria}",E8.5-178,4.0,Small
All,1,111111,"{AB, AVC, Atria, LV, OFT, RV}",000001,{Atria},8,4,2,000111,"{AB, AVC, Atria}",E8.5-146,4.0,Small
All,1,111111,"{AB, AVC, Atria, LV, OFT, RV}",000001,{Atria},8,4,2,000111,"{AB, AVC, Atria}",E8.5-21,5.0,Small
All,1,111111,"{AB, AVC, Atria, LV, OFT, RV}",000001,{Atria},8,4,2,000111,"{AB, AVC, Atria}",E8.5-224,6.0,Small
All,1,111111,"{AB, AVC, Atria, LV, OFT, RV}",000001,{Atria},8,4,2,000111,"{AB, AVC, Atria}",E8.5-6,7.0,Small
All,1,111111,"{AB, AVC, Atria, LV, OFT, RV}",000001,{Atria},8,4,2,000111,"{AB, AVC, Atria}",E8.5-7,7.0,Small
All,1,111111,"{AB, AVC, Atria, LV, OFT, RV}",000001,{Atria},8,4,2,000111,"{AB, AVC, Atria}",E8.5-116,8.0,Small
All,1,111111,"{AB, AVC, Atria, LV, OFT, RV}",000001,{Atria},8,4,2,000111,"{AB, AVC, Atria}",E8.5-172,8.0,Small
All,1,111111,"{AB, AVC, Atria, LV, OFT, RV}",000001,{Atria},8,4,2,000111,"{AB, AVC, Atria}",E8.5-193,10.0,Small
All,1,111111,"{AB, AVC, Atria, LV, OFT, RV}",000001,{Atria},8,4,2,000111,"{AB, AVC, Atria}",E8.5-20,16.0,Small
All,1,111111,"{AB, AVC, Atria, LV, OFT, RV}",000001,{Atria},8,4,2,000111,"{AB, AVC, Atria}",E8.5-138,16.0,Small
All,1,111111,"{AB, AVC, Atria, LV, OFT, RV}",000001,{Atria},8,4,2,000111,"{AB, AVC, Atria}",E8.5-110,17.0,Small
All,1,111111,"{AB, AVC, Atria, LV, OFT, RV}",000001,{Atria},8,4,2,000111,"{AB, AVC, Atria}",E8.5-221,20.0,Small
All,1,111111,"{AB, AVC, Atria, LV, OFT, RV}",000001,{Atria},8,4,2,000111,"{AB, AVC, Atria}",E8.5-16,25.0,Small
All,1,111111,"{AB, AVC, Atria, LV, OFT, RV}",000001,{Atria},8,4,2,000111,"{AB, AVC, Atria}",E8.5-201,42.0,Large
All,1,111111,"{AB, AVC, Atria, LV, OFT, RV}",000001,{Atria},8,4,3,000011,"{AB, Atria}",E8.5-2,82.0,Large
All,1,111111,"{AB, AVC, Atria, LV, OFT, RV}",000001,{Atria},8,4,3,000011,"{AB, Atria}",E8.5-170,142.0,
All,1,111111,"{AB, AVC, Atria, LV, OFT, RV}",000001,{Atria},8,4,3,000011,"{AB, Atria}",E8.5-218,30.0,Small
All,1,111111,"{AB, AVC, Atria, LV, OFT, RV}",000001,{Atria},8,4,3,000011,"{AB, Atria}",E8.5-72,34.0,Large
All,1,111111,"{AB, AVC, Atria, LV, OFT, RV}",000001,{Atria},8,4,3,000011,"{AB, Atria}",E8.5-68,11.0,Small
All,1,111111,"{AB, AVC, Atria, LV, OFT, RV}",000001,{Atria},8,4,3,000011,"{AB, Atria}",E8.5-75,38.0,Large
All,1,111111,"{AB, AVC, Atria, LV, OFT, RV}",000001,{Atria},8,4,3,000011,"{AB, Atria}",E8.5-15,12.0,Small
All,1,111111,"{AB, AVC, Atria, LV, OFT, RV}",000001,{Atria},8,4,3,000011,"{AB, Atria}",E8.5-144,20.0,Small
All,1,111111,"{AB, AVC, Atria, LV, OFT, RV}",000001,{Atria},8,4,3,000011,"{AB, Atria}",E8.5-227,30.0,Small
All,1,111111,"{AB, AVC, Atria, LV, OFT, RV}",000001,{Atria},8,4,3,000011,"{AB, Atria}",E8.5-178,4.0,Small
All,1,111111,"{AB, AVC, Atria, LV, OFT, RV}",000001,{Atria},8,4,3,000011,"{AB, Atria}",E8.5-146,4.0,Small
All,1,111111,"{AB, AVC, Atria, LV, OFT, RV}",000001,{Atria},8,4,3,000011,"{AB, Atria}",E8.5-21,5.0,Small
All,1,111111,"{AB, AVC, Atria, LV, OFT, RV}",000001,{Atria},8,4,3,000011,"{AB, Atria}",E8.5-224,6.0,Small
All,1,111111,"{AB, AVC, Atria, LV, OFT, RV}",000001,{Atria},8,4,3,000011,"{AB, Atria}",E8.5-6,7.0,Small
All,1,111111,"{AB, AVC, Atria, LV, OFT, RV}",000001,{Atria},8,4,3,000011,"{AB, Atria}",E8.5-7,7.0,Small
All,1,111111,"{AB, AVC, Atria, LV, OFT, RV}",000001,{Atria},8,4,3,000011,"{AB, Atria}",E8.5-116,8.0,Small
All,1,111111,"{AB, AVC, Atria, LV, OFT, RV}",000001,{Atria},8,4,3,000011,"{AB, Atria}",E8.5-172,8.0,Small
All,1,111111,"{AB, AVC, Atria, LV, OFT, RV}",000001,{Atria},8,4,3,000011,"{AB, Atria}",E8.5-193,10.0,Small
All,1,111111,"{AB, AVC, Atria, LV, OFT, RV}",000001,{Atria},8,4,3,000011,"{AB, Atria}",E8.5-20,16.0,Small
All,1,111111,"{AB, AVC, Atria, LV, OFT, RV}",000001,{Atria},8,4,3,000011,"{AB, Atria}",E8.5-138,16.0,Small
All,1,111111,"{AB, AVC, Atria, LV, OFT, RV}",000001,{Atria},8,4,3,000011,"{AB, Atria}",E8.5-110,17.0,Small
All,1,111111,"{AB, AVC, Atria, LV, OFT, RV}",000001,{Atria},8,4,3,000011,"{AB, Atria}",E8.5-221,20.0,Small
All,1,111111,"{AB, AVC, Atria, LV, OFT, RV}",000001,{Atria},8,4,3,000011,"{AB, Atria}",E8.5-16,25.0,Small
All,1,111111,"{AB, AVC, Atria, LV, OFT, RV}",000001,{Atria},8,4,3,000011,"{AB, Atria}",E8.5-201,42.0,Large
All,1,111111,"{AB, AVC, Atria, LV, OFT, RV}",000001,{Atria},8,4,4,000001,{Atria},E8.5-2,82.0,Large
All,1,111111,"{AB, AVC, Atria, LV, OFT, RV}",000001,{Atria},8,4,4,000001,{Atria},E8.5-170,142.0,
All,1,111111,"{AB, AVC, Atria, LV, OFT, RV}",000001,{Atria},8,4,4,000001,{Atria},E8.5-218,30.0,Small
All,1,111111,"{AB, AVC, Atria, LV, OFT, RV}",000001,{Atria},8,4,4,000001,{Atria},E8.5-72,34.0,Large
All,1,111111,"{AB, AVC, Atria, LV, OFT, RV}",000001,{Atria},8,4,4,000001,{Atria},E8.5-68,11.0,Small
All,1,111111,"{AB, AVC, Atria, LV, OFT, RV}",000001,{Atria},8,4,4,000001,{Atria},E8.5-75,38.0,Large
All,1,111111,"{AB, AVC, Atria, LV, OFT, RV}",000001,{Atria},8,4,4,000001,{Atria},E8.5-15,12.0,Small
All,1,111111,"{AB, AVC, Atria, LV, OFT, RV}",000001,{Atria},8,4,4,000001,{Atria},E8.5-144,20.0,Small
All,1,111111,"{AB, AVC, Atria, LV, OFT, RV}",000001,{Atria},8,4,4,000001,{Atria},E8.5-227,30.0,Small
All,1,111111,"{AB, AVC, Atria, LV, OFT, RV}",000001,{Atria},8,4,4,000001,{Atria},E8.5-178,4.0,Small
All,1,111111,"{AB, AVC, Atria, LV, OFT, RV}",000001,{Atria},8,4,4,000001,{Atria},E8.5-146,4.0,Small
All,1,111111,"{AB, AVC, Atria, LV, OFT, RV}",000001,{Atria},8,4,4,000001,{Atria},E8.5-21,5.0,Small
All,1,111111,"{AB, AVC, Atria, LV, OFT, RV}",000001,{Atria},8,4,4,000001,{Atria},E8.5-224,6.0,Small
All,1,111111,"{AB, AVC, Atria, LV, OFT, RV}",000001,{Atria},8,4,4,000001,{Atria},E8.5-6,7.0,Small
All,1,111111,"{AB, AVC, Atria, LV, OFT, RV}",000001,{Atria},8,4,4,000001,{Atria},E8.5-7,7.0,Small
All,1,111111,"{AB, AVC, Atria, LV, OFT, RV}",000001,{Atria},8,4,4,000001,{Atria},E8.5-116,8.0,Small
All,1,111111,"{AB, AVC, Atria, LV, OFT, RV}",000001,{Atria},8,4,4,000001,{Atria},E8.5-172,8.0,Small
All,1,111111,"{AB, AVC, Atria, LV, OFT, RV}",000001,{Atria},8,4,4,000001,{Atria},E8.5-193,10.0,Small
All,1,111111,"{AB, AVC, Atria, LV, OFT, RV}",000001,{Atria},8,4,4,000001,{Atria},E8.5-20,16.0,Small
All,1,111111,"{AB, AVC, Atria, LV, OFT, RV}",000001,{Atria},8,4,4,000001,{Atria},E8.5-138,16.0,Small
All,1,111111,"{AB, AVC, Atria, LV, OFT, RV}",000001,{Atria},8,4,4,000001,{Atria},E8.5-110,17.0,Small
All,1,111111,"{AB, AVC, Atria, LV, OFT, RV}",000001,{Atria},8,4,4,000001,{Atria},E8.5-221,20.0,Small
All,1,111111,"{AB, AVC, Atria, LV, OFT, RV}",000001,{Atria},8,4,4,000001,{Atria},E8.5-16,25.0,Small
All,1,111111,"{AB, AVC, Atria, LV, OFT, RV}",000001,{Atria},8,4,4,000001,{Atria},E8.5-201,42.0,Large
All,1,111111,"{AB, AVC, Atria, LV, OFT, RV}",000001,{Atria},9,3,0,111111,"{AB, AVC, Atria, LV, OFT, RV}",E8.5-2,82.0,Large
All,1,111111,"{AB, AVC, Atria, LV, OFT, RV}",000001,{Atria},9,3,0,111111,"{AB, AVC, Atria, LV, OFT, RV}",E8.5-170,142.0,
All,1,111111,"{AB, AVC, Atria, LV, OFT, RV}",000001,{Atria},9,3,0,111111,"{AB, AVC, Atria, LV, OFT, RV}",E8.5-218,30.0,Small
All,1,111111,"{AB, AVC, Atria, LV, OFT, RV}",000001,{Atria},9,3,0,111111,"{AB, AVC, Atria, LV, OFT, RV}",E8.5-72,34.0,Large
All,1,111111,"{AB, AVC, Atria, LV, OFT, RV}",000001,{Atria},9,3,0,111111,"{AB, AVC, Atria, LV, OFT, RV}",E8.5-68,11.0,Small
All,1,111111,"{AB, AVC, Atria, LV, OFT, RV}",000001,{Atria},9,3,0,111111,"{AB, AVC, Atria, LV, OFT, RV}",E8.5-75,38.0,Large
All,1,111111,"{AB, AVC, Atria, LV, OFT, RV}",000001,{Atria},9,3,0,111111,"{AB, AVC, Atria, LV, OFT, RV}",E8.5-178,4.0,Small
All,1,111111,"{AB, AVC, Atria, LV, OFT, RV}",000001,{Atria},9,3,0,111111,"{AB, AVC, Atria, LV, OFT, RV}",E8.5-146,4.0,Small
All,1,111111,"{AB, AVC, Atria, LV, OFT, RV}",000001,{Atria},9,3,0,111111,"{AB, AVC, Atria, LV, OFT, RV}",E8.5-21,5.0,Small
All,1,111111,"{AB, AVC, Atria, LV, OFT, RV}",000001,{Atria},9,3,0,111111,"{AB, AVC, Atria, LV, OFT, RV}",E8.5-224,6.0,Small
All,1,111111,"{AB, AVC, Atria, LV, OFT, RV}",000001,{Atria},9,3,0,111111,"{AB, AVC, Atria, LV, OFT, RV}",E8.5-6,7.0,Small
All,1,111111,"{AB, AVC, Atria, LV, OFT, RV}",000001,{Atria},9,3,0,111111,"{AB, AVC, Atria, LV, OFT, RV}",E8.5-7,7.0,Small
All,1,111111,"{AB, AVC, Atria, LV, OFT, RV}",000001,{Atria},9,3,0,111111,"{AB, AVC, Atria, LV, OFT, RV}",E8.5-116,8.0,Small
All,1,111111,"{AB, AVC, Atria, LV, OFT, RV}",000001,{Atria},9,3,0,111111,"{AB, AVC, Atria, LV, OFT, RV}",E8.5-172,8.0,Small
All,1,111111,"{AB, AVC, Atria, LV, OFT, RV}",000001,{Atria},9,3,0,111111,"{AB, AVC, Atria, LV, OFT, RV}",E8.5-193,10.0,Small
All,1,111111,"{AB, AVC, Atria, LV, OFT, RV}",000001,{Atria},9,3,0,111111,"{AB, AVC, Atria, LV, OFT, RV}",E8.5-20,16.0,Small
All,1,111111,"{AB, AVC, Atria, LV, OFT, RV}",000001,{Atria},9,3,0,111111,"{AB, AVC, Atria, LV, OFT, RV}",E8.5-138,16.0,Small
All,1,111111,"{AB, AVC, Atria, LV, OFT, RV}",000001,{Atria},9,3,0,111111,"{AB, AVC, Atria, LV, OFT, RV}",E8.5-110,17.0,Small
All,1,111111,"{AB, AVC, Atria, LV, OFT, RV}",000001,{Atria},9,3,0,111111,"{AB, AVC, Atria, LV, OFT, RV}",E8.5-221,20.0,Small
All,1,111111,"{AB, AVC, Atria, LV, OFT, RV}",000001,{Atria},9,3,0,111111,"{AB, AVC, Atria, LV, OFT, RV}",E8.5-16,25.0,Small
All,1,111111,"{AB, AVC, Atria, LV, OFT, RV}",000001,{Atria},9,3,0,111111,"{AB, AVC, Atria, LV, OFT, RV}",E8.5-201,42.0,Large
All,1,111111,"{AB, AVC, Atria, LV, OFT, RV}",000001,{Atria},9,3,1,001111,"{AB, AVC, Atria, LV}",E8.5-2,82.0,Large
All,1,111111,"{AB, AVC, Atria, LV, OFT, RV}",000001,{Atria},9,3,1,001111,"{AB, AVC, Atria, LV}",E8.5-170,142.0,
All,1,111111,"{AB, AVC, Atria, LV, OFT, RV}",000001,{Atria},9,3,1,001111,"{AB, AVC, Atria, LV}",E8.5-218,30.0,Small
All,1,111111,"{AB, AVC, Atria, LV, OFT, RV}",000001,{Atria},9,3,1,001111,"{AB, AVC, Atria, LV}",E8.5-72,34.0,Large
All,1,111111,"{AB, AVC, Atria, LV, OFT, RV}",000001,{Atria},9,3,1,001111,"{AB, AVC, Atria, LV}",E8.5-68,11.0,Small
All,1,111111,"{AB, AVC, Atria, LV, OFT, RV}",000001,{Atria},9,3,1,001111,"{AB, AVC, Atria, LV}",E8.5-75,38.0,Large
All,1,111111,"{AB, AVC, Atria, LV, OFT, RV}",000001,{Atria},9,3,1,001111,"{AB, AVC, Atria, LV}",E8.5-178,4.0,Small
All,1,111111,"{AB, AVC, Atria, LV, OFT, RV}",000001,{Atria},9,3,1,001111,"{AB, AVC, Atria, LV}",E8.5-146,4.0,Small
All,1,111111,"{AB, AVC, Atria, LV, OFT, RV}",000001,{Atria},9,3,1,001111,"{AB, AVC, Atria, LV}",E8.5-21,5.0,Small
All,1,111111,"{AB, AVC, Atria, LV, OFT, RV}",000001,{Atria},9,3,1,001111,"{AB, AVC, Atria, LV}",E8.5-224,6.0,Small
All,1,111111,"{AB, AVC, Atria, LV, OFT, RV}",000001,{Atria},9,3,1,001111,"{AB, AVC, Atria, LV}",E8.5-6,7.0,Small
All,1,111111,"{AB, AVC, Atria, LV, OFT, RV}",000001,{Atria},9,3,1,001111,"{AB, AVC, Atria, LV}",E8.5-7,7.0,Small
All,1,111111,"{AB, AVC, Atria, LV, OFT, RV}",000001,{Atria},9,3,1,001111,"{AB, AVC, Atria, LV}",E8.5-116,8.0,Small
All,1,111111,"{AB, AVC, Atria, LV, OFT, RV}",000001,{Atria},9,3,1,001111,"{AB, AVC, Atria, LV}",E8.5-172,8.0,Small
All,1,111111,"{AB, AVC, Atria, LV, OFT, RV}",000001,{Atria},9,3,1,001111,"{AB, AVC, Atria, LV}",E8.5-193,10.0,Small
All,1,111111,"{AB, AVC, Atria, LV, OFT, RV}",000001,{Atria},9,3,1,001111,"{AB, AVC, Atria, LV}",E8.5-20,16.0,Small
All,1,111111,"{AB, AVC, Atria, LV, OFT, RV}",000001,{Atria},9,3,1,001111,"{AB, AVC, Atria, LV}",E8.5-138,16.0,Small
All,1,111111,"{AB, AVC, Atria, LV, OFT, RV}",000001,{Atria},9,3,1,001111,"{AB, AVC, Atria, LV}",E8.5-110,17.0,Small
All,1,111111,"{AB, AVC, Atria, LV, OFT, RV}",000001,{Atria},9,3,1,001111,"{AB, AVC, Atria, LV}",E8.5-221,20.0,Small
All,1,111111,"{AB, AVC, Atria, LV, OFT, RV}",000001,{Atria},9,3,1,001111,"{AB, AVC, Atria, LV}",E8.5-16,25.0,Small
All,1,111111,"{AB, AVC, Atria, LV, OFT, RV}",000001,{Atria},9,3,1,001111,"{AB, AVC, Atria, LV}",E8.5-201,42.0,Large
All,1,111111,"{AB, AVC, Atria, LV, OFT, RV}",000001,{Atria},9,3,2,000111,"{AB, AVC, Atria}",E8.5-2,82.0,Large
All,1,111111,"{AB, AVC, Atria, LV, OFT, RV}",000001,{Atria},9,3,2,000111,"{AB, AVC, Atria}",E8.5-170,142.0,
All,1,111111,"{AB, AVC, Atria, LV, OFT, RV}",000001,{Atria},9,3,2,000111,"{AB, AVC, Atria}",E8.5-218,30.0,Small
All,1,111111,"{AB, AVC, Atria, LV, OFT, RV}",000001,{Atria},9,3,2,000111,"{AB, AVC, Atria}",E8.5-72,34.0,Large
All,1,111111,"{AB, AVC, Atria, LV, OFT, RV}",000001,{Atria},9,3,2,000111,"{AB, AVC, Atria}",E8.5-68,11.0,Small
All,1,111111,"{AB, AVC, Atria, LV, OFT, RV}",000001,{Atria},9,3,2,000111,"{AB, AVC, Atria}",E8.5-75,38.0,Large
All,1,111111,"{AB, AVC, Atria, LV, OFT, RV}",000001,{Atria},9,3,2,000111,"{AB, AVC, Atria}",E8.5-178,4.0,Small
All,1,111111,"{AB, AVC, Atria, LV, OFT, RV}",000001,{Atria},9,3,2,000111,"{AB, AVC, Atria}",E8.5-146,4.0,Small
All,1,111111,"{AB, AVC, Atria, LV, OFT, RV}",000001,{Atria},9,3,2,000111,"{AB, AVC, Atria}",E8.5-21,5.0,Small
All,1,111111,"{AB, AVC, Atria, LV, OFT, RV}",000001,{Atria},9,3,2,000111,"{AB, AVC, Atria}",E8.5-224,6.0,Small
All,1,111111,"{AB, AVC, Atria, LV, OFT, RV}",000001,{Atria},9,3,2,000111,"{AB, AVC, Atria}",E8.5-6,7.0,Small
All,1,111111,"{AB, AVC, Atria, LV, OFT, RV}",000001,{Atria},9,3,2,000111,"{AB, AVC, Atria}",E8.5-7,7.0,Small
All,1,111111,"{AB, AVC, Atria, LV, OFT, RV}",000001,{Atria},9,3,2,000111,"{AB, AVC, Atria}",E8.5-116,8.0,Small
All,1,111111,"{AB, AVC, Atria, LV, OFT, RV}",000001,{Atria},9,3,2,000111,"{AB, AVC, Atria}",E8.5-172,8.0,Small
All,1,111111,"{AB, AVC, Atria, LV, OFT, RV}",000001,{Atria},9,3,2,000111,"{AB, AVC, Atria}",E8.5-193,10.0,Small
All,1,111111,"{AB, AVC, Atria, LV, OFT, RV}",000001,{Atria},9,3,2,000111,"{AB, AVC, Atria}",E8.5-20,16.0,Small
All,1,111111,"{AB, AVC, Atria, LV, OFT, RV}",000001,{Atria},9,3,2,000111,"{AB, AVC, Atria}",E8.5-138,16.0,Small
All,1,111111,"{AB, AVC, Atria, LV, OFT, RV}",000001,{Atria},9,3,2,000111,"{AB, AVC, Atria}",E8.5-110,17.0,Small
All,1,111111,"{AB, AVC, Atria, LV, OFT, RV}",000001,{Atria},9,3,2,000111,"{AB, AVC, Atria}",E8.5-221,20.0,Small
All,1,111111,"{AB, AVC, Atria, LV, OFT, RV}",000001,{Atria},9,3,2,000111,"{AB, AVC, Atria}",E8.5-16,25.0,Small
All,1,111111,"{AB, AVC, Atria, LV, OFT, RV}",000001,{Atria},9,3,2,000111,"{AB, AVC, Atria}",E8.5-201,42.0,Large
All,1,111111,"{AB, AVC, Atria, LV, OFT, RV}",000001,{Atria},9,3,3,000001,{Atria},E8.5-2,82.0,Large
All,1,111111,"{AB, AVC, Atria, LV, OFT, RV}",000001,{Atria},9,3,3,000001,{Atria},E8.5-170,142.0,
All,1,111111,"{AB, AVC, Atria, LV, OFT, RV}",000001,{Atria},9,3,3,000001,{Atria},E8.5-218,30.0,Small
All,1,111111,"{AB, AVC, Atria, LV, OFT, RV}",000001,{Atria},9,3,3,000001,{Atria},E8.5-72,34.0,Large
All,1,111111,"{AB, AVC, Atria, LV, OFT, RV}",000001,{Atria},9,3,3,000001,{Atria},E8.5-68,11.0,Small
All,1,111111,"{AB, AVC, Atria, LV, OFT, RV}",000001,{Atria},9,3,3,000001,{Atria},E8.5-75,38.0,Large
All,1,111111,"{AB, AVC, Atria, LV, OFT, RV}",000001,{Atria},9,3,3,000001,{Atria},E8.5-178,4.0,Small
All,1,111111,"{AB, AVC, Atria, LV, OFT, RV}",000001,{Atria},9,3,3,000001,{Atria},E8.5-146,4.0,Small
All,1,111111,"{AB, AVC, Atria, LV, OFT, RV}",000001,{Atria},9,3,3,000001,{Atria},E8.5-21,5.0,Small
All,1,111111,"{AB, AVC, Atria, LV, OFT, RV}",000001,{Atria},9,3,3,000001,{Atria},E8.5-224,6.0,Small
All,1,111111,"{AB, AVC, Atria, LV, OFT, RV}",000001,{Atria},9,3,3,000001,{Atria},E8.5-6,7.0,Small
All,1,111111,"{AB, AVC, Atria, LV, OFT, RV}",000001,{Atria},9,3,3,000001,{Atria},E8.5-7,7.0,Small
All,1,111111,"{AB, AVC, Atria, LV, OFT, RV}",000001,{Atria},9,3,3,000001,{Atria},E8.5-116,8.0,Small
All,1,111111,"{AB, AVC, Atria, LV, OFT, RV}",000001,{Atria},9,3,3,000001,{Atria},E8.5-172,8.0,Small
All,1,111111,"{AB, AVC, Atria, LV, OFT, RV}",000001,{Atria},9,3,3,000001,{Atria},E8.5-193,10.0,Small
All,1,111111,"{AB, AVC, Atria, LV, OFT, RV}",000001,{Atria},9,3,3,000001,{Atria},E8.5-20,16.0,Small
All,1,111111,"{AB, AVC, Atria, LV, OFT, RV}",000001,{Atria},9,3,3,000001,{Atria},E8.5-138,16.0,Small
All,1,111111,"{AB, AVC, Atria, LV, OFT, RV}",000001,{Atria},9,3,3,000001,{Atria},E8.5-110,17.0,Small
All,1,111111,"{AB, AVC, Atria, LV, OFT, RV}",000001,{Atria},9,3,3,000001,{Atria},E8.5-221,20.0,Small
All,1,111111,"{AB, AVC, Atria, LV, OFT, RV}",000001,{Atria},9,3,3,000001,{Atria},E8.5-16,25.0,Small
All,1,111111,"{AB, AVC, Atria, LV, OFT, RV}",000001,{Atria},9,3,3,000001,{Atria},E8.5-201,42.0,Large
All,1,111111,"{AB, AVC, Atria, LV, OFT, RV}",000001,{Atria},10,3,0,111111,"{AB, AVC, Atria, LV, OFT, RV}",E8.5-2,82.0,Large
All,1,111111,"{AB, AVC, Atria, LV, OFT, RV}",000001,{Atria},10,3,0,111111,"{AB, AVC, Atria, LV, OFT, RV}",E8.5-170,142.0,
All,1,111111,"{AB, AVC, Atria, LV, OFT, RV}",000001,{Atria},10,3,0,111111,"{AB, AVC, Atria, LV, OFT, RV}",E8.5-218,30.0,Small
All,1,111111,"{AB, AVC, Atria, LV, OFT, RV}",000001,{Atria},10,3,0,111111,"{AB, AVC, Atria, LV, OFT, RV}",E8.5-72,34.0,Large
All,1,111111,"{AB, AVC, Atria, LV, OFT, RV}",000001,{Atria},10,3,0,111111,"{AB, AVC, Atria, LV, OFT, RV}",E8.5-15,12.0,Small
All,1,111111,"{AB, AVC, Atria, LV, OFT, RV}",000001,{Atria},10,3,0,111111,"{AB, AVC, Atria, LV, OFT, RV}",E8.5-144,20.0,Small
All,1,111111,"{AB, AVC, Atria, LV, OFT, RV}",000001,{Atria},10,3,0,111111,"{AB, AVC, Atria, LV, OFT, RV}",E8.5-227,30.0,Small
All,1,111111,"{AB, AVC, Atria, LV, OFT, RV}",000001,{Atria},10,3,0,111111,"{AB, AVC, Atria, LV, OFT, RV}",E8.5-178,4.0,Small
All,1,111111,"{AB, AVC, Atria, LV, OFT, RV}",000001,{Atria},10,3,0,111111,"{AB, AVC, Atria, LV, OFT, RV}",E8.5-146,4.0,Small
All,1,111111,"{AB, AVC, Atria, LV, OFT, RV}",000001,{Atria},10,3,0,111111,"{AB, AVC, Atria, LV, OFT, RV}",E8.5-21,5.0,Small
All,1,111111,"{AB, AVC, Atria, LV, OFT, RV}",000001,{Atria},10,3,0,111111,"{AB, AVC, Atria, LV, OFT, RV}",E8.5-224,6.0,Small
All,1,111111,"{AB, AVC, Atria, LV, OFT, RV}",000001,{Atria},10,3,0,111111,"{AB, AVC, Atria, LV, OFT, RV}",E8.5-6,7.0,Small
All,1,111111,"{AB, AVC, Atria, LV, OFT, RV}",000001,{Atria},10,3,0,111111,"{AB, AVC, Atria, LV, OFT, RV}",E8.5-7,7.0,Small
All,1,111111,"{AB, AVC, Atria, LV, OFT, RV}",000001,{Atria},10,3,0,111111,"{AB, AVC, Atria, LV, OFT, RV}",E8.5-116,8.0,Small
All,1,111111,"{AB, AVC, Atria, LV, OFT, RV}",000001,{Atria},10,3,0,111111,"{AB, AVC, Atria, LV, OFT, RV}",E8.5-172,8.0,Small
All,1,111111,"{AB, AVC, Atria, LV, OFT, RV}",000001,{Atria},10,3,0,111111,"{AB, AVC, Atria, LV, OFT, RV}",E8.5-193,10.0,Small
All,1,111111,"{AB, AVC, Atria, LV, OFT, RV}",000001,{Atria},10,3,0,111111,"{AB, AVC, Atria, LV, OFT, RV}",E8.5-20,16.0,Small
All,1,111111,"{AB, AVC, Atria, LV, OFT, RV}",000001,{Atria},10,3,0,111111,"{AB, AVC, Atria, LV, OFT, RV}",E8.5-138,16.0,Small
All,1,111111,"{AB, AVC, Atria, LV, OFT, RV}",000001,{Atria},10,3,0,111111,"{AB, AVC, Atria, LV, OFT, RV}",E8.5-110,17.0,Small
All,1,111111,"{AB, AVC, Atria, LV, OFT, RV}",000001,{Atria},10,3,0,111111,"{AB, AVC, Atria, LV, OFT, RV}",E8.5-221,20.0,Small
All,1,111111,"{AB, AVC, Atria, LV, OFT, RV}",000001,{Atria},10,3,0,111111,"{AB, AVC, Atria, LV, OFT, RV}",E8.5-16,25.0,Small
All,1,111111,"{AB, AVC, Atria, LV, OFT, RV}",000001,{Atria},10,3,0,111111,"{AB, AVC, Atria, LV, OFT, RV}",E8.5-201,42.0,Large
All,1,111111,"{AB, AVC, Atria, LV, OFT, RV}",000001,{Atria},10,3,1,001111,"{AB, AVC, Atria, LV}",E8.5-2,82.0,Large
All,1,111111,"{AB, AVC, Atria, LV, OFT, RV}",000001,{Atria},10,3,1,001111,"{AB, AVC, Atria, LV}",E8.5-170,142.0,
All,1,111111,"{AB, AVC, Atria, LV, OFT, RV}",000001,{Atria},10,3,1,001111,"{AB, AVC, Atria, LV}",E8.5-218,30.0,Small
All,1,111111,"{AB, AVC, Atria, LV, OFT, RV}",000001,{Atria},10,3,1,001111,"{AB, AVC, Atria, LV}",E8.5-72,34.0,Large
All,1,111111,"{AB, AVC, Atria, LV, OFT, RV}",000001,{Atria},10,3,1,001111,"{AB, AVC, Atria, LV}",E8.5-15,12.0,Small
All,1,111111,"{AB, AVC, Atria, LV, OFT, RV}",000001,{Atria},10,3,1,001111,"{AB, AVC, Atria, LV}",E8.5-144,20.0,Small
All,1,111111,"{AB, AVC, Atria, LV, OFT, RV}",000001,{Atria},10,3,1,001111,"{AB, AVC, Atria, LV}",E8.5-227,30.0,Small
All,1,111111,"{AB, AVC, Atria, LV, OFT, RV}",000001,{Atria},10,3,1,001111,"{AB, AVC, Atria, LV}",E8.5-178,4.0,Small
All,1,111111,"{AB, AVC, Atria, LV, OFT, RV}",000001,{Atria},10,3,1,001111,"{AB, AVC, Atria, LV}",E8.5-146,4.0,Small
All,1,111111,"{AB, AVC, Atria, LV, OFT, RV}",000001,{Atria},10,3,1,001111,"{AB, AVC, Atria, LV}",E8.5-21,5.0,Small
All,1,111111,"{AB, AVC, Atria, LV, OFT, RV}",000001,{Atria},10,3,1,001111,"{AB, AVC, Atria, LV}",E8.5-224,6.0,Small
All,1,111111,"{AB, AVC, Atria, LV, OFT, RV}",000001,{Atria},10,3,1,001111,"{AB, AVC, Atria, LV}",E8.5-6,7.0,Small
All,1,111111,"{AB, AVC, Atria, LV, OFT, RV}",000001,{Atria},10,3,1,001111,"{AB, AVC, Atria, LV}",E8.5-7,7.0,Small
All,1,111111,"{AB, AVC, Atria, LV, OFT, RV}",000001,{Atria},10,3,1,001111,"{AB, AVC, Atria, LV}",E8.5-116,8.0,Small
All,1,111111,"{AB, AVC, Atria, LV, OFT, RV}",000001,{Atria},10,3,1,001111,"{AB, AVC, Atria, LV}",E8.5-172,8.0,Small
All,1,111111,"{AB, AVC, Atria, LV, OFT, RV}",000001,{Atria},10,3,1,001111,"{AB, AVC, Atria, LV}",E8.5-193,10.0,Small
All,1,111111,"{AB, AVC, Atria, LV, OFT, RV}",000001,{Atria},10,3,1,001111,"{AB, AVC, Atria, LV}",E8.5-20,16.0,Small
All,1,111111,"{AB, AVC, Atria, LV, OFT, RV}",000001,{Atria},10,3,1,001111,"{AB, AVC, Atria, LV}",E8.5-138,16.0,Small
All,1,111111,"{AB, AVC, Atria, LV, OFT, RV}",000001,{Atria},10,3,1,001111,"{AB, AVC, Atria, LV}",E8.5-110,17.0,Small
All,1,111111,"{AB, AVC, Atria, LV, OFT, RV}",000001,{Atria},10,3,1,001111,"{AB, AVC, Atria, LV}",E8.5-221,20.0,Small
All,1,111111,"{AB, AVC, Atria, LV, OFT, RV}",000001,{Atria},10,3,1,001111,"{AB, AVC, Atria, LV}",E8.5-16,25.0,Small
All,1,111111,"{AB, AVC, Atria, LV, OFT, RV}",000001,{Atria},10,3,1,001111,"{AB, AVC, Atria, LV}",E8.5-201,42.0,Large
All,1,111111,"{AB, AVC, Atria, LV, OFT, RV}",000001,{Atria},10,3,2,000011,"{AB, Atria}",E8.5-2,82.0,Large
All,1,111111,"{AB, AVC, Atria, LV, OFT, RV}",000001,{Atria},10,3,2,000011,"{AB, Atria}",E8.5-170,142.0,
All,1,111111,"{AB, AVC, Atria, LV, OFT, RV}",000001,{Atria},10,3,2,000011,"{AB, Atria}",E8.5-218,30.0,Small
All,1,111111,"{AB, AVC, Atria, LV, OFT, RV}",000001,{Atria},10,3,2,000011,"{AB, Atria}",E8.5-72,34.0,Large
All,1,111111,"{AB, AVC, Atria, LV, OFT, RV}",000001,{Atria},10,3,2,000011,"{AB, Atria}",E8.5-15,12.0,Small
All,1,111111,"{AB, AVC, Atria, LV, OFT, RV}",000001,{Atria},10,3,2,000011,"{AB, Atria}",E8.5-144,20.0,Small
All,1,111111,"{AB, AVC, Atria, LV, OFT, RV}",000001,{Atria},10,3,2,000011,"{AB, Atria}",E8.5-227,30.0,Small
All,1,111111,"{AB, AVC, Atria, LV, OFT, RV}",000001,{Atria},10,3,2,000011,"{AB, Atria}",E8.5-178,4.0,Small
All,1,111111,"{AB, AVC, Atria, LV, OFT, RV}",000001,{Atria},10,3,2,000011,"{AB, Atria}",E8.5-146,4.0,Small
All,1,111111,"{AB, AVC, Atria, LV, OFT, RV}",000001,{Atria},10,3,2,000011,"{AB, Atria}",E8.5-21,5.0,Small
All,1,111111,"{AB, AVC, Atria, LV, OFT, RV}",000001,{Atria},10,3,2,000011,"{AB, Atria}",E8.5-224,6.0,Small
All,1,111111,"{AB, AVC, Atria, LV, OFT, RV}",000001,{Atria},10,3,2,000011,"{AB, Atria}",E8.5-6,7.0,Small
All,1,111111,"{AB, AVC, Atria, LV, OFT, RV}",000001,{Atria},10,3,2,000011,"{AB, Atria}",E8.5-7,7.0,Small
All,1,111111,"{AB, AVC, Atria, LV, OFT, RV}",000001,{Atria},10,3,2,000011,"{AB, Atria}",E8.5-116,8.0,Small
All,1,111111,"{AB, AVC, Atria, LV, OFT, RV}",000001,{Atria},10,3,2,000011,"{AB, Atria}",E8.5-172,8.0,Small
All,1,111111,"{AB, AVC, Atria, LV, OFT, RV}",000001,{Atria},10,3,2,000011,"{AB, Atria}",E8.5-193,10.0,Small
All,1,111111,"{AB, AVC, Atria, LV, OFT, RV}",000001,{Atria},10,3,2,000011,"{AB, Atria}",E8.5-20,16.0,Small
All,1,111111,"{AB, AVC, Atria, LV, OFT, RV}",000001,{Atria},10,3,2,000011,"{AB, Atria}",E8.5-138,16.0,Small
All,1,111111,"{AB, AVC, Atria, LV, OFT, RV}",000001,{Atria},10,3,2,000011,"{AB, Atria}",E8.5-110,17.0,Small
All,1,111111,"{AB, AVC, Atria, LV, OFT, RV}",000001,{Atria},10,3,2,000011,"{AB, Atria}",E8.5-221,20.0,Small
All,1,111111,"{AB, AVC, Atria, LV, OFT, RV}",000001,{Atria},10,3,2,000011,"{AB, Atria}",E8.5-16,25.0,Small
All,1,111111,"{AB, AVC, Atria, LV, OFT, RV}",000001,{Atria},10,3,2,000011,"{AB, Atria}",E8.5-201,42.0,Large
All,1,111111,"{AB, AVC, Atria, LV, OFT, RV}",000001,{Atria},10,3,3,000001,{Atria},E8.5-2,82.0,Large
All,1,111111,"{AB, AVC, Atria, LV, OFT, RV}",000001,{Atria},10,3,3,000001,{Atria},E8.5-170,142.0,
All,1,111111,"{AB, AVC, Atria, LV, OFT, RV}",000001,{Atria},10,3,3,000001,{Atria},E8.5-218,30.0,Small
All,1,111111,"{AB, AVC, Atria, LV, OFT, RV}",000001,{Atria},10,3,3,000001,{Atria},E8.5-72,34.0,Large
All,1,111111,"{AB, AVC, Atria, LV, OFT, RV}",000001,{Atria},10,3,3,000001,{Atria},E8.5-15,12.0,Small
All,1,111111,"{AB, AVC, Atria, LV, OFT, RV}",000001,{Atria},10,3,3,000001,{Atria},E8.5-144,20.0,Small
All,1,111111,"{AB, AVC, Atria, LV, OFT, RV}",000001,{Atria},10,3,3,000001,{Atria},E8.5-227,30.0,Small
All,1,111111,"{AB, AVC, Atria, LV, OFT, RV}",000001,{Atria},10,3,3,000001,{Atria},E8.5-178,4.0,Small
All,1,111111,"{AB, AVC, Atria, LV, OFT, RV}",000001,{Atria},10,3,3,000001,{Atria},E8.5-146,4.0,Small
All,1,111111,"{AB, AVC, Atria, LV, OFT, RV}",000001,{Atria},10,3,3,000001,{Atria},E8.5-21,5.0,Small
All,1,111111,"{AB, AVC, Atria, LV, OFT, RV}",000001,{Atria},10,3,3,000001,{Atria},E8.5-224,6.0,Small
All,1,111111,"{AB, AVC, Atria, LV, OFT, RV}",000001,{Atria},10,3,3,000001,{Atria},E8.5-6,7.0,Small
All,1,111111,"{AB, AVC, Atria, LV, OFT, RV}",000001,{Atria},10,3,3,000001,{Atria},E8.5-7,7.0,Small
All,1,111111,"{AB, AVC, Atria, LV, OFT, RV}",000001,{Atria},10,3,3,000001,{Atria},E8.5-116,8.0,Small
All,1,111111,"{AB, AVC, Atria, LV, OFT, RV}",000001,{Atria},10,3,3,000001,{Atria},E8.5-172,8.0,Small
All,1,111111,"{AB, AVC, Atria, LV, OFT, RV}",000001,{Atria},10,3,3,000001,{Atria},E8.5-193,10.0,Small
All,1,111111,"{AB, AVC, Atria, LV, OFT, RV}",000001,{Atria},10,3,3,000001,{Atria},E8.5-20,16.0,Small
All,1,111111,"{AB, AVC, Atria, LV, OFT, RV}",000001,{Atria},10,3,3,000001,{Atria},E8.5-138,16.0,Small
All,1,111111,"{AB, AVC, Atria, LV, OFT, RV}",000001,{Atria},10,3,3,000001,{Atria},E8.5-110,17.0,Small
All,1,111111,"{AB, AVC, Atria, LV, OFT, RV}",000001,{Atria},10,3,3,000001,{Atria},E8.5-221,20.0,Small
All,1,111111,"{AB, AVC, Atria, LV, OFT, RV}",000001,{Atria},10,3,3,000001,{Atria},E8.5-16,25.0,Small
All,1,111111,"{AB, AVC, Atria, LV, OFT, RV}",000001,{Atria},10,3,3,000001,{Atria},E8.5-201,42.0,Large
All,1,111111,"{AB, AVC, Atria, LV, OFT, RV}",000001,{Atria},11,4,0,111111,"{AB, AVC, Atria, LV, OFT, RV}",E8.5-2,82.0,Large
All,1,111111,"{AB, AVC, Atria, LV, OFT, RV}",000001,{Atria},11,4,0,111111,"{AB, AVC, Atria, LV, OFT, RV}",E8.5-170,142.0,
All,1,111111,"{AB, AVC, Atria, LV, OFT, RV}",000001,{Atria},11,4,0,111111,"{AB, AVC, Atria, LV, OFT, RV}",E8.5-204,40.0,Large
All,1,111111,"{AB, AVC, Atria, LV, OFT, RV}",000001,{Atria},11,4,0,111111,"{AB, AVC, Atria, LV, OFT, RV}",E8.5-60,23.0,Small
All,1,111111,"{AB, AVC, Atria, LV, OFT, RV}",000001,{Atria},11,4,0,111111,"{AB, AVC, Atria, LV, OFT, RV}",E8.5-15,12.0,Small
All,1,111111,"{AB, AVC, Atria, LV, OFT, RV}",000001,{Atria},11,4,0,111111,"{AB, AVC, Atria, LV, OFT, RV}",E8.5-144,20.0,Small
All,1,111111,"{AB, AVC, Atria, LV, OFT, RV}",000001,{Atria},11,4,0,111111,"{AB, AVC, Atria, LV, OFT, RV}",E8.5-227,30.0,Small
All,1,111111,"{AB, AVC, Atria, LV, OFT, RV}",000001,{Atria},11,4,0,111111,"{AB, AVC, Atria, LV, OFT, RV}",E8.5-178,4.0,Small
All,1,111111,"{AB, AVC, Atria, LV, OFT, RV}",000001,{Atria},11,4,0,111111,"{AB, AVC, Atria, LV, OFT, RV}",E8.5-146,4.0,Small
All,1,111111,"{AB, AVC, Atria, LV, OFT, RV}",000001,{Atria},11,4,0,111111,"{AB, AVC, Atria, LV, OFT, RV}",E8.5-21,5.0,Small
All,1,111111,"{AB, AVC, Atria, LV, OFT, RV}",000001,{Atria},11,4,0,111111,"{AB, AVC, Atria, LV, OFT, RV}",E8.5-224,6.0,Small
All,1,111111,"{AB, AVC, Atria, LV, OFT, RV}",000001,{Atria},11,4,0,111111,"{AB, AVC, Atria, LV, OFT, RV}",E8.5-6,7.0,Small
All,1,111111,"{AB, AVC, Atria, LV, OFT, RV}",000001,{Atria},11,4,0,111111,"{AB, AVC, Atria, LV, OFT, RV}",E8.5-7,7.0,Small
All,1,111111,"{AB, AVC, Atria, LV, OFT, RV}",000001,{Atria},11,4,0,111111,"{AB, AVC, Atria, LV, OFT, RV}",E8.5-116,8.0,Small
All,1,111111,"{AB, AVC, Atria, LV, OFT, RV}",000001,{Atria},11,4,0,111111,"{AB, AVC, Atria, LV, OFT, RV}",E8.5-172,8.0,Small
All,1,111111,"{AB, AVC, Atria, LV, OFT, RV}",000001,{Atria},11,4,0,111111,"{AB, AVC, Atria, LV, OFT, RV}",E8.5-193,10.0,Small
All,1,111111,"{AB, AVC, Atria, LV, OFT, RV}",000001,{Atria},11,4,0,111111,"{AB, AVC, Atria, LV, OFT, RV}",E8.5-20,16.0,Small
All,1,111111,"{AB, AVC, Atria, LV, OFT, RV}",000001,{Atria},11,4,0,111111,"{AB, AVC, Atria, LV, OFT, RV}",E8.5-138,16.0,Small
All,1,111111,"{AB, AVC, Atria, LV, OFT, RV}",000001,{Atria},11,4,0,111111,"{AB, AVC, Atria, LV, OFT, RV}",E8.5-110,17.0,Small
All,1,111111,"{AB, AVC, Atria, LV, OFT, RV}",000001,{Atria},11,4,0,111111,"{AB, AVC, Atria, LV, OFT, RV}",E8.5-221,20.0,Small
All,1,111111,"{AB, AVC, Atria, LV, OFT, RV}",000001,{Atria},11,4,0,111111,"{AB, AVC, Atria, LV, OFT, RV}",E8.5-16,25.0,Small
All,1,111111,"{AB, AVC, Atria, LV, OFT, RV}",000001,{Atria},11,4,0,111111,"{AB, AVC, Atria, LV, OFT, RV}",E8.5-201,42.0,Large
All,1,111111,"{AB, AVC, Atria, LV, OFT, RV}",000001,{Atria},11,4,1,110011,"{AB, Atria, OFT, RV}",E8.5-2,82.0,Large
All,1,111111,"{AB, AVC, Atria, LV, OFT, RV}",000001,{Atria},11,4,1,110011,"{AB, Atria, OFT, RV}",E8.5-170,142.0,
All,1,111111,"{AB, AVC, Atria, LV, OFT, RV}",000001,{Atria},11,4,1,110011,"{AB, Atria, OFT, RV}",E8.5-204,40.0,Large
All,1,111111,"{AB, AVC, Atria, LV, OFT, RV}",000001,{Atria},11,4,1,110011,"{AB, Atria, OFT, RV}",E8.5-60,23.0,Small
All,1,111111,"{AB, AVC, Atria, LV, OFT, RV}",000001,{Atria},11,4,1,110011,"{AB, Atria, OFT, RV}",E8.5-15,12.0,Small
All,1,111111,"{AB, AVC, Atria, LV, OFT, RV}",000001,{Atria},11,4,1,110011,"{AB, Atria, OFT, RV}",E8.5-144,20.0,Small
All,1,111111,"{AB, AVC, Atria, LV, OFT, RV}",000001,{Atria},11,4,1,110011,"{AB, Atria, OFT, RV}",E8.5-227,30.0,Small
All,1,111111,"{AB, AVC, Atria, LV, OFT, RV}",000001,{Atria},11,4,1,110011,"{AB, Atria, OFT, RV}",E8.5-178,4.0,Small
All,1,111111,"{AB, AVC, Atria, LV, OFT, RV}",000001,{Atria},11,4,1,110011,"{AB, Atria, OFT, RV}",E8.5-146,4.0,Small
All,1,111111,"{AB, AVC, Atria, LV, OFT, RV}",000001,{Atria},11,4,1,110011,"{AB, Atria, OFT, RV}",E8.5-21,5.0,Small
All,1,111111,"{AB, AVC, Atria, LV, OFT, RV}",000001,{Atria},11,4,1,110011,"{AB, Atria, OFT, RV}",E8.5-224,6.0,Small
All,1,111111,"{AB, AVC, Atria, LV, OFT, RV}",000001,{Atria},11,4,1,110011,"{AB, Atria, OFT, RV}",E8.5-6,7.0,Small
All,1,111111,"{AB, AVC, Atria, LV, OFT, RV}",000001,{Atria},11,4,1,110011,"{AB, Atria, OFT, RV}",E8.5-7,7.0,Small
All,1,111111,"{AB, AVC, Atria, LV, OFT, RV}",000001,{Atria},11,4,1,110011,"{AB, Atria, OFT, RV}",E8.5-116,8.0,Small
All,1,111111,"{AB, AVC, Atria, LV, OFT, RV}",000001,{Atria},11,4,1,110011,"{AB, Atria, OFT, RV}",E8.5-172,8.0,Small
All,1,111111,"{AB, AVC, Atria, LV, OFT, RV}",000001,{Atria},11,4,1,110011,"{AB, Atria, OFT, RV}",E8.5-193,10.0,Small
All,1,111111,"{AB, AVC, Atria, LV, OFT, RV}",000001,{Atria},11,4,1,110011,"{AB, Atria, OFT, RV}",E8.5-20,16.0,Small
All,1,111111,"{AB, AVC, Atria, LV, OFT, RV}",000001,{Atria},11,4,1,110011,"{AB, Atria, OFT, RV}",E8.5-138,16.0,Small
All,1,111111,"{AB, AVC, Atria, LV, OFT, RV}",000001,{Atria},11,4,1,110011,"{AB, Atria, OFT, RV}",E8.5-110,17.0,Small
All,1,111111,"{AB, AVC, Atria, LV, OFT, RV}",000001,{Atria},11,4,1,110011,"{AB, Atria, OFT, RV}",E8.5-221,20.0,Small
All,1,111111,"{AB, AVC, Atria, LV, OFT, RV}",000001,{Atria},11,4,1,110011,"{AB, Atria, OFT, RV}",E8.5-16,25.0,Small
All,1,111111,"{AB, AVC, Atria, LV, OFT, RV}",000001,{Atria},11,4,1,110011,"{AB, Atria, OFT, RV}",E8.5-201,42.0,Large
All,1,111111,"{AB, AVC, Atria, LV, OFT, RV}",000001,{Atria},11,4,2,100011,"{AB, Atria, OFT}",E8.5-2,82.0,Large
All,1,111111,"{AB, AVC, Atria, LV, OFT, RV}",000001,{Atria},11,4,2,100011,"{AB, Atria, OFT}",E8.5-170,142.0,
All,1,111111,"{AB, AVC, Atria, LV, OFT, RV}",000001,{Atria},11,4,2,100011,"{AB, Atria, OFT}",E8.5-204,40.0,Large
All,1,111111,"{AB, AVC, Atria, LV, OFT, RV}",000001,{Atria},11,4,2,100011,"{AB, Atria, OFT}",E8.5-60,23.0,Small
All,1,111111,"{AB, AVC, Atria, LV, OFT, RV}",000001,{Atria},11,4,2,100011,"{AB, Atria, OFT}",E8.5-15,12.0,Small
All,1,111111,"{AB, AVC, Atria, LV, OFT, RV}",000001,{Atria},11,4,2,100011,"{AB, Atria, OFT}",E8.5-144,20.0,Small
All,1,111111,"{AB, AVC, Atria, LV, OFT, RV}",000001,{Atria},11,4,2,100011,"{AB, Atria, OFT}",E8.5-227,30.0,Small
All,1,111111,"{AB, AVC, Atria, LV, OFT, RV}",000001,{Atria},11,4,2,100011,"{AB, Atria, OFT}",E8.5-178,4.0,Small
All,1,111111,"{AB, AVC, Atria, LV, OFT, RV}",000001,{Atria},11,4,2,100011,"{AB, Atria, OFT}",E8.5-146,4.0,Small
All,1,111111,"{AB, AVC, Atria, LV, OFT, RV}",000001,{Atria},11,4,2,100011,"{AB, Atria, OFT}",E8.5-21,5.0,Small
All,1,111111,"{AB, AVC, Atria, LV, OFT, RV}",000001,{Atria},11,4,2,100011,"{AB, Atria, OFT}",E8.5-224,6.0,Small
All,1,111111,"{AB, AVC, Atria, LV, OFT, RV}",000001,{Atria},11,4,2,100011,"{AB, Atria, OFT}",E8.5-6,7.0,Small
All,1,111111,"{AB, AVC, Atria, LV, OFT, RV}",000001,{Atria},11,4,2,100011,"{AB, Atria, OFT}",E8.5-7,7.0,Small
All,1,111111,"{AB, AVC, Atria, LV, OFT, RV}",000001,{Atria},11,4,2,100011,"{AB, Atria, OFT}",E8.5-116,8.0,Small
All,1,111111,"{AB, AVC, Atria, LV, OFT, RV}",000001,{Atria},11,4,2,100011,"{AB, Atria, OFT}",E8.5-172,8.0,Small
All,1,111111,"{AB, AVC, Atria, LV, OFT, RV}",000001,{Atria},11,4,2,100011,"{AB, Atria, OFT}",E8.5-193,10.0,Small
All,1,111111,"{AB, AVC, Atria, LV, OFT, RV}",000001,{Atria},11,4,2,100011,"{AB, Atria, OFT}",E8.5-20,16.0,Small
All,1,111111,"{AB, AVC, Atria, LV, OFT, RV}",000001,{Atria},11,4,2,100011,"{AB, Atria, OFT}",E8.5-138,16.0,Small
All,1,111111,"{AB, AVC, Atria, LV, OFT, RV}",000001,{Atria},11,4,2,100011,"{AB, Atria, OFT}",E8.5-110,17.0,Small
All,1,111111,"{AB, AVC, Atria, LV, OFT, RV}",000001,{Atria},11,4,2,100011,"{AB, Atria, OFT}",E8.5-221,20.0,Small
All,1,111111,"{AB, AVC, Atria, LV, OFT, RV}",000001,{Atria},11,4,2,100011,"{AB, Atria, OFT}",E8.5-16,25.0,Small
All,1,111111,"{AB, AVC, Atria, LV, OFT, RV}",000001,{Atria},11,4,2,100011,"{AB, Atria, OFT}",E8.5-201,42.0,Large
All,1,111111,"{AB, AVC, Atria, LV, OFT, RV}",000001,{Atria},11,4,3,000011,"{AB, Atria}",E8.5-2,82.0,Large
All,1,111111,"{AB, AVC, Atria, LV, OFT, RV}",000001,{Atria},11,4,3,000011,"{AB, Atria}",E8.5-170,142.0,
All,1,111111,"{AB, AVC, Atria, LV, OFT, RV}",000001,{Atria},11,4,3,000011,"{AB, Atria}",E8.5-204,40.0,Large
All,1,111111,"{AB, AVC, Atria, LV, OFT, RV}",000001,{Atria},11,4,3,000011,"{AB, Atria}",E8.5-60,23.0,Small
All,1,111111,"{AB, AVC, Atria, LV, OFT, RV}",000001,{Atria},11,4,3,000011,"{AB, Atria}",E8.5-15,12.0,Small
All,1,111111,"{AB, AVC, Atria, LV, OFT, RV}",000001,{Atria},11,4,3,000011,"{AB, Atria}",E8.5-144,20.0,Small
All,1,111111,"{AB, AVC, Atria, LV, OFT, RV}",000001,{Atria},11,4,3,000011,"{AB, Atria}",E8.5-227,30.0,Small
All,1,111111,"{AB, AVC, Atria, LV, OFT, RV}",000001,{Atria},11,4,3,000011,"{AB, Atria}",E8.5-178,4.0,Small
All,1,111111,"{AB, AVC, Atria, LV, OFT, RV}",000001,{Atria},11,4,3,000011,"{AB, Atria}",E8.5-146,4.0,Small
All,1,111111,"{AB, AVC, Atria, LV, OFT, RV}",000001,{Atria},11,4,3,000011,"{AB, Atria}",E8.5-21,5.0,Small
All,1,111111,"{AB, AVC, Atria, LV, OFT, RV}",000001,{Atria},11,4,3,000011,"{AB, Atria}",E8.5-224,6.0,Small
All,1,111111,"{AB, AVC, Atria, LV, OFT, RV}",000001,{Atria},11,4,3,000011,"{AB, Atria}",E8.5-6,7.0,Small
All,1,111111,"{AB, AVC, Atria, LV, OFT, RV}",000001,{Atria},11,4,3,000011,"{AB, Atria}",E8.5-7,7.0,Small
All,1,111111,"{AB, AVC, Atria, LV, OFT, RV}",000001,{Atria},11,4,3,000011,"{AB, Atria}",E8.5-116,8.0,Small
All,1,111111,"{AB, AVC, Atria, LV, OFT, RV}",000001,{Atria},11,4,3,000011,"{AB, Atria}",E8.5-172,8.0,Small
All,1,111111,"{AB, AVC, Atria, LV, OFT, RV}",000001,{Atria},11,4,3,000011,"{AB, Atria}",E8.5-193,10.0,Small
All,1,111111,"{AB, AVC, Atria, LV, OFT, RV}",000001,{Atria},11,4,3,000011,"{AB, Atria}",E8.5-20,16.0,Small
All,1,111111,"{AB, AVC, Atria, LV, OFT, RV}",000001,{Atria},11,4,3,000011,"{AB, Atria}",E8.5-138,16.0,Small
All,1,111111,"{AB, AVC, Atria, LV, OFT, RV}",000001,{Atria},11,4,3,000011,"{AB, Atria}",E8.5-110,17.0,Small
All,1,111111,"{AB, AVC, Atria, LV, OFT, RV}",000001,{Atria},11,4,3,000011,"{AB, Atria}",E8.5-221,20.0,Small
All,1,111111,"{AB, AVC, Atria, LV, OFT, RV}",000001,{Atria},11,4,3,000011,"{AB, Atria}",E8.5-16,25.0,Small
All,1,111111,"{AB, AVC, Atria, LV, OFT, RV}",000001,{Atria},11,4,3,000011,"{AB, Atria}",E8.5-201,42.0,Large
All,1,111111,"{AB, AVC, Atria, LV, OFT, RV}",000001,{Atria},11,4,4,000001,{Atria},E8.5-2,82.0,Large
All,1,111111,"{AB, AVC, Atria, LV, OFT, RV}",000001,{Atria},11,4,4,000001,{Atria},E8.5-170,142.0,
All,1,111111,"{AB, AVC, Atria, LV, OFT, RV}",000001,{Atria},11,4,4,000001,{Atria},E8.5-204,40.0,Large
All,1,111111,"{AB, AVC, Atria, LV, OFT, RV}",000001,{Atria},11,4,4,000001,{Atria},E8.5-60,23.0,Small
All,1,111111,"{AB, AVC, Atria, LV, OFT, RV}",000001,{Atria},11,4,4,000001,{Atria},E8.5-15,12.0,Small
All,1,111111,"{AB, AVC, Atria, LV, OFT, RV}",000001,{Atria},11,4,4,000001,{Atria},E8.5-144,20.0,Small
All,1,111111,"{AB, AVC, Atria, LV, OFT, RV}",000001,{Atria},11,4,4,000001,{Atria},E8.5-227,30.0,Small
All,1,111111,"{AB, AVC, Atria, LV, OFT, RV}",000001,{Atria},11,4,4,000001,{Atria},E8.5-178,4.0,Small
All,1,111111,"{AB, AVC, Atria, LV, OFT, RV}",000001,{Atria},11,4,4,000001,{Atria},E8.5-146,4.0,Small
All,1,111111,"{AB, AVC, Atria, LV, OFT, RV}",000001,{Atria},11,4,4,000001,{Atria},E8.5-21,5.0,Small
All,1,111111,"{AB, AVC, Atria, LV, OFT, RV}",000001,{Atria},11,4,4,000001,{Atria},E8.5-224,6.0,Small
All,1,111111,"{AB, AVC, Atria, LV, OFT, RV}",000001,{Atria},11,4,4,000001,{Atria},E8.5-6,7.0,Small
All,1,111111,"{AB, AVC, Atria, LV, OFT, RV}",000001,{Atria},11,4,4,000001,{Atria},E8.5-7,7.0,Small
All,1,111111,"{AB, AVC, Atria, LV, OFT, RV}",000001,{Atria},11,4,4,000001,{Atria},E8.5-116,8.0,Small
All,1,111111,"{AB, AVC, Atria, LV, OFT, RV}",000001,{Atria},11,4,4,000001,{Atria},E8.5-172,8.0,Small
All,1,111111,"{AB, AVC, Atria, LV, OFT, RV}",000001,{Atria},11,4,4,000001,{Atria},E8.5-193,10.0,Small
All,1,111111,"{AB, AVC, Atria, LV, OFT, RV}",000001,{Atria},11,4,4,000001,{Atria},E8.5-20,16.0,Small
All,1,111111,"{AB, AVC, Atria, LV, OFT, RV}",000001,{Atria},11,4,4,000001,{Atria},E8.5-138,16.0,Small
All,1,111111,"{AB, AVC, Atria, LV, OFT, RV}",000001,{Atria},11,4,4,000001,{Atria},E8.5-110,17.0,Small
All,1,111111,"{AB, AVC, Atria, LV, OFT, RV}",000001,{Atria},11,4,4,000001,{Atria},E8.5-221,20.0,Small
All,1,111111,"{AB, AVC, Atria, LV, OFT, RV}",000001,{Atria},11,4,4,000001,{Atria},E8.5-16,25.0,Small
All,1,111111,"{AB, AVC, Atria, LV, OFT, RV}",000001,{Atria},11,4,4,000001,{Atria},E8.5-201,42.0,Large
All,1,111111,"{AB, AVC, Atria, LV, OFT, RV}",000001,{Atria},12,4,0,111111,"{AB, AVC, Atria, LV, OFT, RV}",E8.5-2,82.0,Large
All,1,111111,"{AB, AVC, Atria, LV, OFT, RV}",000001,{Atria},12,4,0,111111,"{AB, AVC, Atria, LV, OFT, RV}",E8.5-170,142.0,
All,1,111111,"{AB, AVC, Atria, LV, OFT, RV}",000001,{Atria},12,4,0,111111,"{AB, AVC, Atria, LV, OFT, RV}",E8.5-204,40.0,Large
All,1,111111,"{AB, AVC, Atria, LV, OFT, RV}",000001,{Atria},12,4,0,111111,"{AB, AVC, Atria, LV, OFT, RV}",E8.5-60,23.0,Small
All,1,111111,"{AB, AVC, Atria, LV, OFT, RV}",000001,{Atria},12,4,0,111111,"{AB, AVC, Atria, LV, OFT, RV}",E8.5-155,6.0,Small
All,1,111111,"{AB, AVC, Atria, LV, OFT, RV}",000001,{Atria},12,4,0,111111,"{AB, AVC, Atria, LV, OFT, RV}",E8.5-35,17.0,Small
All,1,111111,"{AB, AVC, Atria, LV, OFT, RV}",000001,{Atria},12,4,0,111111,"{AB, AVC, Atria, LV, OFT, RV}",E8.5-44,37.0,Large
All,1,111111,"{AB, AVC, Atria, LV, OFT, RV}",000001,{Atria},12,4,0,111111,"{AB, AVC, Atria, LV, OFT, RV}",E8.5-178,4.0,Small
All,1,111111,"{AB, AVC, Atria, LV, OFT, RV}",000001,{Atria},12,4,0,111111,"{AB, AVC, Atria, LV, OFT, RV}",E8.5-146,4.0,Small
All,1,111111,"{AB, AVC, Atria, LV, OFT, RV}",000001,{Atria},12,4,0,111111,"{AB, AVC, Atria, LV, OFT, RV}",E8.5-21,5.0,Small
All,1,111111,"{AB, AVC, Atria, LV, OFT, RV}",000001,{Atria},12,4,0,111111,"{AB, AVC, Atria, LV, OFT, RV}",E8.5-224,6.0,Small
All,1,111111,"{AB, AVC, Atria, LV, OFT, RV}",000001,{Atria},12,4,0,111111,"{AB, AVC, Atria, LV, OFT, RV}",E8.5-6,7.0,Small
All,1,111111,"{AB, AVC, Atria, LV, OFT, RV}",000001,{Atria},12,4,0,111111,"{AB, AVC, Atria, LV, OFT, RV}",E8.5-7,7.0,Small
All,1,111111,"{AB, AVC, Atria, LV, OFT, RV}",000001,{Atria},12,4,0,111111,"{AB, AVC, Atria, LV, OFT, RV}",E8.5-116,8.0,Small
All,1,111111,"{AB, AVC, Atria, LV, OFT, RV}",000001,{Atria},12,4,0,111111,"{AB, AVC, Atria, LV, OFT, RV}",E8.5-172,8.0,Small
All,1,111111,"{AB, AVC, Atria, LV, OFT, RV}",000001,{Atria},12,4,0,111111,"{AB, AVC, Atria, LV, OFT, RV}",E8.5-193,10.0,Small
All,1,111111,"{AB, AVC, Atria, LV, OFT, RV}",000001,{Atria},12,4,0,111111,"{AB, AVC, Atria, LV, OFT, RV}",E8.5-20,16.0,Small
All,1,111111,"{AB, AVC, Atria, LV, OFT, RV}",000001,{Atria},12,4,0,111111,"{AB, AVC, Atria, LV, OFT, RV}",E8.5-138,16.0,Small
All,1,111111,"{AB, AVC, Atria, LV, OFT, RV}",000001,{Atria},12,4,0,111111,"{AB, AVC, Atria, LV, OFT, RV}",E8.5-110,17.0,Small
All,1,111111,"{AB, AVC, Atria, LV, OFT, RV}",000001,{Atria},12,4,0,111111,"{AB, AVC, Atria, LV, OFT, RV}",E8.5-221,20.0,Small
All,1,111111,"{AB, AVC, Atria, LV, OFT, RV}",000001,{Atria},12,4,0,111111,"{AB, AVC, Atria, LV, OFT, RV}",E8.5-16,25.0,Small
All,1,111111,"{AB, AVC, Atria, LV, OFT, RV}",000001,{Atria},12,4,0,111111,"{AB, AVC, Atria, LV, OFT, RV}",E8.5-201,42.0,Large
All,1,111111,"{AB, AVC, Atria, LV, OFT, RV}",000001,{Atria},12,4,1,110011,"{AB, Atria, OFT, RV}",E8.5-2,82.0,Large
All,1,111111,"{AB, AVC, Atria, LV, OFT, RV}",000001,{Atria},12,4,1,110011,"{AB, Atria, OFT, RV}",E8.5-170,142.0,
All,1,111111,"{AB, AVC, Atria, LV, OFT, RV}",000001,{Atria},12,4,1,110011,"{AB, Atria, OFT, RV}",E8.5-204,40.0,Large
All,1,111111,"{AB, AVC, Atria, LV, OFT, RV}",000001,{Atria},12,4,1,110011,"{AB, Atria, OFT, RV}",E8.5-60,23.0,Small
All,1,111111,"{AB, AVC, Atria, LV, OFT, RV}",000001,{Atria},12,4,1,110011,"{AB, Atria, OFT, RV}",E8.5-155,6.0,Small
All,1,111111,"{AB, AVC, Atria, LV, OFT, RV}",000001,{Atria},12,4,1,110011,"{AB, Atria, OFT, RV}",E8.5-35,17.0,Small
All,1,111111,"{AB, AVC, Atria, LV, OFT, RV}",000001,{Atria},12,4,1,110011,"{AB, Atria, OFT, RV}",E8.5-44,37.0,Large
All,1,111111,"{AB, AVC, Atria, LV, OFT, RV}",000001,{Atria},12,4,1,110011,"{AB, Atria, OFT, RV}",E8.5-178,4.0,Small
All,1,111111,"{AB, AVC, Atria, LV, OFT, RV}",000001,{Atria},12,4,1,110011,"{AB, Atria, OFT, RV}",E8.5-146,4.0,Small
All,1,111111,"{AB, AVC, Atria, LV, OFT, RV}",000001,{Atria},12,4,1,110011,"{AB, Atria, OFT, RV}",E8.5-21,5.0,Small
All,1,111111,"{AB, AVC, Atria, LV, OFT, RV}",000001,{Atria},12,4,1,110011,"{AB, Atria, OFT, RV}",E8.5-224,6.0,Small
All,1,111111,"{AB, AVC, Atria, LV, OFT, RV}",000001,{Atria},12,4,1,110011,"{AB, Atria, OFT, RV}",E8.5-6,7.0,Small
All,1,111111,"{AB, AVC, Atria, LV, OFT, RV}",000001,{Atria},12,4,1,110011,"{AB, Atria, OFT, RV}",E8.5-7,7.0,Small
All,1,111111,"{AB, AVC, Atria, LV, OFT, RV}",000001,{Atria},12,4,1,110011,"{AB, Atria, OFT, RV}",E8.5-116,8.0,Small
All,1,111111,"{AB, AVC, Atria, LV, OFT, RV}",000001,{Atria},12,4,1,110011,"{AB, Atria, OFT, RV}",E8.5-172,8.0,Small
All,1,111111,"{AB, AVC, Atria, LV, OFT, RV}",000001,{Atria},12,4,1,110011,"{AB, Atria, OFT, RV}",E8.5-193,10.0,Small
All,1,111111,"{AB, AVC, Atria, LV, OFT, RV}",000001,{Atria},12,4,1,110011,"{AB, Atria, OFT, RV}",E8.5-20,16.0,Small
All,1,111111,"{AB, AVC, Atria, LV, OFT, RV}",000001,{Atria},12,4,1,110011,"{AB, Atria, OFT, RV}",E8.5-138,16.0,Small
All,1,111111,"{AB, AVC, Atria, LV, OFT, RV}",000001,{Atria},12,4,1,110011,"{AB, Atria, OFT, RV}",E8.5-110,17.0,Small
All,1,111111,"{AB, AVC, Atria, LV, OFT, RV}",000001,{Atria},12,4,1,110011,"{AB, Atria, OFT, RV}",E8.5-221,20.0,Small
All,1,111111,"{AB, AVC, Atria, LV, OFT, RV}",000001,{Atria},12,4,1,110011,"{AB, Atria, OFT, RV}",E8.5-16,25.0,Small
All,1,111111,"{AB, AVC, Atria, LV, OFT, RV}",000001,{Atria},12,4,1,110011,"{AB, Atria, OFT, RV}",E8.5-201,42.0,Large
All,1,111111,"{AB, AVC, Atria, LV, OFT, RV}",000001,{Atria},12,4,2,100011,"{AB, Atria, OFT}",E8.5-2,82.0,Large
All,1,111111,"{AB, AVC, Atria, LV, OFT, RV}",000001,{Atria},12,4,2,100011,"{AB, Atria, OFT}",E8.5-170,142.0,
All,1,111111,"{AB, AVC, Atria, LV, OFT, RV}",000001,{Atria},12,4,2,100011,"{AB, Atria, OFT}",E8.5-204,40.0,Large
All,1,111111,"{AB, AVC, Atria, LV, OFT, RV}",000001,{Atria},12,4,2,100011,"{AB, Atria, OFT}",E8.5-60,23.0,Small
All,1,111111,"{AB, AVC, Atria, LV, OFT, RV}",000001,{Atria},12,4,2,100011,"{AB, Atria, OFT}",E8.5-155,6.0,Small
All,1,111111,"{AB, AVC, Atria, LV, OFT, RV}",000001,{Atria},12,4,2,100011,"{AB, Atria, OFT}",E8.5-35,17.0,Small
All,1,111111,"{AB, AVC, Atria, LV, OFT, RV}",000001,{Atria},12,4,2,100011,"{AB, Atria, OFT}",E8.5-44,37.0,Large
All,1,111111,"{AB, AVC, Atria, LV, OFT, RV}",000001,{Atria},12,4,2,100011,"{AB, Atria, OFT}",E8.5-178,4.0,Small
All,1,111111,"{AB, AVC, Atria, LV, OFT, RV}",000001,{Atria},12,4,2,100011,"{AB, Atria, OFT}",E8.5-146,4.0,Small
All,1,111111,"{AB, AVC, Atria, LV, OFT, RV}",000001,{Atria},12,4,2,100011,"{AB, Atria, OFT}",E8.5-21,5.0,Small
All,1,111111,"{AB, AVC, Atria, LV, OFT, RV}",000001,{Atria},12,4,2,100011,"{AB, Atria, OFT}",E8.5-224,6.0,Small
All,1,111111,"{AB, AVC, Atria, LV, OFT, RV}",000001,{Atria},12,4,2,100011,"{AB, Atria, OFT}",E8.5-6,7.0,Small
All,1,111111,"{AB, AVC, Atria, LV, OFT, RV}",000001,{Atria},12,4,2,100011,"{AB, Atria, OFT}",E8.5-7,7.0,Small
All,1,111111,"{AB, AVC, Atria, LV, OFT, RV}",000001,{Atria},12,4,2,100011,"{AB, Atria, OFT}",E8.5-116,8.0,Small
All,1,111111,"{AB, AVC, Atria, LV, OFT, RV}",000001,{Atria},12,4,2,100011,"{AB, Atria, OFT}",E8.5-172,8.0,Small
All,1,111111,"{AB, AVC, Atria, LV, OFT, RV}",000001,{Atria},12,4,2,100011,"{AB, Atria, OFT}",E8.5-193,10.0,Small
All,1,111111,"{AB, AVC, Atria, LV, OFT, RV}",000001,{Atria},12,4,2,100011,"{AB, Atria, OFT}",E8.5-20,16.0,Small
All,1,111111,"{AB, AVC, Atria, LV, OFT, RV}",000001,{Atria},12,4,2,100011,"{AB, Atria, OFT}",E8.5-138,16.0,Small
All,1,111111,"{AB, AVC, Atria, LV, OFT, RV}",000001,{Atria},12,4,2,100011,"{AB, Atria, OFT}",E8.5-110,17.0,Small
All,1,111111,"{AB, AVC, Atria, LV, OFT, RV}",000001,{Atria},12,4,2,100011,"{AB, Atria, OFT}",E8.5-221,20.0,Small
All,1,111111,"{AB, AVC, Atria, LV, OFT, RV}",000001,{Atria},12,4,2,100011,"{AB, Atria, OFT}",E8.5-16,25.0,Small
All,1,111111,"{AB, AVC, Atria, LV, OFT, RV}",000001,{Atria},12,4,2,100011,"{AB, Atria, OFT}",E8.5-201,42.0,Large
All,1,111111,"{AB, AVC, Atria, LV, OFT, RV}",000001,{Atria},12,4,3,100001,"{Atria, OFT}",E8.5-2,82.0,Large
All,1,111111,"{AB, AVC, Atria, LV, OFT, RV}",000001,{Atria},12,4,3,100001,"{Atria, OFT}",E8.5-170,142.0,
All,1,111111,"{AB, AVC, Atria, LV, OFT, RV}",000001,{Atria},12,4,3,100001,"{Atria, OFT}",E8.5-204,40.0,Large
All,1,111111,"{AB, AVC, Atria, LV, OFT, RV}",000001,{Atria},12,4,3,100001,"{Atria, OFT}",E8.5-60,23.0,Small
All,1,111111,"{AB, AVC, Atria, LV, OFT, RV}",000001,{Atria},12,4,3,100001,"{Atria, OFT}",E8.5-155,6.0,Small
All,1,111111,"{AB, AVC, Atria, LV, OFT, RV}",000001,{Atria},12,4,3,100001,"{Atria, OFT}",E8.5-35,17.0,Small
All,1,111111,"{AB, AVC, Atria, LV, OFT, RV}",000001,{Atria},12,4,3,100001,"{Atria, OFT}",E8.5-44,37.0,Large
All,1,111111,"{AB, AVC, Atria, LV, OFT, RV}",000001,{Atria},12,4,3,100001,"{Atria, OFT}",E8.5-178,4.0,Small
All,1,111111,"{AB, AVC, Atria, LV, OFT, RV}",000001,{Atria},12,4,3,100001,"{Atria, OFT}",E8.5-146,4.0,Small
All,1,111111,"{AB, AVC, Atria, LV, OFT, RV}",000001,{Atria},12,4,3,100001,"{Atria, OFT}",E8.5-21,5.0,Small
All,1,111111,"{AB, AVC, Atria, LV, OFT, RV}",000001,{Atria},12,4,3,100001,"{Atria, OFT}",E8.5-224,6.0,Small
All,1,111111,"{AB, AVC, Atria, LV, OFT, RV}",000001,{Atria},12,4,3,100001,"{Atria, OFT}",E8.5-6,7.0,Small
All,1,111111,"{AB, AVC, Atria, LV, OFT, RV}",000001,{Atria},12,4,3,100001,"{Atria, OFT}",E8.5-7,7.0,Small
All,1,111111,"{AB, AVC, Atria, LV, OFT, RV}",000001,{Atria},12,4,3,100001,"{Atria, OFT}",E8.5-116,8.0,Small
All,1,111111,"{AB, AVC, Atria, LV, OFT, RV}",000001,{Atria},12,4,3,100001,"{Atria, OFT}",E8.5-172,8.0,Small
All,1,111111,"{AB, AVC, Atria, LV, OFT, RV}",000001,{Atria},12,4,3,100001,"{Atria, OFT}",E8.5-193,10.0,Small
All,1,111111,"{AB, AVC, Atria, LV, OFT, RV}",000001,{Atria},12,4,3,100001,"{Atria, OFT}",E8.5-20,16.0,Small
All,1,111111,"{AB, AVC, Atria, LV, OFT, RV}",000001,{Atria},12,4,3,100001,"{Atria, OFT}",E8.5-138,16.0,Small
All,1,111111,"{AB, AVC, Atria, LV, OFT, RV}",000001,{Atria},12,4,3,100001,"{Atria, OFT}",E8.5-110,17.0,Small
All,1,111111,"{AB, AVC, Atria, LV, OFT, RV}",000001,{Atria},12,4,3,100001,"{Atria, OFT}",E8.5-221,20.0,Small
All,1,111111,"{AB, AVC, Atria, LV, OFT, RV}",000001,{Atria},12,4,3,100001,"{Atria, OFT}",E8.5-16,25.0,Small
All,1,111111,"{AB, AVC, Atria, LV, OFT, RV}",000001,{Atria},12,4,3,100001,"{Atria, OFT}",E8.5-201,42.0,Large
All,1,111111,"{AB, AVC, Atria, LV, OFT, RV}",000001,{Atria},12,4,4,000001,{Atria},E8.5-2,82.0,Large
All,1,111111,"{AB, AVC, Atria, LV, OFT, RV}",000001,{Atria},12,4,4,000001,{Atria},E8.5-170,142.0,
All,1,111111,"{AB, AVC, Atria, LV, OFT, RV}",000001,{Atria},12,4,4,000001,{Atria},E8.5-204,40.0,Large
All,1,111111,"{AB, AVC, Atria, LV, OFT, RV}",000001,{Atria},12,4,4,000001,{Atria},E8.5-60,23.0,Small
All,1,111111,"{AB, AVC, Atria, LV, OFT, RV}",000001,{Atria},12,4,4,000001,{Atria},E8.5-155,6.0,Small
All,1,111111,"{AB, AVC, Atria, LV, OFT, RV}",000001,{Atria},12,4,4,000001,{Atria},E8.5-35,17.0,Small
All,1,111111,"{AB, AVC, Atria, LV, OFT, RV}",000001,{Atria},12,4,4,000001,{Atria},E8.5-44,37.0,Large
All,1,111111,"{AB, AVC, Atria, LV, OFT, RV}",000001,{Atria},12,4,4,000001,{Atria},E8.5-178,4.0,Small
All,1,111111,"{AB, AVC, Atria, LV, OFT, RV}",000001,{Atria},12,4,4,000001,{Atria},E8.5-146,4.0,Small
All,1,111111,"{AB, AVC, Atria, LV, OFT, RV}",000001,{Atria},12,4,4,000001,{Atria},E8.5-21,5.0,Small
All,1,111111,"{AB, AVC, Atria, LV, OFT, RV}",000001,{Atria},12,4,4,000001,{Atria},E8.5-224,6.0,Small
All,1,111111,"{AB, AVC, Atria, LV, OFT, RV}",000001,{Atria},12,4,4,000001,{Atria},E8.5-6,7.0,Small
All,1,111111,"{AB, AVC, Atria, LV, OFT, RV}",000001,{Atria},12,4,4,000001,{Atria},E8.5-7,7.0,Small
All,1,111111,"{AB, AVC, Atria, LV, OFT, RV}",000001,{Atria},12,4,4,000001,{Atria},E8.5-116,8.0,Small
All,1,111111,"{AB, AVC, Atria, LV, OFT, RV}",000001,{Atria},12,4,4,000001,{Atria},E8.5-172,8.0,Small
All,1,111111,"{AB, AVC, Atria, LV, OFT, RV}",000001,{Atria},12,4,4,000001,{Atria},E8.5-193,10.0,Small
All,1,111111,"{AB, AVC, Atria, LV, OFT, RV}",000001,{Atria},12,4,4,000001,{Atria},E8.5-20,16.0,Small
All,1,111111,"{AB, AVC, Atria, LV, OFT, RV}",000001,{Atria},12,4,4,000001,{Atria},E8.5-138,16.0,Small
All,1,111111,"{AB, AVC, Atria, LV, OFT, RV}",000001,{Atria},12,4,4,000001,{Atria},E8.5-110,17.0,Small
All,1,111111,"{AB, AVC, Atria, LV, OFT, RV}",000001,{Atria},12,4,4,000001,{Atria},E8.5-221,20.0,Small
All,1,111111,"{AB, AVC, Atria, LV, OFT, RV}",000001,{Atria},12,4,4,000001,{Atria},E8.5-16,25.0,Small
All,1,111111,"{AB, AVC, Atria, LV, OFT, RV}",000001,{Atria},12,4,4,000001,{Atria},E8.5-201,42.0,Large
All,1,111111,"{AB, AVC, Atria, LV, OFT, RV}",000001,{Atria},13,3,0,111111,"{AB, AVC, Atria, LV, OFT, RV}",E8.5-2,82.0,Large
All,1,111111,"{AB, AVC, Atria, LV, OFT, RV}",000001,{Atria},13,3,0,111111,"{AB, AVC, Atria, LV, OFT, RV}",E8.5-170,142.0,
All,1,111111,"{AB, AVC, Atria, LV, OFT, RV}",000001,{Atria},13,3,0,111111,"{AB, AVC, Atria, LV, OFT, RV}",E8.5-204,40.0,Large
All,1,111111,"{AB, AVC, Atria, LV, OFT, RV}",000001,{Atria},13,3,0,111111,"{AB, AVC, Atria, LV, OFT, RV}",E8.5-60,23.0,Small
All,1,111111,"{AB, AVC, Atria, LV, OFT, RV}",000001,{Atria},13,3,0,111111,"{AB, AVC, Atria, LV, OFT, RV}",E8.5-178,4.0,Small
All,1,111111,"{AB, AVC, Atria, LV, OFT, RV}",000001,{Atria},13,3,0,111111,"{AB, AVC, Atria, LV, OFT, RV}",E8.5-146,4.0,Small
All,1,111111,"{AB, AVC, Atria, LV, OFT, RV}",000001,{Atria},13,3,0,111111,"{AB, AVC, Atria, LV, OFT, RV}",E8.5-21,5.0,Small
All,1,111111,"{AB, AVC, Atria, LV, OFT, RV}",000001,{Atria},13,3,0,111111,"{AB, AVC, Atria, LV, OFT, RV}",E8.5-224,6.0,Small
All,1,111111,"{AB, AVC, Atria, LV, OFT, RV}",000001,{Atria},13,3,0,111111,"{AB, AVC, Atria, LV, OFT, RV}",E8.5-6,7.0,Small
All,1,111111,"{AB, AVC, Atria, LV, OFT, RV}",000001,{Atria},13,3,0,111111,"{AB, AVC, Atria, LV, OFT, RV}",E8.5-7,7.0,Small
All,1,111111,"{AB, AVC, Atria, LV, OFT, RV}",000001,{Atria},13,3,0,111111,"{AB, AVC, Atria, LV, OFT, RV}",E8.5-116,8.0,Small
All,1,111111,"{AB, AVC, Atria, LV, OFT, RV}",000001,{Atria},13,3,0,111111,"{AB, AVC, Atria, LV, OFT, RV}",E8.5-172,8.0,Small
All,1,111111,"{AB, AVC, Atria, LV, OFT, RV}",000001,{Atria},13,3,0,111111,"{AB, AVC, Atria, LV, OFT, RV}",E8.5-193,10.0,Small
All,1,111111,"{AB, AVC, Atria, LV, OFT, RV}",000001,{Atria},13,3,0,111111,"{AB, AVC, Atria, LV, OFT, RV}",E8.5-20,16.0,Small
All,1,111111,"{AB, AVC, Atria, LV, OFT, RV}",000001,{Atria},13,3,0,111111,"{AB, AVC, Atria, LV, OFT, RV}",E8.5-138,16.0,Small
All,1,111111,"{AB, AVC, Atria, LV, OFT, RV}",000001,{Atria},13,3,0,111111,"{AB, AVC, Atria, LV, OFT, RV}",E8.5-110,17.0,Small
All,1,111111,"{AB, AVC, Atria, LV, OFT, RV}",000001,{Atria},13,3,0,111111,"{AB, AVC, Atria, LV, OFT, RV}",E8.5-221,20.0,Small
All,1,111111,"{AB, AVC, Atria, LV, OFT, RV}",000001,{Atria},13,3,0,111111,"{AB, AVC, Atria, LV, OFT, RV}",E8.5-16,25.0,Small
All,1,111111,"{AB, AVC, Atria, LV, OFT, RV}",000001,{Atria},13,3,0,111111,"{AB, AVC, Atria, LV, OFT, RV}",E8.5-201,42.0,Large
All,1,111111,"{AB, AVC, Atria, LV, OFT, RV}",000001,{Atria},13,3,1,110011,"{AB, Atria, OFT, RV}",E8.5-2,82.0,Large
All,1,111111,"{AB, AVC, Atria, LV, OFT, RV}",000001,{Atria},13,3,1,110011,"{AB, Atria, OFT, RV}",E8.5-170,142.0,
All,1,111111,"{AB, AVC, Atria, LV, OFT, RV}",000001,{Atria},13,3,1,110011,"{AB, Atria, OFT, RV}",E8.5-204,40.0,Large
All,1,111111,"{AB, AVC, Atria, LV, OFT, RV}",000001,{Atria},13,3,1,110011,"{AB, Atria, OFT, RV}",E8.5-60,23.0,Small
All,1,111111,"{AB, AVC, Atria, LV, OFT, RV}",000001,{Atria},13,3,1,110011,"{AB, Atria, OFT, RV}",E8.5-178,4.0,Small
All,1,111111,"{AB, AVC, Atria, LV, OFT, RV}",000001,{Atria},13,3,1,110011,"{AB, Atria, OFT, RV}",E8.5-146,4.0,Small
All,1,111111,"{AB, AVC, Atria, LV, OFT, RV}",000001,{Atria},13,3,1,110011,"{AB, Atria, OFT, RV}",E8.5-21,5.0,Small
All,1,111111,"{AB, AVC, Atria, LV, OFT, RV}",000001,{Atria},13,3,1,110011,"{AB, Atria, OFT, RV}",E8.5-224,6.0,Small
All,1,111111,"{AB, AVC, Atria, LV, OFT, RV}",000001,{Atria},13,3,1,110011,"{AB, Atria, OFT, RV}",E8.5-6,7.0,Small
All,1,111111,"{AB, AVC, Atria, LV, OFT, RV}",000001,{Atria},13,3,1,110011,"{AB, Atria, OFT, RV}",E8.5-7,7.0,Small
All,1,111111,"{AB, AVC, Atria, LV, OFT, RV}",000001,{Atria},13,3,1,110011,"{AB, Atria, OFT, RV}",E8.5-116,8.0,Small
All,1,111111,"{AB, AVC, Atria, LV, OFT, RV}",000001,{Atria},13,3,1,110011,"{AB, Atria, OFT, RV}",E8.5-172,8.0,Small
All,1,111111,"{AB, AVC, Atria, LV, OFT, RV}",000001,{Atria},13,3,1,110011,"{AB, Atria, OFT, RV}",E8.5-193,10.0,Small
All,1,111111,"{AB, AVC, Atria, LV, OFT, RV}",000001,{Atria},13,3,1,110011,"{AB, Atria, OFT, RV}",E8.5-20,16.0,Small
All,1,111111,"{AB, AVC, Atria, LV, OFT, RV}",000001,{Atria},13,3,1,110011,"{AB, Atria, OFT, RV}",E8.5-138,16.0,Small
All,1,111111,"{AB, AVC, Atria, LV, OFT, RV}",000001,{Atria},13,3,1,110011,"{AB, Atria, OFT, RV}",E8.5-110,17.0,Small
All,1,111111,"{AB, AVC, Atria, LV, OFT, RV}",000001,{Atria},13,3,1,110011,"{AB, Atria, OFT, RV}",E8.5-221,20.0,Small
All,1,111111,"{AB, AVC, Atria, LV, OFT, RV}",000001,{Atria},13,3,1,110011,"{AB, Atria, OFT, RV}",E8.5-16,25.0,Small
All,1,111111,"{AB, AVC, Atria, LV, OFT, RV}",000001,{Atria},13,3,1,110011,"{AB, Atria, OFT, RV}",E8.5-201,42.0,Large
All,1,111111,"{AB, AVC, Atria, LV, OFT, RV}",000001,{Atria},13,3,2,100011,"{AB, Atria, OFT}",E8.5-2,82.0,Large
All,1,111111,"{AB, AVC, Atria, LV, OFT, RV}",000001,{Atria},13,3,2,100011,"{AB, Atria, OFT}",E8.5-170,142.0,
All,1,111111,"{AB, AVC, Atria, LV, OFT, RV}",000001,{Atria},13,3,2,100011,"{AB, Atria, OFT}",E8.5-204,40.0,Large
All,1,111111,"{AB, AVC, Atria, LV, OFT, RV}",000001,{Atria},13,3,2,100011,"{AB, Atria, OFT}",E8.5-60,23.0,Small
All,1,111111,"{AB, AVC, Atria, LV, OFT, RV}",000001,{Atria},13,3,2,100011,"{AB, Atria, OFT}",E8.5-178,4.0,Small
All,1,111111,"{AB, AVC, Atria, LV, OFT, RV}",000001,{Atria},13,3,2,100011,"{AB, Atria, OFT}",E8.5-146,4.0,Small
All,1,111111,"{AB, AVC, Atria, LV, OFT, RV}",000001,{Atria},13,3,2,100011,"{AB, Atria, OFT}",E8.5-21,5.0,Small
All,1,111111,"{AB, AVC, Atria, LV, OFT, RV}",000001,{Atria},13,3,2,100011,"{AB, Atria, OFT}",E8.5-224,6.0,Small
All,1,111111,"{AB, AVC, Atria, LV, OFT, RV}",000001,{Atria},13,3,2,100011,"{AB, Atria, OFT}",E8.5-6,7.0,Small
All,1,111111,"{AB, AVC, Atria, LV, OFT, RV}",000001,{Atria},13,3,2,100011,"{AB, Atria, OFT}",E8.5-7,7.0,Small
All,1,111111,"{AB, AVC, Atria, LV, OFT, RV}",000001,{Atria},13,3,2,100011,"{AB, Atria, OFT}",E8.5-116,8.0,Small
All,1,111111,"{AB, AVC, Atria, LV, OFT, RV}",000001,{Atria},13,3,2,100011,"{AB, Atria, OFT}",E8.5-172,8.0,Small
All,1,111111,"{AB, AVC, Atria, LV, OFT, RV}",000001,{Atria},13,3,2,100011,"{AB, Atria, OFT}",E8.5-193,10.0,Small
All,1,111111,"{AB, AVC, Atria, LV, OFT, RV}",000001,{Atria},13,3,2,100011,"{AB, Atria, OFT}",E8.5-20,16.0,Small
All,1,111111,"{AB, AVC, Atria, LV, OFT, RV}",000001,{Atria},13,3,2,100011,"{AB, Atria, OFT}",E8.5-138,16.0,Small
All,1,111111,"{AB, AVC, Atria, LV, OFT, RV}",000001,{Atria},13,3,2,100011,"{AB, Atria, OFT}",E8.5-110,17.0,Small
All,1,111111,"{AB, AVC, Atria, LV, OFT, RV}",000001,{Atria},13,3,2,100011,"{AB, Atria, OFT}",E8.5-221,20.0,Small
All,1,111111,"{AB, AVC, Atria, LV, OFT, RV}",000001,{Atria},13,3,2,100011,"{AB, Atria, OFT}",E8.5-16,25.0,Small
All,1,111111,"{AB, AVC, Atria, LV, OFT, RV}",000001,{Atria},13,3,2,100011,"{AB, Atria, OFT}",E8.5-201,42.0,Large
All,1,111111,"{AB, AVC, Atria, LV, OFT, RV}",000001,{Atria},13,3,3,000001,{Atria},E8.5-2,82.0,Large
All,1,111111,"{AB, AVC, Atria, LV, OFT, RV}",000001,{Atria},13,3,3,000001,{Atria},E8.5-170,142.0,
All,1,111111,"{AB, AVC, Atria, LV, OFT, RV}",000001,{Atria},13,3,3,000001,{Atria},E8.5-204,40.0,Large
All,1,111111,"{AB, AVC, Atria, LV, OFT, RV}",000001,{Atria},13,3,3,000001,{Atria},E8.5-60,23.0,Small
All,1,111111,"{AB, AVC, Atria, LV, OFT, RV}",000001,{Atria},13,3,3,000001,{Atria},E8.5-178,4.0,Small
All,1,111111,"{AB, AVC, Atria, LV, OFT, RV}",000001,{Atria},13,3,3,000001,{Atria},E8.5-146,4.0,Small
All,1,111111,"{AB, AVC, Atria, LV, OFT, RV}",000001,{Atria},13,3,3,000001,{Atria},E8.5-21,5.0,Small
All,1,111111,"{AB, AVC, Atria, LV, OFT, RV}",000001,{Atria},13,3,3,000001,{Atria},E8.5-224,6.0,Small
All,1,111111,"{AB, AVC, Atria, LV, OFT, RV}",000001,{Atria},13,3,3,000001,{Atria},E8.5-6,7.0,Small
All,1,111111,"{AB, AVC, Atria, LV, OFT, RV}",000001,{Atria},13,3,3,000001,{Atria},E8.5-7,7.0,Small
All,1,111111,"{AB, AVC, Atria, LV, OFT, RV}",000001,{Atria},13,3,3,000001,{Atria},E8.5-116,8.0,Small
All,1,111111,"{AB, AVC, Atria, LV, OFT, RV}",000001,{Atria},13,3,3,000001,{Atria},E8.5-172,8.0,Small
All,1,111111,"{AB, AVC, Atria, LV, OFT, RV}",000001,{Atria},13,3,3,000001,{Atria},E8.5-193,10.0,Small
All,1,111111,"{AB, AVC, Atria, LV, OFT, RV}",000001,{Atria},13,3,3,000001,{Atria},E8.5-20,16.0,Small
All,1,111111,"{AB, AVC, Atria, LV, OFT, RV}",000001,{Atria},13,3,3,000001,{Atria},E8.5-138,16.0,Small
All,1,111111,"{AB, AVC, Atria, LV, OFT, RV}",000001,{Atria},13,3,3,000001,{Atria},E8.5-110,17.0,Small
All,1,111111,"{AB, AVC, Atria, LV, OFT, RV}",000001,{Atria},13,3,3,000001,{Atria},E8.5-221,20.0,Small
All,1,111111,"{AB, AVC, Atria, LV, OFT, RV}",000001,{Atria},13,3,3,000001,{Atria},E8.5-16,25.0,Small
All,1,111111,"{AB, AVC, Atria, LV, OFT, RV}",000001,{Atria},13,3,3,000001,{Atria},E8.5-201,42.0,Large
All,1,111111,"{AB, AVC, Atria, LV, OFT, RV}",000001,{Atria},14,3,0,111111,"{AB, AVC, Atria, LV, OFT, RV}",E8.5-2,82.0,Large
All,1,111111,"{AB, AVC, Atria, LV, OFT, RV}",000001,{Atria},14,3,0,111111,"{AB, AVC, Atria, LV, OFT, RV}",E8.5-170,142.0,
All,1,111111,"{AB, AVC, Atria, LV, OFT, RV}",000001,{Atria},14,3,0,111111,"{AB, AVC, Atria, LV, OFT, RV}",E8.5-204,40.0,Large
All,1,111111,"{AB, AVC, Atria, LV, OFT, RV}",000001,{Atria},14,3,0,111111,"{AB, AVC, Atria, LV, OFT, RV}",E8.5-15,12.0,Small
All,1,111111,"{AB, AVC, Atria, LV, OFT, RV}",000001,{Atria},14,3,0,111111,"{AB, AVC, Atria, LV, OFT, RV}",E8.5-144,20.0,Small
All,1,111111,"{AB, AVC, Atria, LV, OFT, RV}",000001,{Atria},14,3,0,111111,"{AB, AVC, Atria, LV, OFT, RV}",E8.5-227,30.0,Small
All,1,111111,"{AB, AVC, Atria, LV, OFT, RV}",000001,{Atria},14,3,0,111111,"{AB, AVC, Atria, LV, OFT, RV}",E8.5-178,4.0,Small
All,1,111111,"{AB, AVC, Atria, LV, OFT, RV}",000001,{Atria},14,3,0,111111,"{AB, AVC, Atria, LV, OFT, RV}",E8.5-146,4.0,Small
All,1,111111,"{AB, AVC, Atria, LV, OFT, RV}",000001,{Atria},14,3,0,111111,"{AB, AVC, Atria, LV, OFT, RV}",E8.5-21,5.0,Small
All,1,111111,"{AB, AVC, Atria, LV, OFT, RV}",000001,{Atria},14,3,0,111111,"{AB, AVC, Atria, LV, OFT, RV}",E8.5-224,6.0,Small
All,1,111111,"{AB, AVC, Atria, LV, OFT, RV}",000001,{Atria},14,3,0,111111,"{AB, AVC, Atria, LV, OFT, RV}",E8.5-6,7.0,Small
All,1,111111,"{AB, AVC, Atria, LV, OFT, RV}",000001,{Atria},14,3,0,111111,"{AB, AVC, Atria, LV, OFT, RV}",E8.5-7,7.0,Small
All,1,111111,"{AB, AVC, Atria, LV, OFT, RV}",000001,{Atria},14,3,0,111111,"{AB, AVC, Atria, LV, OFT, RV}",E8.5-116,8.0,Small
All,1,111111,"{AB, AVC, Atria, LV, OFT, RV}",000001,{Atria},14,3,0,111111,"{AB, AVC, Atria, LV, OFT, RV}",E8.5-172,8.0,Small
All,1,111111,"{AB, AVC, Atria, LV, OFT, RV}",000001,{Atria},14,3,0,111111,"{AB, AVC, Atria, LV, OFT, RV}",E8.5-193,10.0,Small
All,1,111111,"{AB, AVC, Atria, LV, OFT, RV}",000001,{Atria},14,3,0,111111,"{AB, AVC, Atria, LV, OFT, RV}",E8.5-20,16.0,Small
All,1,111111,"{AB, AVC, Atria, LV, OFT, RV}",000001,{Atria},14,3,0,111111,"{AB, AVC, Atria, LV, OFT, RV}",E8.5-138,16.0,Small
All,1,111111,"{AB, AVC, Atria, LV, OFT, RV}",000001,{Atria},14,3,0,111111,"{AB, AVC, Atria, LV, OFT, RV}",E8.5-110,17.0,Small
All,1,111111,"{AB, AVC, Atria, LV, OFT, RV}",000001,{Atria},14,3,0,111111,"{AB, AVC, Atria, LV, OFT, RV}",E8.5-221,20.0,Small
All,1,111111,"{AB, AVC, Atria, LV, OFT, RV}",000001,{Atria},14,3,0,111111,"{AB, AVC, Atria, LV, OFT, RV}",E8.5-16,25.0,Small
All,1,111111,"{AB, AVC, Atria, LV, OFT, RV}",000001,{Atria},14,3,0,111111,"{AB, AVC, Atria, LV, OFT, RV}",E8.5-201,42.0,Large
All,1,111111,"{AB, AVC, Atria, LV, OFT, RV}",000001,{Atria},14,3,1,110011,"{AB, Atria, OFT, RV}",E8.5-2,82.0,Large
All,1,111111,"{AB, AVC, Atria, LV, OFT, RV}",000001,{Atria},14,3,1,110011,"{AB, Atria, OFT, RV}",E8.5-170,142.0,
All,1,111111,"{AB, AVC, Atria, LV, OFT, RV}",000001,{Atria},14,3,1,110011,"{AB, Atria, OFT, RV}",E8.5-204,40.0,Large
All,1,111111,"{AB, AVC, Atria, LV, OFT, RV}",000001,{Atria},14,3,1,110011,"{AB, Atria, OFT, RV}",E8.5-15,12.0,Small
All,1,111111,"{AB, AVC, Atria, LV, OFT, RV}",000001,{Atria},14,3,1,110011,"{AB, Atria, OFT, RV}",E8.5-144,20.0,Small
All,1,111111,"{AB, AVC, Atria, LV, OFT, RV}",000001,{Atria},14,3,1,110011,"{AB, Atria, OFT, RV}",E8.5-227,30.0,Small
All,1,111111,"{AB, AVC, Atria, LV, OFT, RV}",000001,{Atria},14,3,1,110011,"{AB, Atria, OFT, RV}",E8.5-178,4.0,Small
All,1,111111,"{AB, AVC, Atria, LV, OFT, RV}",000001,{Atria},14,3,1,110011,"{AB, Atria, OFT, RV}",E8.5-146,4.0,Small
All,1,111111,"{AB, AVC, Atria, LV, OFT, RV}",000001,{Atria},14,3,1,110011,"{AB, Atria, OFT, RV}",E8.5-21,5.0,Small
All,1,111111,"{AB, AVC, Atria, LV, OFT, RV}",000001,{Atria},14,3,1,110011,"{AB, Atria, OFT, RV}",E8.5-224,6.0,Small
All,1,111111,"{AB, AVC, Atria, LV, OFT, RV}",000001,{Atria},14,3,1,110011,"{AB, Atria, OFT, RV}",E8.5-6,7.0,Small
All,1,111111,"{AB, AVC, Atria, LV, OFT, RV}",000001,{Atria},14,3,1,110011,"{AB, Atria, OFT, RV}",E8.5-7,7.0,Small
All,1,111111,"{AB, AVC, Atria, LV, OFT, RV}",000001,{Atria},14,3,1,110011,"{AB, Atria, OFT, RV}",E8.5-116,8.0,Small
All,1,111111,"{AB, AVC, Atria, LV, OFT, RV}",000001,{Atria},14,3,1,110011,"{AB, Atria, OFT, RV}",E8.5-172,8.0,Small
All,1,111111,"{AB, AVC, Atria, LV, OFT, RV}",000001,{Atria},14,3,1,110011,"{AB, Atria, OFT, RV}",E8.5-193,10.0,Small
All,1,111111,"{AB, AVC, Atria, LV, OFT, RV}",000001,{Atria},14,3,1,110011,"{AB, Atria, OFT, RV}",E8.5-20,16.0,Small
All,1,111111,"{AB, AVC, Atria, LV, OFT, RV}",000001,{Atria},14,3,1,110011,"{AB, Atria, OFT, RV}",E8.5-138,16.0,Small
All,1,111111,"{AB, AVC, Atria, LV, OFT, RV}",000001,{Atria},14,3,1,110011,"{AB, Atria, OFT, RV}",E8.5-110,17.0,Small
All,1,111111,"{AB, AVC, Atria, LV, OFT, RV}",000001,{Atria},14,3,1,110011,"{AB, Atria, OFT, RV}",E8.5-221,20.0,Small
All,1,111111,"{AB, AVC, Atria, LV, OFT, RV}",000001,{Atria},14,3,1,110011,"{AB, Atria, OFT, RV}",E8.5-16,25.0,Small
All,1,111111,"{AB, AVC, Atria, LV, OFT, RV}",000001,{Atria},14,3,1,110011,"{AB, Atria, OFT, RV}",E8.5-201,42.0,Large
All,1,111111,"{AB, AVC, Atria, LV, OFT, RV}",000001,{Atria},14,3,2,000011,"{AB, Atria}",E8.5-2,82.0,Large
All,1,111111,"{AB, AVC, Atria, LV, OFT, RV}",000001,{Atria},14,3,2,000011,"{AB, Atria}",E8.5-170,142.0,
All,1,111111,"{AB, AVC, Atria, LV, OFT, RV}",000001,{Atria},14,3,2,000011,"{AB, Atria}",E8.5-204,40.0,Large
All,1,111111,"{AB, AVC, Atria, LV, OFT, RV}",000001,{Atria},14,3,2,000011,"{AB, Atria}",E8.5-15,12.0,Small
All,1,111111,"{AB, AVC, Atria, LV, OFT, RV}",000001,{Atria},14,3,2,000011,"{AB, Atria}",E8.5-144,20.0,Small
All,1,111111,"{AB, AVC, Atria, LV, OFT, RV}",000001,{Atria},14,3,2,000011,"{AB, Atria}",E8.5-227,30.0,Small
All,1,111111,"{AB, AVC, Atria, LV, OFT, RV}",000001,{Atria},14,3,2,000011,"{AB, Atria}",E8.5-178,4.0,Small
All,1,111111,"{AB, AVC, Atria, LV, OFT, RV}",000001,{Atria},14,3,2,000011,"{AB, Atria}",E8.5-146,4.0,Small
All,1,111111,"{AB, AVC, Atria, LV, OFT, RV}",000001,{Atria},14,3,2,000011,"{AB, Atria}",E8.5-21,5.0,Small
All,1,111111,"{AB, AVC, Atria, LV, OFT, RV}",000001,{Atria},14,3,2,000011,"{AB, Atria}",E8.5-224,6.0,Small
All,1,111111,"{AB, AVC, Atria, LV, OFT, RV}",000001,{Atria},14,3,2,000011,"{AB, Atria}",E8.5-6,7.0,Small
All,1,111111,"{AB, AVC, Atria, LV, OFT, RV}",000001,{Atria},14,3,2,000011,"{AB, Atria}",E8.5-7,7.0,Small
All,1,111111,"{AB, AVC, Atria, LV, OFT, RV}",000001,{Atria},14,3,2,000011,"{AB, Atria}",E8.5-116,8.0,Small
All,1,111111,"{AB, AVC, Atria, LV, OFT, RV}",000001,{Atria},14,3,2,000011,"{AB, Atria}",E8.5-172,8.0,Small
All,1,111111,"{AB, AVC, Atria, LV, OFT, RV}",000001,{Atria},14,3,2,000011,"{AB, Atria}",E8.5-193,10.0,Small
All,1,111111,"{AB, AVC, Atria, LV, OFT, RV}",000001,{Atria},14,3,2,000011,"{AB, Atria}",E8.5-20,16.0,Small
All,1,111111,"{AB, AVC, Atria, LV, OFT, RV}",000001,{Atria},14,3,2,000011,"{AB, Atria}",E8.5-138,16.0,Small
All,1,111111,"{AB, AVC, Atria, LV, OFT, RV}",000001,{Atria},14,3,2,000011,"{AB, Atria}",E8.5-110,17.0,Small
All,1,111111,"{AB, AVC, Atria, LV, OFT, RV}",000001,{Atria},14,3,2,000011,"{AB, Atria}",E8.5-221,20.0,Small
All,1,111111,"{AB, AVC, Atria, LV, OFT, RV}",000001,{Atria},14,3,2,000011,"{AB, Atria}",E8.5-16,25.0,Small
All,1,111111,"{AB, AVC, Atria, LV, OFT, RV}",000001,{Atria},14,3,2,000011,"{AB, Atria}",E8.5-201,42.0,Large
All,1,111111,"{AB, AVC, Atria, LV, OFT, RV}",000001,{Atria},14,3,3,000001,{Atria},E8.5-2,82.0,Large
All,1,111111,"{AB, AVC, Atria, LV, OFT, RV}",000001,{Atria},14,3,3,000001,{Atria},E8.5-170,142.0,
All,1,111111,"{AB, AVC, Atria, LV, OFT, RV}",000001,{Atria},14,3,3,000001,{Atria},E8.5-204,40.0,Large
All,1,111111,"{AB, AVC, Atria, LV, OFT, RV}",000001,{Atria},14,3,3,000001,{Atria},E8.5-15,12.0,Small
All,1,111111,"{AB, AVC, Atria, LV, OFT, RV}",000001,{Atria},14,3,3,000001,{Atria},E8.5-144,20.0,Small
All,1,111111,"{AB, AVC, Atria, LV, OFT, RV}",000001,{Atria},14,3,3,000001,{Atria},E8.5-227,30.0,Small
All,1,111111,"{AB, AVC, Atria, LV, OFT, RV}",000001,{Atria},14,3,3,000001,{Atria},E8.5-178,4.0,Small
All,1,111111,"{AB, AVC, Atria, LV, OFT, RV}",000001,{Atria},14,3,3,000001,{Atria},E8.5-146,4.0,Small
All,1,111111,"{AB, AVC, Atria, LV, OFT, RV}",000001,{Atria},14,3,3,000001,{Atria},E8.5-21,5.0,Small
All,1,111111,"{AB, AVC, Atria, LV, OFT, RV}",000001,{Atria},14,3,3,000001,{Atria},E8.5-224,6.0,Small
All,1,111111,"{AB, AVC, Atria, LV, OFT, RV}",000001,{Atria},14,3,3,000001,{Atria},E8.5-6,7.0,Small
All,1,111111,"{AB, AVC, Atria, LV, OFT, RV}",000001,{Atria},14,3,3,000001,{Atria},E8.5-7,7.0,Small
All,1,111111,"{AB, AVC, Atria, LV, OFT, RV}",000001,{Atria},14,3,3,000001,{Atria},E8.5-116,8.0,Small
All,1,111111,"{AB, AVC, Atria, LV, OFT, RV}",000001,{Atria},14,3,3,000001,{Atria},E8.5-172,8.0,Small
All,1,111111,"{AB, AVC, Atria, LV, OFT, RV}",000001,{Atria},14,3,3,000001,{Atria},E8.5-193,10.0,Small
All,1,111111,"{AB, AVC, Atria, LV, OFT, RV}",000001,{Atria},14,3,3,000001,{Atria},E8.5-20,16.0,Small
All,1,111111,"{AB, AVC, Atria, LV, OFT, RV}",000001,{Atria},14,3,3,000001,{Atria},E8.5-138,16.0,Small
All,1,111111,"{AB, AVC, Atria, LV, OFT, RV}",000001,{Atria},14,3,3,000001,{Atria},E8.5-110,17.0,Small
All,1,111111,"{AB, AVC, Atria, LV, OFT, RV}",000001,{Atria},14,3,3,000001,{Atria},E8.5-221,20.0,Small
All,1,111111,"{AB, AVC, Atria, LV, OFT, RV}",000001,{Atria},14,3,3,000001,{Atria},E8.5-16,25.0,Small
All,1,111111,"{AB, AVC, Atria, LV, OFT, RV}",000001,{Atria},14,3,3,000001,{Atria},E8.5-201,42.0,Large
All,1,111111,"{AB, AVC, Atria, LV, OFT, RV}",000001,{Atria},15,4,0,111111,"{AB, AVC, Atria, LV, OFT, RV}",E8.5-2,82.0,Large
All,1,111111,"{AB, AVC, Atria, LV, OFT, RV}",000001,{Atria},15,4,0,111111,"{AB, AVC, Atria, LV, OFT, RV}",E8.5-170,142.0,
All,1,111111,"{AB, AVC, Atria, LV, OFT, RV}",000001,{Atria},15,4,0,111111,"{AB, AVC, Atria, LV, OFT, RV}",E8.5-204,40.0,Large
All,1,111111,"{AB, AVC, Atria, LV, OFT, RV}",000001,{Atria},15,4,0,111111,"{AB, AVC, Atria, LV, OFT, RV}",E8.5-14,32.0,Large
All,1,111111,"{AB, AVC, Atria, LV, OFT, RV}",000001,{Atria},15,4,0,111111,"{AB, AVC, Atria, LV, OFT, RV}",E8.5-155,6.0,Small
All,1,111111,"{AB, AVC, Atria, LV, OFT, RV}",000001,{Atria},15,4,0,111111,"{AB, AVC, Atria, LV, OFT, RV}",E8.5-35,17.0,Small
All,1,111111,"{AB, AVC, Atria, LV, OFT, RV}",000001,{Atria},15,4,0,111111,"{AB, AVC, Atria, LV, OFT, RV}",E8.5-44,37.0,Large
All,1,111111,"{AB, AVC, Atria, LV, OFT, RV}",000001,{Atria},15,4,0,111111,"{AB, AVC, Atria, LV, OFT, RV}",E8.5-178,4.0,Small
All,1,111111,"{AB, AVC, Atria, LV, OFT, RV}",000001,{Atria},15,4,0,111111,"{AB, AVC, Atria, LV, OFT, RV}",E8.5-146,4.0,Small
All,1,111111,"{AB, AVC, Atria, LV, OFT, RV}",000001,{Atria},15,4,0,111111,"{AB, AVC, Atria, LV, OFT, RV}",E8.5-21,5.0,Small
All,1,111111,"{AB, AVC, Atria, LV, OFT, RV}",000001,{Atria},15,4,0,111111,"{AB, AVC, Atria, LV, OFT, RV}",E8.5-224,6.0,Small
All,1,111111,"{AB, AVC, Atria, LV, OFT, RV}",000001,{Atria},15,4,0,111111,"{AB, AVC, Atria, LV, OFT, RV}",E8.5-6,7.0,Small
All,1,111111,"{AB, AVC, Atria, LV, OFT, RV}",000001,{Atria},15,4,0,111111,"{AB, AVC, Atria, LV, OFT, RV}",E8.5-7,7.0,Small
All,1,111111,"{AB, AVC, Atria, LV, OFT, RV}",000001,{Atria},15,4,0,111111,"{AB, AVC, Atria, LV, OFT, RV}",E8.5-116,8.0,Small
All,1,111111,"{AB, AVC, Atria, LV, OFT, RV}",000001,{Atria},15,4,0,111111,"{AB, AVC, Atria, LV, OFT, RV}",E8.5-172,8.0,Small
All,1,111111,"{AB, AVC, Atria, LV, OFT, RV}",000001,{Atria},15,4,0,111111,"{AB, AVC, Atria, LV, OFT, RV}",E8.5-193,10.0,Small
All,1,111111,"{AB, AVC, Atria, LV, OFT, RV}",000001,{Atria},15,4,0,111111,"{AB, AVC, Atria, LV, OFT, RV}",E8.5-20,16.0,Small
All,1,111111,"{AB, AVC, Atria, LV, OFT, RV}",000001,{Atria},15,4,0,111111,"{AB, AVC, Atria, LV, OFT, RV}",E8.5-138,16.0,Small
All,1,111111,"{AB, AVC, Atria, LV, OFT, RV}",000001,{Atria},15,4,0,111111,"{AB, AVC, Atria, LV, OFT, RV}",E8.5-110,17.0,Small
All,1,111111,"{AB, AVC, Atria, LV, OFT, RV}",000001,{Atria},15,4,0,111111,"{AB, AVC, Atria, LV, OFT, RV}",E8.5-221,20.0,Small
All,1,111111,"{AB, AVC, Atria, LV, OFT, RV}",000001,{Atria},15,4,0,111111,"{AB, AVC, Atria, LV, OFT, RV}",E8.5-16,25.0,Small
All,1,111111,"{AB, AVC, Atria, LV, OFT, RV}",000001,{Atria},15,4,0,111111,"{AB, AVC, Atria, LV, OFT, RV}",E8.5-201,42.0,Large
All,1,111111,"{AB, AVC, Atria, LV, OFT, RV}",000001,{Atria},15,4,1,110011,"{AB, Atria, OFT, RV}",E8.5-2,82.0,Large
All,1,111111,"{AB, AVC, Atria, LV, OFT, RV}",000001,{Atria},15,4,1,110011,"{AB, Atria, OFT, RV}",E8.5-170,142.0,
All,1,111111,"{AB, AVC, Atria, LV, OFT, RV}",000001,{Atria},15,4,1,110011,"{AB, Atria, OFT, RV}",E8.5-204,40.0,Large
All,1,111111,"{AB, AVC, Atria, LV, OFT, RV}",000001,{Atria},15,4,1,110011,"{AB, Atria, OFT, RV}",E8.5-14,32.0,Large
All,1,111111,"{AB, AVC, Atria, LV, OFT, RV}",000001,{Atria},15,4,1,110011,"{AB, Atria, OFT, RV}",E8.5-155,6.0,Small
All,1,111111,"{AB, AVC, Atria, LV, OFT, RV}",000001,{Atria},15,4,1,110011,"{AB, Atria, OFT, RV}",E8.5-35,17.0,Small
All,1,111111,"{AB, AVC, Atria, LV, OFT, RV}",000001,{Atria},15,4,1,110011,"{AB, Atria, OFT, RV}",E8.5-44,37.0,Large
All,1,111111,"{AB, AVC, Atria, LV, OFT, RV}",000001,{Atria},15,4,1,110011,"{AB, Atria, OFT, RV}",E8.5-178,4.0,Small
All,1,111111,"{AB, AVC, Atria, LV, OFT, RV}",000001,{Atria},15,4,1,110011,"{AB, Atria, OFT, RV}",E8.5-146,4.0,Small
All,1,111111,"{AB, AVC, Atria, LV, OFT, RV}",000001,{Atria},15,4,1,110011,"{AB, Atria, OFT, RV}",E8.5-21,5.0,Small
All,1,111111,"{AB, AVC, Atria, LV, OFT, RV}",000001,{Atria},15,4,1,110011,"{AB, Atria, OFT, RV}",E8.5-224,6.0,Small
All,1,111111,"{AB, AVC, Atria, LV, OFT, RV}",000001,{Atria},15,4,1,110011,"{AB, Atria, OFT, RV}",E8.5-6,7.0,Small
All,1,111111,"{AB, AVC, Atria, LV, OFT, RV}",000001,{Atria},15,4,1,110011,"{AB, Atria, OFT, RV}",E8.5-7,7.0,Small
All,1,111111,"{AB, AVC, Atria, LV, OFT, RV}",000001,{Atria},15,4,1,110011,"{AB, Atria, OFT, RV}",E8.5-116,8.0,Small
All,1,111111,"{AB, AVC, Atria, LV, OFT, RV}",000001,{Atria},15,4,1,110011,"{AB, Atria, OFT, RV}",E8.5-172,8.0,Small
All,1,111111,"{AB, AVC, Atria, LV, OFT, RV}",000001,{Atria},15,4,1,110011,"{AB, Atria, OFT, RV}",E8.5-193,10.0,Small
All,1,111111,"{AB, AVC, Atria, LV, OFT, RV}",000001,{Atria},15,4,1,110011,"{AB, Atria, OFT, RV}",E8.5-20,16.0,Small
All,1,111111,"{AB, AVC, Atria, LV, OFT, RV}",000001,{Atria},15,4,1,110011,"{AB, Atria, OFT, RV}",E8.5-138,16.0,Small
All,1,111111,"{AB, AVC, Atria, LV, OFT, RV}",000001,{Atria},15,4,1,110011,"{AB, Atria, OFT, RV}",E8.5-110,17.0,Small
All,1,111111,"{AB, AVC, Atria, LV, OFT, RV}",000001,{Atria},15,4,1,110011,"{AB, Atria, OFT, RV}",E8.5-221,20.0,Small
All,1,111111,"{AB, AVC, Atria, LV, OFT, RV}",000001,{Atria},15,4,1,110011,"{AB, Atria, OFT, RV}",E8.5-16,25.0,Small
All,1,111111,"{AB, AVC, Atria, LV, OFT, RV}",000001,{Atria},15,4,1,110011,"{AB, Atria, OFT, RV}",E8.5-201,42.0,Large
All,1,111111,"{AB, AVC, Atria, LV, OFT, RV}",000001,{Atria},15,4,2,110001,"{Atria, OFT, RV}",E8.5-2,82.0,Large
All,1,111111,"{AB, AVC, Atria, LV, OFT, RV}",000001,{Atria},15,4,2,110001,"{Atria, OFT, RV}",E8.5-170,142.0,
All,1,111111,"{AB, AVC, Atria, LV, OFT, RV}",000001,{Atria},15,4,2,110001,"{Atria, OFT, RV}",E8.5-204,40.0,Large
All,1,111111,"{AB, AVC, Atria, LV, OFT, RV}",000001,{Atria},15,4,2,110001,"{Atria, OFT, RV}",E8.5-14,32.0,Large
All,1,111111,"{AB, AVC, Atria, LV, OFT, RV}",000001,{Atria},15,4,2,110001,"{Atria, OFT, RV}",E8.5-155,6.0,Small
All,1,111111,"{AB, AVC, Atria, LV, OFT, RV}",000001,{Atria},15,4,2,110001,"{Atria, OFT, RV}",E8.5-35,17.0,Small
All,1,111111,"{AB, AVC, Atria, LV, OFT, RV}",000001,{Atria},15,4,2,110001,"{Atria, OFT, RV}",E8.5-44,37.0,Large
All,1,111111,"{AB, AVC, Atria, LV, OFT, RV}",000001,{Atria},15,4,2,110001,"{Atria, OFT, RV}",E8.5-178,4.0,Small
All,1,111111,"{AB, AVC, Atria, LV, OFT, RV}",000001,{Atria},15,4,2,110001,"{Atria, OFT, RV}",E8.5-146,4.0,Small
All,1,111111,"{AB, AVC, Atria, LV, OFT, RV}",000001,{Atria},15,4,2,110001,"{Atria, OFT, RV}",E8.5-21,5.0,Small
All,1,111111,"{AB, AVC, Atria, LV, OFT, RV}",000001,{Atria},15,4,2,110001,"{Atria, OFT, RV}",E8.5-224,6.0,Small
All,1,111111,"{AB, AVC, Atria, LV, OFT, RV}",000001,{Atria},15,4,2,110001,"{Atria, OFT, RV}",E8.5-6,7.0,Small
All,1,111111,"{AB, AVC, Atria, LV, OFT, RV}",000001,{Atria},15,4,2,110001,"{Atria, OFT, RV}",E8.5-7,7.0,Small
All,1,111111,"{AB, AVC, Atria, LV, OFT, RV}",000001,{Atria},15,4,2,110001,"{Atria, OFT, RV}",E8.5-116,8.0,Small
All,1,111111,"{AB, AVC, Atria, LV, OFT, RV}",000001,{Atria},15,4,2,110001,"{Atria, OFT, RV}",E8.5-172,8.0,Small
All,1,111111,"{AB, AVC, Atria, LV, OFT, RV}",000001,{Atria},15,4,2,110001,"{Atria, OFT, RV}",E8.5-193,10.0,Small
All,1,111111,"{AB, AVC, Atria, LV, OFT, RV}",000001,{Atria},15,4,2,110001,"{Atria, OFT, RV}",E8.5-20,16.0,Small
All,1,111111,"{AB, AVC, Atria, LV, OFT, RV}",000001,{Atria},15,4,2,110001,"{Atria, OFT, RV}",E8.5-138,16.0,Small
All,1,111111,"{AB, AVC, Atria, LV, OFT, RV}",000001,{Atria},15,4,2,110001,"{Atria, OFT, RV}",E8.5-110,17.0,Small
All,1,111111,"{AB, AVC, Atria, LV, OFT, RV}",000001,{Atria},15,4,2,110001,"{Atria, OFT, RV}",E8.5-221,20.0,Small
All,1,111111,"{AB, AVC, Atria, LV, OFT, RV}",000001,{Atria},15,4,2,110001,"{Atria, OFT, RV}",E8.5-16,25.0,Small
All,1,111111,"{AB, AVC, Atria, LV, OFT, RV}",000001,{Atria},15,4,2,110001,"{Atria, OFT, RV}",E8.5-201,42.0,Large
All,1,111111,"{AB, AVC, Atria, LV, OFT, RV}",000001,{Atria},15,4,3,100001,"{Atria, OFT}",E8.5-2,82.0,Large
All,1,111111,"{AB, AVC, Atria, LV, OFT, RV}",000001,{Atria},15,4,3,100001,"{Atria, OFT}",E8.5-170,142.0,
All,1,111111,"{AB, AVC, Atria, LV, OFT, RV}",000001,{Atria},15,4,3,100001,"{Atria, OFT}",E8.5-204,40.0,Large
All,1,111111,"{AB, AVC, Atria, LV, OFT, RV}",000001,{Atria},15,4,3,100001,"{Atria, OFT}",E8.5-14,32.0,Large
All,1,111111,"{AB, AVC, Atria, LV, OFT, RV}",000001,{Atria},15,4,3,100001,"{Atria, OFT}",E8.5-155,6.0,Small
All,1,111111,"{AB, AVC, Atria, LV, OFT, RV}",000001,{Atria},15,4,3,100001,"{Atria, OFT}",E8.5-35,17.0,Small
All,1,111111,"{AB, AVC, Atria, LV, OFT, RV}",000001,{Atria},15,4,3,100001,"{Atria, OFT}",E8.5-44,37.0,Large
All,1,111111,"{AB, AVC, Atria, LV, OFT, RV}",000001,{Atria},15,4,3,100001,"{Atria, OFT}",E8.5-178,4.0,Small
All,1,111111,"{AB, AVC, Atria, LV, OFT, RV}",000001,{Atria},15,4,3,100001,"{Atria, OFT}",E8.5-146,4.0,Small
All,1,111111,"{AB, AVC, Atria, LV, OFT, RV}",000001,{Atria},15,4,3,100001,"{Atria, OFT}",E8.5-21,5.0,Small
All,1,111111,"{AB, AVC, Atria, LV, OFT, RV}",000001,{Atria},15,4,3,100001,"{Atria, OFT}",E8.5-224,6.0,Small
All,1,111111,"{AB, AVC, Atria, LV, OFT, RV}",000001,{Atria},15,4,3,100001,"{Atria, OFT}",E8.5-6,7.0,Small
All,1,111111,"{AB, AVC, Atria, LV, OFT, RV}",000001,{Atria},15,4,3,100001,"{Atria, OFT}",E8.5-7,7.0,Small
All,1,111111,"{AB, AVC, Atria, LV, OFT, RV}",000001,{Atria},15,4,3,100001,"{Atria, OFT}",E8.5-116,8.0,Small
All,1,111111,"{AB, AVC, Atria, LV, OFT, RV}",000001,{Atria},15,4,3,100001,"{Atria, OFT}",E8.5-172,8.0,Small
All,1,111111,"{AB, AVC, Atria, LV, OFT, RV}",000001,{Atria},15,4,3,100001,"{Atria, OFT}",E8.5-193,10.0,Small
All,1,111111,"{AB, AVC, Atria, LV, OFT, RV}",000001,{Atria},15,4,3,100001,"{Atria, OFT}",E8.5-20,16.0,Small
All,1,111111,"{AB, AVC, Atria, LV, OFT, RV}",000001,{Atria},15,4,3,100001,"{Atria, OFT}",E8.5-138,16.0,Small
All,1,111111,"{AB, AVC, Atria, LV, OFT, RV}",000001,{Atria},15,4,3,100001,"{Atria, OFT}",E8.5-110,17.0,Small
All,1,111111,"{AB, AVC, Atria, LV, OFT, RV}",000001,{Atria},15,4,3,100001,"{Atria, OFT}",E8.5-221,20.0,Small
All,1,111111,"{AB, AVC, Atria, LV, OFT, RV}",000001,{Atria},15,4,3,100001,"{Atria, OFT}",E8.5-16,25.0,Small
All,1,111111,"{AB, AVC, Atria, LV, OFT, RV}",000001,{Atria},15,4,3,100001,"{Atria, OFT}",E8.5-201,42.0,Large
All,1,111111,"{AB, AVC, Atria, LV, OFT, RV}",000001,{Atria},15,4,4,000001,{Atria},E8.5-2,82.0,Large
All,1,111111,"{AB, AVC, Atria, LV, OFT, RV}",000001,{Atria},15,4,4,000001,{Atria},E8.5-170,142.0,
All,1,111111,"{AB, AVC, Atria, LV, OFT, RV}",000001,{Atria},15,4,4,000001,{Atria},E8.5-204,40.0,Large
All,1,111111,"{AB, AVC, Atria, LV, OFT, RV}",000001,{Atria},15,4,4,000001,{Atria},E8.5-14,32.0,Large
All,1,111111,"{AB, AVC, Atria, LV, OFT, RV}",000001,{Atria},15,4,4,000001,{Atria},E8.5-155,6.0,Small
All,1,111111,"{AB, AVC, Atria, LV, OFT, RV}",000001,{Atria},15,4,4,000001,{Atria},E8.5-35,17.0,Small
All,1,111111,"{AB, AVC, Atria, LV, OFT, RV}",000001,{Atria},15,4,4,000001,{Atria},E8.5-44,37.0,Large
All,1,111111,"{AB, AVC, Atria, LV, OFT, RV}",000001,{Atria},15,4,4,000001,{Atria},E8.5-178,4.0,Small
All,1,111111,"{AB, AVC, Atria, LV, OFT, RV}",000001,{Atria},15,4,4,000001,{Atria},E8.5-146,4.0,Small
All,1,111111,"{AB, AVC, Atria, LV, OFT, RV}",000001,{Atria},15,4,4,000001,{Atria},E8.5-21,5.0,Small
All,1,111111,"{AB, AVC, Atria, LV, OFT, RV}",000001,{Atria},15,4,4,000001,{Atria},E8.5-224,6.0,Small
All,1,111111,"{AB, AVC, Atria, LV, OFT, RV}",000001,{Atria},15,4,4,000001,{Atria},E8.5-6,7.0,Small
All,1,111111,"{AB, AVC, Atria, LV, OFT, RV}",000001,{Atria},15,4,4,000001,{Atria},E8.5-7,7.0,Small
All,1,111111,"{AB, AVC, Atria, LV, OFT, RV}",000001,{Atria},15,4,4,000001,{Atria},E8.5-116,8.0,Small
All,1,111111,"{AB, AVC, Atria, LV, OFT, RV}",000001,{Atria},15,4,4,000001,{Atria},E8.5-172,8.0,Small
All,1,111111,"{AB, AVC, Atria, LV, OFT, RV}",000001,{Atria},15,4,4,000001,{Atria},E8.5-193,10.0,Small
All,1,111111,"{AB, AVC, Atria, LV, OFT, RV}",000001,{Atria},15,4,4,000001,{Atria},E8.5-20,16.0,Small
All,1,111111,"{AB, AVC, Atria, LV, OFT, RV}",000001,{Atria},15,4,4,000001,{Atria},E8.5-138,16.0,Small
All,1,111111,"{AB, AVC, Atria, LV, OFT, RV}",000001,{Atria},15,4,4,000001,{Atria},E8.5-110,17.0,Small
All,1,111111,"{AB, AVC, Atria, LV, OFT, RV}",000001,{Atria},15,4,4,000001,{Atria},E8.5-221,20.0,Small
All,1,111111,"{AB, AVC, Atria, LV, OFT, RV}",000001,{Atria},15,4,4,000001,{Atria},E8.5-16,25.0,Small
All,1,111111,"{AB, AVC, Atria, LV, OFT, RV}",000001,{Atria},15,4,4,000001,{Atria},E8.5-201,42.0,Large
All,1,111111,"{AB, AVC, Atria, LV, OFT, RV}",000001,{Atria},16,3,0,111111,"{AB, AVC, Atria, LV, OFT, RV}",E8.5-2,82.0,Large
All,1,111111,"{AB, AVC, Atria, LV, OFT, RV}",000001,{Atria},16,3,0,111111,"{AB, AVC, Atria, LV, OFT, RV}",E8.5-170,142.0,
All,1,111111,"{AB, AVC, Atria, LV, OFT, RV}",000001,{Atria},16,3,0,111111,"{AB, AVC, Atria, LV, OFT, RV}",E8.5-204,40.0,Large
All,1,111111,"{AB, AVC, Atria, LV, OFT, RV}",000001,{Atria},16,3,0,111111,"{AB, AVC, Atria, LV, OFT, RV}",E8.5-14,32.0,Large
All,1,111111,"{AB, AVC, Atria, LV, OFT, RV}",000001,{Atria},16,3,0,111111,"{AB, AVC, Atria, LV, OFT, RV}",E8.5-178,4.0,Small
All,1,111111,"{AB, AVC, Atria, LV, OFT, RV}",000001,{Atria},16,3,0,111111,"{AB, AVC, Atria, LV, OFT, RV}",E8.5-146,4.0,Small
All,1,111111,"{AB, AVC, Atria, LV, OFT, RV}",000001,{Atria},16,3,0,111111,"{AB, AVC, Atria, LV, OFT, RV}",E8.5-21,5.0,Small
All,1,111111,"{AB, AVC, Atria, LV, OFT, RV}",000001,{Atria},16,3,0,111111,"{AB, AVC, Atria, LV, OFT, RV}",E8.5-224,6.0,Small
All,1,111111,"{AB, AVC, Atria, LV, OFT, RV}",000001,{Atria},16,3,0,111111,"{AB, AVC, Atria, LV, OFT, RV}",E8.5-6,7.0,Small
All,1,111111,"{AB, AVC, Atria, LV, OFT, RV}",000001,{Atria},16,3,0,111111,"{AB, AVC, Atria, LV, OFT, RV}",E8.5-7,7.0,Small
All,1,111111,"{AB, AVC, Atria, LV, OFT, RV}",000001,{Atria},16,3,0,111111,"{AB, AVC, Atria, LV, OFT, RV}",E8.5-116,8.0,Small
All,1,111111,"{AB, AVC, Atria, LV, OFT, RV}",000001,{Atria},16,3,0,111111,"{AB, AVC, Atria, LV, OFT, RV}",E8.5-172,8.0,Small
All,1,111111,"{AB, AVC, Atria, LV, OFT, RV}",000001,{Atria},16,3,0,111111,"{AB, AVC, Atria, LV, OFT, RV}",E8.5-193,10.0,Small
All,1,111111,"{AB, AVC, Atria, LV, OFT, RV}",000001,{Atria},16,3,0,111111,"{AB, AVC, Atria, LV, OFT, RV}",E8.5-20,16.0,Small
All,1,111111,"{AB, AVC, Atria, LV, OFT, RV}",000001,{Atria},16,3,0,111111,"{AB, AVC, Atria, LV, OFT, RV}",E8.5-138,16.0,Small
All,1,111111,"{AB, AVC, Atria, LV, OFT, RV}",000001,{Atria},16,3,0,111111,"{AB, AVC, Atria, LV, OFT, RV}",E8.5-110,17.0,Small
All,1,111111,"{AB, AVC, Atria, LV, OFT, RV}",000001,{Atria},16,3,0,111111,"{AB, AVC, Atria, LV, OFT, RV}",E8.5-221,20.0,Small
All,1,111111,"{AB, AVC, Atria, LV, OFT, RV}",000001,{Atria},16,3,0,111111,"{AB, AVC, Atria, LV, OFT, RV}",E8.5-16,25.0,Small
All,1,111111,"{AB, AVC, Atria, LV, OFT, RV}",000001,{Atria},16,3,0,111111,"{AB, AVC, Atria, LV, OFT, RV}",E8.5-201,42.0,Large
All,1,111111,"{AB, AVC, Atria, LV, OFT, RV}",000001,{Atria},16,3,1,110011,"{AB, Atria, OFT, RV}",E8.5-2,82.0,Large
All,1,111111,"{AB, AVC, Atria, LV, OFT, RV}",000001,{Atria},16,3,1,110011,"{AB, Atria, OFT, RV}",E8.5-170,142.0,
All,1,111111,"{AB, AVC, Atria, LV, OFT, RV}",000001,{Atria},16,3,1,110011,"{AB, Atria, OFT, RV}",E8.5-204,40.0,Large
All,1,111111,"{AB, AVC, Atria, LV, OFT, RV}",000001,{Atria},16,3,1,110011,"{AB, Atria, OFT, RV}",E8.5-14,32.0,Large
All,1,111111,"{AB, AVC, Atria, LV, OFT, RV}",000001,{Atria},16,3,1,110011,"{AB, Atria, OFT, RV}",E8.5-178,4.0,Small
All,1,111111,"{AB, AVC, Atria, LV, OFT, RV}",000001,{Atria},16,3,1,110011,"{AB, Atria, OFT, RV}",E8.5-146,4.0,Small
All,1,111111,"{AB, AVC, Atria, LV, OFT, RV}",000001,{Atria},16,3,1,110011,"{AB, Atria, OFT, RV}",E8.5-21,5.0,Small
All,1,111111,"{AB, AVC, Atria, LV, OFT, RV}",000001,{Atria},16,3,1,110011,"{AB, Atria, OFT, RV}",E8.5-224,6.0,Small
All,1,111111,"{AB, AVC, Atria, LV, OFT, RV}",000001,{Atria},16,3,1,110011,"{AB, Atria, OFT, RV}",E8.5-6,7.0,Small
All,1,111111,"{AB, AVC, Atria, LV, OFT, RV}",000001,{Atria},16,3,1,110011,"{AB, Atria, OFT, RV}",E8.5-7,7.0,Small
All,1,111111,"{AB, AVC, Atria, LV, OFT, RV}",000001,{Atria},16,3,1,110011,"{AB, Atria, OFT, RV}",E8.5-116,8.0,Small
All,1,111111,"{AB, AVC, Atria, LV, OFT, RV}",000001,{Atria},16,3,1,110011,"{AB, Atria, OFT, RV}",E8.5-172,8.0,Small
All,1,111111,"{AB, AVC, Atria, LV, OFT, RV}",000001,{Atria},16,3,1,110011,"{AB, Atria, OFT, RV}",E8.5-193,10.0,Small
All,1,111111,"{AB, AVC, Atria, LV, OFT, RV}",000001,{Atria},16,3,1,110011,"{AB, Atria, OFT, RV}",E8.5-20,16.0,Small
All,1,111111,"{AB, AVC, Atria, LV, OFT, RV}",000001,{Atria},16,3,1,110011,"{AB, Atria, OFT, RV}",E8.5-138,16.0,Small
All,1,111111,"{AB, AVC, Atria, LV, OFT, RV}",000001,{Atria},16,3,1,110011,"{AB, Atria, OFT, RV}",E8.5-110,17.0,Small
All,1,111111,"{AB, AVC, Atria, LV, OFT, RV}",000001,{Atria},16,3,1,110011,"{AB, Atria, OFT, RV}",E8.5-221,20.0,Small
All,1,111111,"{AB, AVC, Atria, LV, OFT, RV}",000001,{Atria},16,3,1,110011,"{AB, Atria, OFT, RV}",E8.5-16,25.0,Small
All,1,111111,"{AB, AVC, Atria, LV, OFT, RV}",000001,{Atria},16,3,1,110011,"{AB, Atria, OFT, RV}",E8.5-201,42.0,Large
All,1,111111,"{AB, AVC, Atria, LV, OFT, RV}",000001,{Atria},16,3,2,110001,"{Atria, OFT, RV}",E8.5-2,82.0,Large
All,1,111111,"{AB, AVC, Atria, LV, OFT, RV}",000001,{Atria},16,3,2,110001,"{Atria, OFT, RV}",E8.5-170,142.0,
All,1,111111,"{AB, AVC, Atria, LV, OFT, RV}",000001,{Atria},16,3,2,110001,"{Atria, OFT, RV}",E8.5-204,40.0,Large
All,1,111111,"{AB, AVC, Atria, LV, OFT, RV}",000001,{Atria},16,3,2,110001,"{Atria, OFT, RV}",E8.5-14,32.0,Large
All,1,111111,"{AB, AVC, Atria, LV, OFT, RV}",000001,{Atria},16,3,2,110001,"{Atria, OFT, RV}",E8.5-178,4.0,Small
All,1,111111,"{AB, AVC, Atria, LV, OFT, RV}",000001,{Atria},16,3,2,110001,"{Atria, OFT, RV}",E8.5-146,4.0,Small
All,1,111111,"{AB, AVC, Atria, LV, OFT, RV}",000001,{Atria},16,3,2,110001,"{Atria, OFT, RV}",E8.5-21,5.0,Small
All,1,111111,"{AB, AVC, Atria, LV, OFT, RV}",000001,{Atria},16,3,2,110001,"{Atria, OFT, RV}",E8.5-224,6.0,Small
All,1,111111,"{AB, AVC, Atria, LV, OFT, RV}",000001,{Atria},16,3,2,110001,"{Atria, OFT, RV}",E8.5-6,7.0,Small
All,1,111111,"{AB, AVC, Atria, LV, OFT, RV}",000001,{Atria},16,3,2,110001,"{Atria, OFT, RV}",E8.5-7,7.0,Small
All,1,111111,"{AB, AVC, Atria, LV, OFT, RV}",000001,{Atria},16,3,2,110001,"{Atria, OFT, RV}",E8.5-116,8.0,Small
All,1,111111,"{AB, AVC, Atria, LV, OFT, RV}",000001,{Atria},16,3,2,110001,"{Atria, OFT, RV}",E8.5-172,8.0,Small
All,1,111111,"{AB, AVC, Atria, LV, OFT, RV}",000001,{Atria},16,3,2,110001,"{Atria, OFT, RV}",E8.5-193,10.0,Small
All,1,111111,"{AB, AVC, Atria, LV, OFT, RV}",000001,{Atria},16,3,2,110001,"{Atria, OFT, RV}",E8.5-20,16.0,Small
All,1,111111,"{AB, AVC, Atria, LV, OFT, RV}",000001,{Atria},16,3,2,110001,"{Atria, OFT, RV}",E8.5-138,16.0,Small
All,1,111111,"{AB, AVC, Atria, LV, OFT, RV}",000001,{Atria},16,3,2,110001,"{Atria, OFT, RV}",E8.5-110,17.0,Small
All,1,111111,"{AB, AVC, Atria, LV, OFT, RV}",000001,{Atria},16,3,2,110001,"{Atria, OFT, RV}",E8.5-221,20.0,Small
All,1,111111,"{AB, AVC, Atria, LV, OFT, RV}",000001,{Atria},16,3,2,110001,"{Atria, OFT, RV}",E8.5-16,25.0,Small
All,1,111111,"{AB, AVC, Atria, LV, OFT, RV}",000001,{Atria},16,3,2,110001,"{Atria, OFT, RV}",E8.5-201,42.0,Large
All,1,111111,"{AB, AVC, Atria, LV, OFT, RV}",000001,{Atria},16,3,3,000001,{Atria},E8.5-2,82.0,Large
All,1,111111,"{AB, AVC, Atria, LV, OFT, RV}",000001,{Atria},16,3,3,000001,{Atria},E8.5-170,142.0,
All,1,111111,"{AB, AVC, Atria, LV, OFT, RV}",000001,{Atria},16,3,3,000001,{Atria},E8.5-204,40.0,Large
All,1,111111,"{AB, AVC, Atria, LV, OFT, RV}",000001,{Atria},16,3,3,000001,{Atria},E8.5-14,32.0,Large
All,1,111111,"{AB, AVC, Atria, LV, OFT, RV}",000001,{Atria},16,3,3,000001,{Atria},E8.5-178,4.0,Small
All,1,111111,"{AB, AVC, Atria, LV, OFT, RV}",000001,{Atria},16,3,3,000001,{Atria},E8.5-146,4.0,Small
All,1,111111,"{AB, AVC, Atria, LV, OFT, RV}",000001,{Atria},16,3,3,000001,{Atria},E8.5-21,5.0,Small
All,1,111111,"{AB, AVC, Atria, LV, OFT, RV}",000001,{Atria},16,3,3,000001,{Atria},E8.5-224,6.0,Small
All,1,111111,"{AB, AVC, Atria, LV, OFT, RV}",000001,{Atria},16,3,3,000001,{Atria},E8.5-6,7.0,Small
All,1,111111,"{AB, AVC, Atria, LV, OFT, RV}",000001,{Atria},16,3,3,000001,{Atria},E8.5-7,7.0,Small
All,1,111111,"{AB, AVC, Atria, LV, OFT, RV}",000001,{Atria},16,3,3,000001,{Atria},E8.5-116,8.0,Small
All,1,111111,"{AB, AVC, Atria, LV, OFT, RV}",000001,{Atria},16,3,3,000001,{Atria},E8.5-172,8.0,Small
All,1,111111,"{AB, AVC, Atria, LV, OFT, RV}",000001,{Atria},16,3,3,000001,{Atria},E8.5-193,10.0,Small
All,1,111111,"{AB, AVC, Atria, LV, OFT, RV}",000001,{Atria},16,3,3,000001,{Atria},E8.5-20,16.0,Small
All,1,111111,"{AB, AVC, Atria, LV, OFT, RV}",000001,{Atria},16,3,3,000001,{Atria},E8.5-138,16.0,Small
All,1,111111,"{AB, AVC, Atria, LV, OFT, RV}",000001,{Atria},16,3,3,000001,{Atria},E8.5-110,17.0,Small
All,1,111111,"{AB, AVC, Atria, LV, OFT, RV}",000001,{Atria},16,3,3,000001,{Atria},E8.5-221,20.0,Small
All,1,111111,"{AB, AVC, Atria, LV, OFT, RV}",000001,{Atria},16,3,3,000001,{Atria},E8.5-16,25.0,Small
All,1,111111,"{AB, AVC, Atria, LV, OFT, RV}",000001,{Atria},16,3,3,000001,{Atria},E8.5-201,42.0,Large
All,1,111111,"{AB, AVC, Atria, LV, OFT, RV}",000001,{Atria},17,3,0,111111,"{AB, AVC, Atria, LV, OFT, RV}",E8.5-2,82.0,Large
All,1,111111,"{AB, AVC, Atria, LV, OFT, RV}",000001,{Atria},17,3,0,111111,"{AB, AVC, Atria, LV, OFT, RV}",E8.5-170,142.0,
All,1,111111,"{AB, AVC, Atria, LV, OFT, RV}",000001,{Atria},17,3,0,111111,"{AB, AVC, Atria, LV, OFT, RV}",E8.5-204,40.0,Large
All,1,111111,"{AB, AVC, Atria, LV, OFT, RV}",000001,{Atria},17,3,0,111111,"{AB, AVC, Atria, LV, OFT, RV}",E8.5-155,6.0,Small
All,1,111111,"{AB, AVC, Atria, LV, OFT, RV}",000001,{Atria},17,3,0,111111,"{AB, AVC, Atria, LV, OFT, RV}",E8.5-35,17.0,Small
All,1,111111,"{AB, AVC, Atria, LV, OFT, RV}",000001,{Atria},17,3,0,111111,"{AB, AVC, Atria, LV, OFT, RV}",E8.5-44,37.0,Large
All,1,111111,"{AB, AVC, Atria, LV, OFT, RV}",000001,{Atria},17,3,0,111111,"{AB, AVC, Atria, LV, OFT, RV}",E8.5-178,4.0,Small
All,1,111111,"{AB, AVC, Atria, LV, OFT, RV}",000001,{Atria},17,3,0,111111,"{AB, AVC, Atria, LV, OFT, RV}",E8.5-146,4.0,Small
All,1,111111,"{AB, AVC, Atria, LV, OFT, RV}",000001,{Atria},17,3,0,111111,"{AB, AVC, Atria, LV, OFT, RV}",E8.5-21,5.0,Small
All,1,111111,"{AB, AVC, Atria, LV, OFT, RV}",000001,{Atria},17,3,0,111111,"{AB, AVC, Atria, LV, OFT, RV}",E8.5-224,6.0,Small
All,1,111111,"{AB, AVC, Atria, LV, OFT, RV}",000001,{Atria},17,3,0,111111,"{AB, AVC, Atria, LV, OFT, RV}",E8.5-6,7.0,Small
All,1,111111,"{AB, AVC, Atria, LV, OFT, RV}",000001,{Atria},17,3,0,111111,"{AB, AVC, Atria, LV, OFT, RV}",E8.5-7,7.0,Small
All,1,111111,"{AB, AVC, Atria, LV, OFT, RV}",000001,{Atria},17,3,0,111111,"{AB, AVC, Atria, LV, OFT, RV}",E8.5-116,8.0,Small
All,1,111111,"{AB, AVC, Atria, LV, OFT, RV}",000001,{Atria},17,3,0,111111,"{AB, AVC, Atria, LV, OFT, RV}",E8.5-172,8.0,Small
All,1,111111,"{AB, AVC, Atria, LV, OFT, RV}",000001,{Atria},17,3,0,111111,"{AB, AVC, Atria, LV, OFT, RV}",E8.5-193,10.0,Small
All,1,111111,"{AB, AVC, Atria, LV, OFT, RV}",000001,{Atria},17,3,0,111111,"{AB, AVC, Atria, LV, OFT, RV}",E8.5-20,16.0,Small
All,1,111111,"{AB, AVC, Atria, LV, OFT, RV}",000001,{Atria},17,3,0,111111,"{AB, AVC, Atria, LV, OFT, RV}",E8.5-138,16.0,Small
All,1,111111,"{AB, AVC, Atria, LV, OFT, RV}",000001,{Atria},17,3,0,111111,"{AB, AVC, Atria, LV, OFT, RV}",E8.5-110,17.0,Small
All,1,111111,"{AB, AVC, Atria, LV, OFT, RV}",000001,{Atria},17,3,0,111111,"{AB, AVC, Atria, LV, OFT, RV}",E8.5-221,20.0,Small
All,1,111111,"{AB, AVC, Atria, LV, OFT, RV}",000001,{Atria},17,3,0,111111,"{AB, AVC, Atria, LV, OFT, RV}",E8.5-16,25.0,Small
All,1,111111,"{AB, AVC, Atria, LV, OFT, RV}",000001,{Atria},17,3,0,111111,"{AB, AVC, Atria, LV, OFT, RV}",E8.5-201,42.0,Large
All,1,111111,"{AB, AVC, Atria, LV, OFT, RV}",000001,{Atria},17,3,1,110011,"{AB, Atria, OFT, RV}",E8.5-2,82.0,Large
All,1,111111,"{AB, AVC, Atria, LV, OFT, RV}",000001,{Atria},17,3,1,110011,"{AB, Atria, OFT, RV}",E8.5-170,142.0,
All,1,111111,"{AB, AVC, Atria, LV, OFT, RV}",000001,{Atria},17,3,1,110011,"{AB, Atria, OFT, RV}",E8.5-204,40.0,Large
All,1,111111,"{AB, AVC, Atria, LV, OFT, RV}",000001,{Atria},17,3,1,110011,"{AB, Atria, OFT, RV}",E8.5-155,6.0,Small
All,1,111111,"{AB, AVC, Atria, LV, OFT, RV}",000001,{Atria},17,3,1,110011,"{AB, Atria, OFT, RV}",E8.5-35,17.0,Small
All,1,111111,"{AB, AVC, Atria, LV, OFT, RV}",000001,{Atria},17,3,1,110011,"{AB, Atria, OFT, RV}",E8.5-44,37.0,Large
All,1,111111,"{AB, AVC, Atria, LV, OFT, RV}",000001,{Atria},17,3,1,110011,"{AB, Atria, OFT, RV}",E8.5-178,4.0,Small
All,1,111111,"{AB, AVC, Atria, LV, OFT, RV}",000001,{Atria},17,3,1,110011,"{AB, Atria, OFT, RV}",E8.5-146,4.0,Small
All,1,111111,"{AB, AVC, Atria, LV, OFT, RV}",000001,{Atria},17,3,1,110011,"{AB, Atria, OFT, RV}",E8.5-21,5.0,Small
All,1,111111,"{AB, AVC, Atria, LV, OFT, RV}",000001,{Atria},17,3,1,110011,"{AB, Atria, OFT, RV}",E8.5-224,6.0,Small
All,1,111111,"{AB, AVC, Atria, LV, OFT, RV}",000001,{Atria},17,3,1,110011,"{AB, Atria, OFT, RV}",E8.5-6,7.0,Small
All,1,111111,"{AB, AVC, Atria, LV, OFT, RV}",000001,{Atria},17,3,1,110011,"{AB, Atria, OFT, RV}",E8.5-7,7.0,Small
All,1,111111,"{AB, AVC, Atria, LV, OFT, RV}",000001,{Atria},17,3,1,110011,"{AB, Atria, OFT, RV}",E8.5-116,8.0,Small
All,1,111111,"{AB, AVC, Atria, LV, OFT, RV}",000001,{Atria},17,3,1,110011,"{AB, Atria, OFT, RV}",E8.5-172,8.0,Small
All,1,111111,"{AB, AVC, Atria, LV, OFT, RV}",000001,{Atria},17,3,1,110011,"{AB, Atria, OFT, RV}",E8.5-193,10.0,Small
All,1,111111,"{AB, AVC, Atria, LV, OFT, RV}",000001,{Atria},17,3,1,110011,"{AB, Atria, OFT, RV}",E8.5-20,16.0,Small
All,1,111111,"{AB, AVC, Atria, LV, OFT, RV}",000001,{Atria},17,3,1,110011,"{AB, Atria, OFT, RV}",E8.5-138,16.0,Small
All,1,111111,"{AB, AVC, Atria, LV, OFT, RV}",000001,{Atria},17,3,1,110011,"{AB, Atria, OFT, RV}",E8.5-110,17.0,Small
All,1,111111,"{AB, AVC, Atria, LV, OFT, RV}",000001,{Atria},17,3,1,110011,"{AB, Atria, OFT, RV}",E8.5-221,20.0,Small
All,1,111111,"{AB, AVC, Atria, LV, OFT, RV}",000001,{Atria},17,3,1,110011,"{AB, Atria, OFT, RV}",E8.5-16,25.0,Small
All,1,111111,"{AB, AVC, Atria, LV, OFT, RV}",000001,{Atria},17,3,1,110011,"{AB, Atria, OFT, RV}",E8.5-201,42.0,Large
All,1,111111,"{AB, AVC, Atria, LV, OFT, RV}",000001,{Atria},17,3,2,100001,"{Atria, OFT}",E8.5-2,82.0,Large
All,1,111111,"{AB, AVC, Atria, LV, OFT, RV}",000001,{Atria},17,3,2,100001,"{Atria, OFT}",E8.5-170,142.0,
All,1,111111,"{AB, AVC, Atria, LV, OFT, RV}",000001,{Atria},17,3,2,100001,"{Atria, OFT}",E8.5-204,40.0,Large
All,1,111111,"{AB, AVC, Atria, LV, OFT, RV}",000001,{Atria},17,3,2,100001,"{Atria, OFT}",E8.5-155,6.0,Small
All,1,111111,"{AB, AVC, Atria, LV, OFT, RV}",000001,{Atria},17,3,2,100001,"{Atria, OFT}",E8.5-35,17.0,Small
All,1,111111,"{AB, AVC, Atria, LV, OFT, RV}",000001,{Atria},17,3,2,100001,"{Atria, OFT}",E8.5-44,37.0,Large
All,1,111111,"{AB, AVC, Atria, LV, OFT, RV}",000001,{Atria},17,3,2,100001,"{Atria, OFT}",E8.5-178,4.0,Small
All,1,111111,"{AB, AVC, Atria, LV, OFT, RV}",000001,{Atria},17,3,2,100001,"{Atria, OFT}",E8.5-146,4.0,Small
All,1,111111,"{AB, AVC, Atria, LV, OFT, RV}",000001,{Atria},17,3,2,100001,"{Atria, OFT}",E8.5-21,5.0,Small
All,1,111111,"{AB, AVC, Atria, LV, OFT, RV}",000001,{Atria},17,3,2,100001,"{Atria, OFT}",E8.5-224,6.0,Small
All,1,111111,"{AB, AVC, Atria, LV, OFT, RV}",000001,{Atria},17,3,2,100001,"{Atria, OFT}",E8.5-6,7.0,Small
All,1,111111,"{AB, AVC, Atria, LV, OFT, RV}",000001,{Atria},17,3,2,100001,"{Atria, OFT}",E8.5-7,7.0,Small
All,1,111111,"{AB, AVC, Atria, LV, OFT, RV}",000001,{Atria},17,3,2,100001,"{Atria, OFT}",E8.5-116,8.0,Small
All,1,111111,"{AB, AVC, Atria, LV, OFT, RV}",000001,{Atria},17,3,2,100001,"{Atria, OFT}",E8.5-172,8.0,Small
All,1,111111,"{AB, AVC, Atria, LV, OFT, RV}",000001,{Atria},17,3,2,100001,"{Atria, OFT}",E8.5-193,10.0,Small
All,1,111111,"{AB, AVC, Atria, LV, OFT, RV}",000001,{Atria},17,3,2,100001,"{Atria, OFT}",E8.5-20,16.0,Small
All,1,111111,"{AB, AVC, Atria, LV, OFT, RV}",000001,{Atria},17,3,2,100001,"{Atria, OFT}",E8.5-138,16.0,Small
All,1,111111,"{AB, AVC, Atria, LV, OFT, RV}",000001,{Atria},17,3,2,100001,"{Atria, OFT}",E8.5-110,17.0,Small
All,1,111111,"{AB, AVC, Atria, LV, OFT, RV}",000001,{Atria},17,3,2,100001,"{Atria, OFT}",E8.5-221,20.0,Small
All,1,111111,"{AB, AVC, Atria, LV, OFT, RV}",000001,{Atria},17,3,2,100001,"{Atria, OFT}",E8.5-16,25.0,Small
All,1,111111,"{AB, AVC, Atria, LV, OFT, RV}",000001,{Atria},17,3,2,100001,"{Atria, OFT}",E8.5-201,42.0,Large
All,1,111111,"{AB, AVC, Atria, LV, OFT, RV}",000001,{Atria},17,3,3,000001,{Atria},E8.5-2,82.0,Large
All,1,111111,"{AB, AVC, Atria, LV, OFT, RV}",000001,{Atria},17,3,3,000001,{Atria},E8.5-170,142.0,
All,1,111111,"{AB, AVC, Atria, LV, OFT, RV}",000001,{Atria},17,3,3,000001,{Atria},E8.5-204,40.0,Large
All,1,111111,"{AB, AVC, Atria, LV, OFT, RV}",000001,{Atria},17,3,3,000001,{Atria},E8.5-155,6.0,Small
All,1,111111,"{AB, AVC, Atria, LV, OFT, RV}",000001,{Atria},17,3,3,000001,{Atria},E8.5-35,17.0,Small
All,1,111111,"{AB, AVC, Atria, LV, OFT, RV}",000001,{Atria},17,3,3,000001,{Atria},E8.5-44,37.0,Large
All,1,111111,"{AB, AVC, Atria, LV, OFT, RV}",000001,{Atria},17,3,3,000001,{Atria},E8.5-178,4.0,Small
All,1,111111,"{AB, AVC, Atria, LV, OFT, RV}",000001,{Atria},17,3,3,000001,{Atria},E8.5-146,4.0,Small
All,1,111111,"{AB, AVC, Atria, LV, OFT, RV}",000001,{Atria},17,3,3,000001,{Atria},E8.5-21,5.0,Small
All,1,111111,"{AB, AVC, Atria, LV, OFT, RV}",000001,{Atria},17,3,3,000001,{Atria},E8.5-224,6.0,Small
All,1,111111,"{AB, AVC, Atria, LV, OFT, RV}",000001,{Atria},17,3,3,000001,{Atria},E8.5-6,7.0,Small
All,1,111111,"{AB, AVC, Atria, LV, OFT, RV}",000001,{Atria},17,3,3,000001,{Atria},E8.5-7,7.0,Small
All,1,111111,"{AB, AVC, Atria, LV, OFT, RV}",000001,{Atria},17,3,3,000001,{Atria},E8.5-116,8.0,Small
All,1,111111,"{AB, AVC, Atria, LV, OFT, RV}",000001,{Atria},17,3,3,000001,{Atria},E8.5-172,8.0,Small
All,1,111111,"{AB, AVC, Atria, LV, OFT, RV}",000001,{Atria},17,3,3,000001,{Atria},E8.5-193,10.0,Small
All,1,111111,"{AB, AVC, Atria, LV, OFT, RV}",000001,{Atria},17,3,3,000001,{Atria},E8.5-20,16.0,Small
All,1,111111,"{AB, AVC, Atria, LV, OFT, RV}",000001,{Atria},17,3,3,000001,{Atria},E8.5-138,16.0,Small
All,1,111111,"{AB, AVC, Atria, LV, OFT, RV}",000001,{Atria},17,3,3,000001,{Atria},E8.5-110,17.0,Small
All,1,111111,"{AB, AVC, Atria, LV, OFT, RV}",000001,{Atria},17,3,3,000001,{Atria},E8.5-221,20.0,Small
All,1,111111,"{AB, AVC, Atria, LV, OFT, RV}",000001,{Atria},17,3,3,000001,{Atria},E8.5-16,25.0,Small
All,1,111111,"{AB, AVC, Atria, LV, OFT, RV}",000001,{Atria},17,3,3,000001,{Atria},E8.5-201,42.0,Large
All,1,111111,"{AB, AVC, Atria, LV, OFT, RV}",000001,{Atria},18,3,0,111111,"{AB, AVC, Atria, LV, OFT, RV}",E8.5-2,82.0,Large
All,1,111111,"{AB, AVC, Atria, LV, OFT, RV}",000001,{Atria},18,3,0,111111,"{AB, AVC, Atria, LV, OFT, RV}",E8.5-170,142.0,
All,1,111111,"{AB, AVC, Atria, LV, OFT, RV}",000001,{Atria},18,3,0,111111,"{AB, AVC, Atria, LV, OFT, RV}",E8.5-204,40.0,Large
All,1,111111,"{AB, AVC, Atria, LV, OFT, RV}",000001,{Atria},18,3,0,111111,"{AB, AVC, Atria, LV, OFT, RV}",E8.5-238,52.0,Large
All,1,111111,"{AB, AVC, Atria, LV, OFT, RV}",000001,{Atria},18,3,0,111111,"{AB, AVC, Atria, LV, OFT, RV}",E8.5-127,20.0,Small
All,1,111111,"{AB, AVC, Atria, LV, OFT, RV}",000001,{Atria},18,3,0,111111,"{AB, AVC, Atria, LV, OFT, RV}",E8.5-178,4.0,Small
All,1,111111,"{AB, AVC, Atria, LV, OFT, RV}",000001,{Atria},18,3,0,111111,"{AB, AVC, Atria, LV, OFT, RV}",E8.5-146,4.0,Small
All,1,111111,"{AB, AVC, Atria, LV, OFT, RV}",000001,{Atria},18,3,0,111111,"{AB, AVC, Atria, LV, OFT, RV}",E8.5-21,5.0,Small
All,1,111111,"{AB, AVC, Atria, LV, OFT, RV}",000001,{Atria},18,3,0,111111,"{AB, AVC, Atria, LV, OFT, RV}",E8.5-224,6.0,Small
All,1,111111,"{AB, AVC, Atria, LV, OFT, RV}",000001,{Atria},18,3,0,111111,"{AB, AVC, Atria, LV, OFT, RV}",E8.5-6,7.0,Small
All,1,111111,"{AB, AVC, Atria, LV, OFT, RV}",000001,{Atria},18,3,0,111111,"{AB, AVC, Atria, LV, OFT, RV}",E8.5-7,7.0,Small
All,1,111111,"{AB, AVC, Atria, LV, OFT, RV}",000001,{Atria},18,3,0,111111,"{AB, AVC, Atria, LV, OFT, RV}",E8.5-116,8.0,Small
All,1,111111,"{AB, AVC, Atria, LV, OFT, RV}",000001,{Atria},18,3,0,111111,"{AB, AVC, Atria, LV, OFT, RV}",E8.5-172,8.0,Small
All,1,111111,"{AB, AVC, Atria, LV, OFT, RV}",000001,{Atria},18,3,0,111111,"{AB, AVC, Atria, LV, OFT, RV}",E8.5-193,10.0,Small
All,1,111111,"{AB, AVC, Atria, LV, OFT, RV}",000001,{Atria},18,3,0,111111,"{AB, AVC, Atria, LV, OFT, RV}",E8.5-20,16.0,Small
All,1,111111,"{AB, AVC, Atria, LV, OFT, RV}",000001,{Atria},18,3,0,111111,"{AB, AVC, Atria, LV, OFT, RV}",E8.5-138,16.0,Small
All,1,111111,"{AB, AVC, Atria, LV, OFT, RV}",000001,{Atria},18,3,0,111111,"{AB, AVC, Atria, LV, OFT, RV}",E8.5-110,17.0,Small
All,1,111111,"{AB, AVC, Atria, LV, OFT, RV}",000001,{Atria},18,3,0,111111,"{AB, AVC, Atria, LV, OFT, RV}",E8.5-221,20.0,Small
All,1,111111,"{AB, AVC, Atria, LV, OFT, RV}",000001,{Atria},18,3,0,111111,"{AB, AVC, Atria, LV, OFT, RV}",E8.5-16,25.0,Small
All,1,111111,"{AB, AVC, Atria, LV, OFT, RV}",000001,{Atria},18,3,0,111111,"{AB, AVC, Atria, LV, OFT, RV}",E8.5-201,42.0,Large
All,1,111111,"{AB, AVC, Atria, LV, OFT, RV}",000001,{Atria},18,3,1,110011,"{AB, Atria, OFT, RV}",E8.5-2,82.0,Large
All,1,111111,"{AB, AVC, Atria, LV, OFT, RV}",000001,{Atria},18,3,1,110011,"{AB, Atria, OFT, RV}",E8.5-170,142.0,
All,1,111111,"{AB, AVC, Atria, LV, OFT, RV}",000001,{Atria},18,3,1,110011,"{AB, Atria, OFT, RV}",E8.5-204,40.0,Large
All,1,111111,"{AB, AVC, Atria, LV, OFT, RV}",000001,{Atria},18,3,1,110011,"{AB, Atria, OFT, RV}",E8.5-238,52.0,Large
All,1,111111,"{AB, AVC, Atria, LV, OFT, RV}",000001,{Atria},18,3,1,110011,"{AB, Atria, OFT, RV}",E8.5-127,20.0,Small
All,1,111111,"{AB, AVC, Atria, LV, OFT, RV}",000001,{Atria},18,3,1,110011,"{AB, Atria, OFT, RV}",E8.5-178,4.0,Small
All,1,111111,"{AB, AVC, Atria, LV, OFT, RV}",000001,{Atria},18,3,1,110011,"{AB, Atria, OFT, RV}",E8.5-146,4.0,Small
All,1,111111,"{AB, AVC, Atria, LV, OFT, RV}",000001,{Atria},18,3,1,110011,"{AB, Atria, OFT, RV}",E8.5-21,5.0,Small
All,1,111111,"{AB, AVC, Atria, LV, OFT, RV}",000001,{Atria},18,3,1,110011,"{AB, Atria, OFT, RV}",E8.5-224,6.0,Small
All,1,111111,"{AB, AVC, Atria, LV, OFT, RV}",000001,{Atria},18,3,1,110011,"{AB, Atria, OFT, RV}",E8.5-6,7.0,Small
All,1,111111,"{AB, AVC, Atria, LV, OFT, RV}",000001,{Atria},18,3,1,110011,"{AB, Atria, OFT, RV}",E8.5-7,7.0,Small
All,1,111111,"{AB, AVC, Atria, LV, OFT, RV}",000001,{Atria},18,3,1,110011,"{AB, Atria, OFT, RV}",E8.5-116,8.0,Small
All,1,111111,"{AB, AVC, Atria, LV, OFT, RV}",000001,{Atria},18,3,1,110011,"{AB, Atria, OFT, RV}",E8.5-172,8.0,Small
All,1,111111,"{AB, AVC, Atria, LV, OFT, RV}",000001,{Atria},18,3,1,110011,"{AB, Atria, OFT, RV}",E8.5-193,10.0,Small
All,1,111111,"{AB, AVC, Atria, LV, OFT, RV}",000001,{Atria},18,3,1,110011,"{AB, Atria, OFT, RV}",E8.5-20,16.0,Small
All,1,111111,"{AB, AVC, Atria, LV, OFT, RV}",000001,{Atria},18,3,1,110011,"{AB, Atria, OFT, RV}",E8.5-138,16.0,Small
All,1,111111,"{AB, AVC, Atria, LV, OFT, RV}",000001,{Atria},18,3,1,110011,"{AB, Atria, OFT, RV}",E8.5-110,17.0,Small
All,1,111111,"{AB, AVC, Atria, LV, OFT, RV}",000001,{Atria},18,3,1,110011,"{AB, Atria, OFT, RV}",E8.5-221,20.0,Small
All,1,111111,"{AB, AVC, Atria, LV, OFT, RV}",000001,{Atria},18,3,1,110011,"{AB, Atria, OFT, RV}",E8.5-16,25.0,Small
All,1,111111,"{AB, AVC, Atria, LV, OFT, RV}",000001,{Atria},18,3,1,110011,"{AB, Atria, OFT, RV}",E8.5-201,42.0,Large
All,1,111111,"{AB, AVC, Atria, LV, OFT, RV}",000001,{Atria},18,3,2,010001,"{Atria, RV}",E8.5-2,82.0,Large
All,1,111111,"{AB, AVC, Atria, LV, OFT, RV}",000001,{Atria},18,3,2,010001,"{Atria, RV}",E8.5-170,142.0,
All,1,111111,"{AB, AVC, Atria, LV, OFT, RV}",000001,{Atria},18,3,2,010001,"{Atria, RV}",E8.5-204,40.0,Large
All,1,111111,"{AB, AVC, Atria, LV, OFT, RV}",000001,{Atria},18,3,2,010001,"{Atria, RV}",E8.5-238,52.0,Large
All,1,111111,"{AB, AVC, Atria, LV, OFT, RV}",000001,{Atria},18,3,2,010001,"{Atria, RV}",E8.5-127,20.0,Small
All,1,111111,"{AB, AVC, Atria, LV, OFT, RV}",000001,{Atria},18,3,2,010001,"{Atria, RV}",E8.5-178,4.0,Small
All,1,111111,"{AB, AVC, Atria, LV, OFT, RV}",000001,{Atria},18,3,2,010001,"{Atria, RV}",E8.5-146,4.0,Small
All,1,111111,"{AB, AVC, Atria, LV, OFT, RV}",000001,{Atria},18,3,2,010001,"{Atria, RV}",E8.5-21,5.0,Small
All,1,111111,"{AB, AVC, Atria, LV, OFT, RV}",000001,{Atria},18,3,2,010001,"{Atria, RV}",E8.5-224,6.0,Small
All,1,111111,"{AB, AVC, Atria, LV, OFT, RV}",000001,{Atria},18,3,2,010001,"{Atria, RV}",E8.5-6,7.0,Small
All,1,111111,"{AB, AVC, Atria, LV, OFT, RV}",000001,{Atria},18,3,2,010001,"{Atria, RV}",E8.5-7,7.0,Small
All,1,111111,"{AB, AVC, Atria, LV, OFT, RV}",000001,{Atria},18,3,2,010001,"{Atria, RV}",E8.5-116,8.0,Small
All,1,111111,"{AB, AVC, Atria, LV, OFT, RV}",000001,{Atria},18,3,2,010001,"{Atria, RV}",E8.5-172,8.0,Small
All,1,111111,"{AB, AVC, Atria, LV, OFT, RV}",000001,{Atria},18,3,2,010001,"{Atria, RV}",E8.5-193,10.0,Small
All,1,111111,"{AB, AVC, Atria, LV, OFT, RV}",000001,{Atria},18,3,2,010001,"{Atria, RV}",E8.5-20,16.0,Small
All,1,111111,"{AB, AVC, Atria, LV, OFT, RV}",000001,{Atria},18,3,2,010001,"{Atria, RV}",E8.5-138,16.0,Small
All,1,111111,"{AB, AVC, Atria, LV, OFT, RV}",000001,{Atria},18,3,2,010001,"{Atria, RV}",E8.5-110,17.0,Small
All,1,111111,"{AB, AVC, Atria, LV, OFT, RV}",000001,{Atria},18,3,2,010001,"{Atria, RV}",E8.5-221,20.0,Small
All,1,111111,"{AB, AVC, Atria, LV, OFT, RV}",000001,{Atria},18,3,2,010001,"{Atria, RV}",E8.5-16,25.0,Small
All,1,111111,"{AB, AVC, Atria, LV, OFT, RV}",000001,{Atria},18,3,2,010001,"{Atria, RV}",E8.5-201,42.0,Large
All,1,111111,"{AB, AVC, Atria, LV, OFT, RV}",000001,{Atria},18,3,3,000001,{Atria},E8.5-2,82.0,Large
All,1,111111,"{AB, AVC, Atria, LV, OFT, RV}",000001,{Atria},18,3,3,000001,{Atria},E8.5-170,142.0,
All,1,111111,"{AB, AVC, Atria, LV, OFT, RV}",000001,{Atria},18,3,3,000001,{Atria},E8.5-204,40.0,Large
All,1,111111,"{AB, AVC, Atria, LV, OFT, RV}",000001,{Atria},18,3,3,000001,{Atria},E8.5-238,52.0,Large
All,1,111111,"{AB, AVC, Atria, LV, OFT, RV}",000001,{Atria},18,3,3,000001,{Atria},E8.5-127,20.0,Small
All,1,111111,"{AB, AVC, Atria, LV, OFT, RV}",000001,{Atria},18,3,3,000001,{Atria},E8.5-178,4.0,Small
All,1,111111,"{AB, AVC, Atria, LV, OFT, RV}",000001,{Atria},18,3,3,000001,{Atria},E8.5-146,4.0,Small
All,1,111111,"{AB, AVC, Atria, LV, OFT, RV}",000001,{Atria},18,3,3,000001,{Atria},E8.5-21,5.0,Small
All,1,111111,"{AB, AVC, Atria, LV, OFT, RV}",000001,{Atria},18,3,3,000001,{Atria},E8.5-224,6.0,Small
All,1,111111,"{AB, AVC, Atria, LV, OFT, RV}",000001,{Atria},18,3,3,000001,{Atria},E8.5-6,7.0,Small
All,1,111111,"{AB, AVC, Atria, LV, OFT, RV}",000001,{Atria},18,3,3,000001,{Atria},E8.5-7,7.0,Small
All,1,111111,"{AB, AVC, Atria, LV, OFT, RV}",000001,{Atria},18,3,3,000001,{Atria},E8.5-116,8.0,Small
All,1,111111,"{AB, AVC, Atria, LV, OFT, RV}",000001,{Atria},18,3,3,000001,{Atria},E8.5-172,8.0,Small
All,1,111111,"{AB, AVC, Atria, LV, OFT, RV}",000001,{Atria},18,3,3,000001,{Atria},E8.5-193,10.0,Small
All,1,111111,"{AB, AVC, Atria, LV, OFT, RV}",000001,{Atria},18,3,3,000001,{Atria},E8.5-20,16.0,Small
All,1,111111,"{AB, AVC, Atria, LV, OFT, RV}",000001,{Atria},18,3,3,000001,{Atria},E8.5-138,16.0,Small
All,1,111111,"{AB, AVC, Atria, LV, OFT, RV}",000001,{Atria},18,3,3,000001,{Atria},E8.5-110,17.0,Small
All,1,111111,"{AB, AVC, Atria, LV, OFT, RV}",000001,{Atria},18,3,3,000001,{Atria},E8.5-221,20.0,Small
All,1,111111,"{AB, AVC, Atria, LV, OFT, RV}",000001,{Atria},18,3,3,000001,{Atria},E8.5-16,25.0,Small
All,1,111111,"{AB, AVC, Atria, LV, OFT, RV}",000001,{Atria},18,3,3,000001,{Atria},E8.5-201,42.0,Large
All,1,111111,"{AB, AVC, Atria, LV, OFT, RV}",000001,{Atria},19,3,0,111111,"{AB, AVC, Atria, LV, OFT, RV}",E8.5-2,82.0,Large
All,1,111111,"{AB, AVC, Atria, LV, OFT, RV}",000001,{Atria},19,3,0,111111,"{AB, AVC, Atria, LV, OFT, RV}",E8.5-170,142.0,
All,1,111111,"{AB, AVC, Atria, LV, OFT, RV}",000001,{Atria},19,3,0,111111,"{AB, AVC, Atria, LV, OFT, RV}",E8.5-166,36.0,Large
All,1,111111,"{AB, AVC, Atria, LV, OFT, RV}",000001,{Atria},19,3,0,111111,"{AB, AVC, Atria, LV, OFT, RV}",E8.5-77,35.0,Large
All,1,111111,"{AB, AVC, Atria, LV, OFT, RV}",000001,{Atria},19,3,0,111111,"{AB, AVC, Atria, LV, OFT, RV}",E8.5-178,4.0,Small
All,1,111111,"{AB, AVC, Atria, LV, OFT, RV}",000001,{Atria},19,3,0,111111,"{AB, AVC, Atria, LV, OFT, RV}",E8.5-146,4.0,Small
All,1,111111,"{AB, AVC, Atria, LV, OFT, RV}",000001,{Atria},19,3,0,111111,"{AB, AVC, Atria, LV, OFT, RV}",E8.5-21,5.0,Small
All,1,111111,"{AB, AVC, Atria, LV, OFT, RV}",000001,{Atria},19,3,0,111111,"{AB, AVC, Atria, LV, OFT, RV}",E8.5-224,6.0,Small
All,1,111111,"{AB, AVC, Atria, LV, OFT, RV}",000001,{Atria},19,3,0,111111,"{AB, AVC, Atria, LV, OFT, RV}",E8.5-6,7.0,Small
All,1,111111,"{AB, AVC, Atria, LV, OFT, RV}",000001,{Atria},19,3,0,111111,"{AB, AVC, Atria, LV, OFT, RV}",E8.5-7,7.0,Small
All,1,111111,"{AB, AVC, Atria, LV, OFT, RV}",000001,{Atria},19,3,0,111111,"{AB, AVC, Atria, LV, OFT, RV}",E8.5-116,8.0,Small
All,1,111111,"{AB, AVC, Atria, LV, OFT, RV}",000001,{Atria},19,3,0,111111,"{AB, AVC, Atria, LV, OFT, RV}",E8.5-172,8.0,Small
All,1,111111,"{AB, AVC, Atria, LV, OFT, RV}",000001,{Atria},19,3,0,111111,"{AB, AVC, Atria, LV, OFT, RV}",E8.5-193,10.0,Small
All,1,111111,"{AB, AVC, Atria, LV, OFT, RV}",000001,{Atria},19,3,0,111111,"{AB, AVC, Atria, LV, OFT, RV}",E8.5-20,16.0,Small
All,1,111111,"{AB, AVC, Atria, LV, OFT, RV}",000001,{Atria},19,3,0,111111,"{AB, AVC, Atria, LV, OFT, RV}",E8.5-138,16.0,Small
All,1,111111,"{AB, AVC, Atria, LV, OFT, RV}",000001,{Atria},19,3,0,111111,"{AB, AVC, Atria, LV, OFT, RV}",E8.5-110,17.0,Small
All,1,111111,"{AB, AVC, Atria, LV, OFT, RV}",000001,{Atria},19,3,0,111111,"{AB, AVC, Atria, LV, OFT, RV}",E8.5-221,20.0,Small
All,1,111111,"{AB, AVC, Atria, LV, OFT, RV}",000001,{Atria},19,3,0,111111,"{AB, AVC, Atria, LV, OFT, RV}",E8.5-16,25.0,Small
All,1,111111,"{AB, AVC, Atria, LV, OFT, RV}",000001,{Atria},19,3,0,111111,"{AB, AVC, Atria, LV, OFT, RV}",E8.5-201,42.0,Large
All,1,111111,"{AB, AVC, Atria, LV, OFT, RV}",000001,{Atria},19,3,1,011101,"{AVC, Atria, LV, RV}",E8.5-2,82.0,Large
All,1,111111,"{AB, AVC, Atria, LV, OFT, RV}",000001,{Atria},19,3,1,011101,"{AVC, Atria, LV, RV}",E8.5-170,142.0,
All,1,111111,"{AB, AVC, Atria, LV, OFT, RV}",000001,{Atria},19,3,1,011101,"{AVC, Atria, LV, RV}",E8.5-166,36.0,Large
All,1,111111,"{AB, AVC, Atria, LV, OFT, RV}",000001,{Atria},19,3,1,011101,"{AVC, Atria, LV, RV}",E8.5-77,35.0,Large
All,1,111111,"{AB, AVC, Atria, LV, OFT, RV}",000001,{Atria},19,3,1,011101,"{AVC, Atria, LV, RV}",E8.5-178,4.0,Small
All,1,111111,"{AB, AVC, Atria, LV, OFT, RV}",000001,{Atria},19,3,1,011101,"{AVC, Atria, LV, RV}",E8.5-146,4.0,Small
All,1,111111,"{AB, AVC, Atria, LV, OFT, RV}",000001,{Atria},19,3,1,011101,"{AVC, Atria, LV, RV}",E8.5-21,5.0,Small
All,1,111111,"{AB, AVC, Atria, LV, OFT, RV}",000001,{Atria},19,3,1,011101,"{AVC, Atria, LV, RV}",E8.5-224,6.0,Small
All,1,111111,"{AB, AVC, Atria, LV, OFT, RV}",000001,{Atria},19,3,1,011101,"{AVC, Atria, LV, RV}",E8.5-6,7.0,Small
All,1,111111,"{AB, AVC, Atria, LV, OFT, RV}",000001,{Atria},19,3,1,011101,"{AVC, Atria, LV, RV}",E8.5-7,7.0,Small
All,1,111111,"{AB, AVC, Atria, LV, OFT, RV}",000001,{Atria},19,3,1,011101,"{AVC, Atria, LV, RV}",E8.5-116,8.0,Small
All,1,111111,"{AB, AVC, Atria, LV, OFT, RV}",000001,{Atria},19,3,1,011101,"{AVC, Atria, LV, RV}",E8.5-172,8.0,Small
All,1,111111,"{AB, AVC, Atria, LV, OFT, RV}",000001,{Atria},19,3,1,011101,"{AVC, Atria, LV, RV}",E8.5-193,10.0,Small
All,1,111111,"{AB, AVC, Atria, LV, OFT, RV}",000001,{Atria},19,3,1,011101,"{AVC, Atria, LV, RV}",E8.5-20,16.0,Small
All,1,111111,"{AB, AVC, Atria, LV, OFT, RV}",000001,{Atria},19,3,1,011101,"{AVC, Atria, LV, RV}",E8.5-138,16.0,Small
All,1,111111,"{AB, AVC, Atria, LV, OFT, RV}",000001,{Atria},19,3,1,011101,"{AVC, Atria, LV, RV}",E8.5-110,17.0,Small
All,1,111111,"{AB, AVC, Atria, LV, OFT, RV}",000001,{Atria},19,3,1,011101,"{AVC, Atria, LV, RV}",E8.5-221,20.0,Small
All,1,111111,"{AB, AVC, Atria, LV, OFT, RV}",000001,{Atria},19,3,1,011101,"{AVC, Atria, LV, RV}",E8.5-16,25.0,Small
All,1,111111,"{AB, AVC, Atria, LV, OFT, RV}",000001,{Atria},19,3,1,011101,"{AVC, Atria, LV, RV}",E8.5-201,42.0,Large
All,1,111111,"{AB, AVC, Atria, LV, OFT, RV}",000001,{Atria},19,3,2,001101,"{AVC, Atria, LV}",E8.5-2,82.0,Large
All,1,111111,"{AB, AVC, Atria, LV, OFT, RV}",000001,{Atria},19,3,2,001101,"{AVC, Atria, LV}",E8.5-170,142.0,
All,1,111111,"{AB, AVC, Atria, LV, OFT, RV}",000001,{Atria},19,3,2,001101,"{AVC, Atria, LV}",E8.5-166,36.0,Large
All,1,111111,"{AB, AVC, Atria, LV, OFT, RV}",000001,{Atria},19,3,2,001101,"{AVC, Atria, LV}",E8.5-77,35.0,Large
All,1,111111,"{AB, AVC, Atria, LV, OFT, RV}",000001,{Atria},19,3,2,001101,"{AVC, Atria, LV}",E8.5-178,4.0,Small
All,1,111111,"{AB, AVC, Atria, LV, OFT, RV}",000001,{Atria},19,3,2,001101,"{AVC, Atria, LV}",E8.5-146,4.0,Small
All,1,111111,"{AB, AVC, Atria, LV, OFT, RV}",000001,{Atria},19,3,2,001101,"{AVC, Atria, LV}",E8.5-21,5.0,Small
All,1,111111,"{AB, AVC, Atria, LV, OFT, RV}",000001,{Atria},19,3,2,001101,"{AVC, Atria, LV}",E8.5-224,6.0,Small
All,1,111111,"{AB, AVC, Atria, LV, OFT, RV}",000001,{Atria},19,3,2,001101,"{AVC, Atria, LV}",E8.5-6,7.0,Small
All,1,111111,"{AB, AVC, Atria, LV, OFT, RV}",000001,{Atria},19,3,2,001101,"{AVC, Atria, LV}",E8.5-7,7.0,Small
All,1,111111,"{AB, AVC, Atria, LV, OFT, RV}",000001,{Atria},19,3,2,001101,"{AVC, Atria, LV}",E8.5-116,8.0,Small
All,1,111111,"{AB, AVC, Atria, LV, OFT, RV}",000001,{Atria},19,3,2,001101,"{AVC, Atria, LV}",E8.5-172,8.0,Small
All,1,111111,"{AB, AVC, Atria, LV, OFT, RV}",000001,{Atria},19,3,2,001101,"{AVC, Atria, LV}",E8.5-193,10.0,Small
All,1,111111,"{AB, AVC, Atria, LV, OFT, RV}",000001,{Atria},19,3,2,001101,"{AVC, Atria, LV}",E8.5-20,16.0,Small
All,1,111111,"{AB, AVC, Atria, LV, OFT, RV}",000001,{Atria},19,3,2,001101,"{AVC, Atria, LV}",E8.5-138,16.0,Small
All,1,111111,"{AB, AVC, Atria, LV, OFT, RV}",000001,{Atria},19,3,2,001101,"{AVC, Atria, LV}",E8.5-110,17.0,Small
All,1,111111,"{AB, AVC, Atria, LV, OFT, RV}",000001,{Atria},19,3,2,001101,"{AVC, Atria, LV}",E8.5-221,20.0,Small
All,1,111111,"{AB, AVC, Atria, LV, OFT, RV}",000001,{Atria},19,3,2,001101,"{AVC, Atria, LV}",E8.5-16,25.0,Small
All,1,111111,"{AB, AVC, Atria, LV, OFT, RV}",000001,{Atria},19,3,2,001101,"{AVC, Atria, LV}",E8.5-201,42.0,Large
All,1,111111,"{AB, AVC, Atria, LV, OFT, RV}",000001,{Atria},19,3,3,000001,{Atria},E8.5-2,82.0,Large
All,1,111111,"{AB, AVC, Atria, LV, OFT, RV}",000001,{Atria},19,3,3,000001,{Atria},E8.5-170,142.0,
All,1,111111,"{AB, AVC, Atria, LV, OFT, RV}",000001,{Atria},19,3,3,000001,{Atria},E8.5-166,36.0,Large
All,1,111111,"{AB, AVC, Atria, LV, OFT, RV}",000001,{Atria},19,3,3,000001,{Atria},E8.5-77,35.0,Large
All,1,111111,"{AB, AVC, Atria, LV, OFT, RV}",000001,{Atria},19,3,3,000001,{Atria},E8.5-178,4.0,Small
All,1,111111,"{AB, AVC, Atria, LV, OFT, RV}",000001,{Atria},19,3,3,000001,{Atria},E8.5-146,4.0,Small
All,1,111111,"{AB, AVC, Atria, LV, OFT, RV}",000001,{Atria},19,3,3,000001,{Atria},E8.5-21,5.0,Small
All,1,111111,"{AB, AVC, Atria, LV, OFT, RV}",000001,{Atria},19,3,3,000001,{Atria},E8.5-224,6.0,Small
All,1,111111,"{AB, AVC, Atria, LV, OFT, RV}",000001,{Atria},19,3,3,000001,{Atria},E8.5-6,7.0,Small
All,1,111111,"{AB, AVC, Atria, LV, OFT, RV}",000001,{Atria},19,3,3,000001,{Atria},E8.5-7,7.0,Small
All,1,111111,"{AB, AVC, Atria, LV, OFT, RV}",000001,{Atria},19,3,3,000001,{Atria},E8.5-116,8.0,Small
All,1,111111,"{AB, AVC, Atria, LV, OFT, RV}",000001,{Atria},19,3,3,000001,{Atria},E8.5-172,8.0,Small
All,1,111111,"{AB, AVC, Atria, LV, OFT, RV}",000001,{Atria},19,3,3,000001,{Atria},E8.5-193,10.0,Small
All,1,111111,"{AB, AVC, Atria, LV, OFT, RV}",000001,{Atria},19,3,3,000001,{Atria},E8.5-20,16.0,Small
All,1,111111,"{AB, AVC, Atria, LV, OFT, RV}",000001,{Atria},19,3,3,000001,{Atria},E8.5-138,16.0,Small
All,1,111111,"{AB, AVC, Atria, LV, OFT, RV}",000001,{Atria},19,3,3,000001,{Atria},E8.5-110,17.0,Small
All,1,111111,"{AB, AVC, Atria, LV, OFT, RV}",000001,{Atria},19,3,3,000001,{Atria},E8.5-221,20.0,Small
All,1,111111,"{AB, AVC, Atria, LV, OFT, RV}",000001,{Atria},19,3,3,000001,{Atria},E8.5-16,25.0,Small
All,1,111111,"{AB, AVC, Atria, LV, OFT, RV}",000001,{Atria},19,3,3,000001,{Atria},E8.5-201,42.0,Large
All,1,111111,"{AB, AVC, Atria, LV, OFT, RV}",000001,{Atria},20,4,0,111111,"{AB, AVC, Atria, LV, OFT, RV}",E8.5-2,82.0,Large
All,1,111111,"{AB, AVC, Atria, LV, OFT, RV}",000001,{Atria},20,4,0,111111,"{AB, AVC, Atria, LV, OFT, RV}",E8.5-170,142.0,
All,1,111111,"{AB, AVC, Atria, LV, OFT, RV}",000001,{Atria},20,4,0,111111,"{AB, AVC, Atria, LV, OFT, RV}",E8.5-191,36.0,Large
All,1,111111,"{AB, AVC, Atria, LV, OFT, RV}",000001,{Atria},20,4,0,111111,"{AB, AVC, Atria, LV, OFT, RV}",E8.5-14,32.0,Large
All,1,111111,"{AB, AVC, Atria, LV, OFT, RV}",000001,{Atria},20,4,0,111111,"{AB, AVC, Atria, LV, OFT, RV}",E8.5-155,6.0,Small
All,1,111111,"{AB, AVC, Atria, LV, OFT, RV}",000001,{Atria},20,4,0,111111,"{AB, AVC, Atria, LV, OFT, RV}",E8.5-35,17.0,Small
All,1,111111,"{AB, AVC, Atria, LV, OFT, RV}",000001,{Atria},20,4,0,111111,"{AB, AVC, Atria, LV, OFT, RV}",E8.5-44,37.0,Large
All,1,111111,"{AB, AVC, Atria, LV, OFT, RV}",000001,{Atria},20,4,0,111111,"{AB, AVC, Atria, LV, OFT, RV}",E8.5-178,4.0,Small
All,1,111111,"{AB, AVC, Atria, LV, OFT, RV}",000001,{Atria},20,4,0,111111,"{AB, AVC, Atria, LV, OFT, RV}",E8.5-146,4.0,Small
All,1,111111,"{AB, AVC, Atria, LV, OFT, RV}",000001,{Atria},20,4,0,111111,"{AB, AVC, Atria, LV, OFT, RV}",E8.5-21,5.0,Small
All,1,111111,"{AB, AVC, Atria, LV, OFT, RV}",000001,{Atria},20,4,0,111111,"{AB, AVC, Atria, LV, OFT, RV}",E8.5-224,6.0,Small
All,1,111111,"{AB, AVC, Atria, LV, OFT, RV}",000001,{Atria},20,4,0,111111,"{AB, AVC, Atria, LV, OFT, RV}",E8.5-6,7.0,Small
All,1,111111,"{AB, AVC, Atria, LV, OFT, RV}",000001,{Atria},20,4,0,111111,"{AB, AVC, Atria, LV, OFT, RV}",E8.5-7,7.0,Small
All,1,111111,"{AB, AVC, Atria, LV, OFT, RV}",000001,{Atria},20,4,0,111111,"{AB, AVC, Atria, LV, OFT, RV}",E8.5-116,8.0,Small
All,1,111111,"{AB, AVC, Atria, LV, OFT, RV}",000001,{Atria},20,4,0,111111,"{AB, AVC, Atria, LV, OFT, RV}",E8.5-172,8.0,Small
All,1,111111,"{AB, AVC, Atria, LV, OFT, RV}",000001,{Atria},20,4,0,111111,"{AB, AVC, Atria, LV, OFT, RV}",E8.5-193,10.0,Small
All,1,111111,"{AB, AVC, Atria, LV, OFT, RV}",000001,{Atria},20,4,0,111111,"{AB, AVC, Atria, LV, OFT, RV}",E8.5-20,16.0,Small
All,1,111111,"{AB, AVC, Atria, LV, OFT, RV}",000001,{Atria},20,4,0,111111,"{AB, AVC, Atria, LV, OFT, RV}",E8.5-138,16.0,Small
All,1,111111,"{AB, AVC, Atria, LV, OFT, RV}",000001,{Atria},20,4,0,111111,"{AB, AVC, Atria, LV, OFT, RV}",E8.5-110,17.0,Small
All,1,111111,"{AB, AVC, Atria, LV, OFT, RV}",000001,{Atria},20,4,0,111111,"{AB, AVC, Atria, LV, OFT, RV}",E8.5-221,20.0,Small
All,1,111111,"{AB, AVC, Atria, LV, OFT, RV}",000001,{Atria},20,4,0,111111,"{AB, AVC, Atria, LV, OFT, RV}",E8.5-16,25.0,Small
All,1,111111,"{AB, AVC, Atria, LV, OFT, RV}",000001,{Atria},20,4,0,111111,"{AB, AVC, Atria, LV, OFT, RV}",E8.5-201,42.0,Large
All,1,111111,"{AB, AVC, Atria, LV, OFT, RV}",000001,{Atria},20,4,1,110101,"{AVC, Atria, OFT, RV}",E8.5-2,82.0,Large
All,1,111111,"{AB, AVC, Atria, LV, OFT, RV}",000001,{Atria},20,4,1,110101,"{AVC, Atria, OFT, RV}",E8.5-170,142.0,
All,1,111111,"{AB, AVC, Atria, LV, OFT, RV}",000001,{Atria},20,4,1,110101,"{AVC, Atria, OFT, RV}",E8.5-191,36.0,Large
All,1,111111,"{AB, AVC, Atria, LV, OFT, RV}",000001,{Atria},20,4,1,110101,"{AVC, Atria, OFT, RV}",E8.5-14,32.0,Large
All,1,111111,"{AB, AVC, Atria, LV, OFT, RV}",000001,{Atria},20,4,1,110101,"{AVC, Atria, OFT, RV}",E8.5-155,6.0,Small
All,1,111111,"{AB, AVC, Atria, LV, OFT, RV}",000001,{Atria},20,4,1,110101,"{AVC, Atria, OFT, RV}",E8.5-35,17.0,Small
All,1,111111,"{AB, AVC, Atria, LV, OFT, RV}",000001,{Atria},20,4,1,110101,"{AVC, Atria, OFT, RV}",E8.5-44,37.0,Large
All,1,111111,"{AB, AVC, Atria, LV, OFT, RV}",000001,{Atria},20,4,1,110101,"{AVC, Atria, OFT, RV}",E8.5-178,4.0,Small
All,1,111111,"{AB, AVC, Atria, LV, OFT, RV}",000001,{Atria},20,4,1,110101,"{AVC, Atria, OFT, RV}",E8.5-146,4.0,Small
All,1,111111,"{AB, AVC, Atria, LV, OFT, RV}",000001,{Atria},20,4,1,110101,"{AVC, Atria, OFT, RV}",E8.5-21,5.0,Small
All,1,111111,"{AB, AVC, Atria, LV, OFT, RV}",000001,{Atria},20,4,1,110101,"{AVC, Atria, OFT, RV}",E8.5-224,6.0,Small
All,1,111111,"{AB, AVC, Atria, LV, OFT, RV}",000001,{Atria},20,4,1,110101,"{AVC, Atria, OFT, RV}",E8.5-6,7.0,Small
All,1,111111,"{AB, AVC, Atria, LV, OFT, RV}",000001,{Atria},20,4,1,110101,"{AVC, Atria, OFT, RV}",E8.5-7,7.0,Small
All,1,111111,"{AB, AVC, Atria, LV, OFT, RV}",000001,{Atria},20,4,1,110101,"{AVC, Atria, OFT, RV}",E8.5-116,8.0,Small
All,1,111111,"{AB, AVC, Atria, LV, OFT, RV}",000001,{Atria},20,4,1,110101,"{AVC, Atria, OFT, RV}",E8.5-172,8.0,Small
All,1,111111,"{AB, AVC, Atria, LV, OFT, RV}",000001,{Atria},20,4,1,110101,"{AVC, Atria, OFT, RV}",E8.5-193,10.0,Small
All,1,111111,"{AB, AVC, Atria, LV, OFT, RV}",000001,{Atria},20,4,1,110101,"{AVC, Atria, OFT, RV}",E8.5-20,16.0,Small
All,1,111111,"{AB, AVC, Atria, LV, OFT, RV}",000001,{Atria},20,4,1,110101,"{AVC, Atria, OFT, RV}",E8.5-138,16.0,Small
All,1,111111,"{AB, AVC, Atria, LV, OFT, RV}",000001,{Atria},20,4,1,110101,"{AVC, Atria, OFT, RV}",E8.5-110,17.0,Small
All,1,111111,"{AB, AVC, Atria, LV, OFT, RV}",000001,{Atria},20,4,1,110101,"{AVC, Atria, OFT, RV}",E8.5-221,20.0,Small
All,1,111111,"{AB, AVC, Atria, LV, OFT, RV}",000001,{Atria},20,4,1,110101,"{AVC, Atria, OFT, RV}",E8.5-16,25.0,Small
All,1,111111,"{AB, AVC, Atria, LV, OFT, RV}",000001,{Atria},20,4,1,110101,"{AVC, Atria, OFT, RV}",E8.5-201,42.0,Large
All,1,111111,"{AB, AVC, Atria, LV, OFT, RV}",000001,{Atria},20,4,2,110001,"{Atria, OFT, RV}",E8.5-2,82.0,Large
All,1,111111,"{AB, AVC, Atria, LV, OFT, RV}",000001,{Atria},20,4,2,110001,"{Atria, OFT, RV}",E8.5-170,142.0,
All,1,111111,"{AB, AVC, Atria, LV, OFT, RV}",000001,{Atria},20,4,2,110001,"{Atria, OFT, RV}",E8.5-191,36.0,Large
All,1,111111,"{AB, AVC, Atria, LV, OFT, RV}",000001,{Atria},20,4,2,110001,"{Atria, OFT, RV}",E8.5-14,32.0,Large
All,1,111111,"{AB, AVC, Atria, LV, OFT, RV}",000001,{Atria},20,4,2,110001,"{Atria, OFT, RV}",E8.5-155,6.0,Small
All,1,111111,"{AB, AVC, Atria, LV, OFT, RV}",000001,{Atria},20,4,2,110001,"{Atria, OFT, RV}",E8.5-35,17.0,Small
All,1,111111,"{AB, AVC, Atria, LV, OFT, RV}",000001,{Atria},20,4,2,110001,"{Atria, OFT, RV}",E8.5-44,37.0,Large
All,1,111111,"{AB, AVC, Atria, LV, OFT, RV}",000001,{Atria},20,4,2,110001,"{Atria, OFT, RV}",E8.5-178,4.0,Small
All,1,111111,"{AB, AVC, Atria, LV, OFT, RV}",000001,{Atria},20,4,2,110001,"{Atria, OFT, RV}",E8.5-146,4.0,Small
All,1,111111,"{AB, AVC, Atria, LV, OFT, RV}",000001,{Atria},20,4,2,110001,"{Atria, OFT, RV}",E8.5-21,5.0,Small
All,1,111111,"{AB, AVC, Atria, LV, OFT, RV}",000001,{Atria},20,4,2,110001,"{Atria, OFT, RV}",E8.5-224,6.0,Small
All,1,111111,"{AB, AVC, Atria, LV, OFT, RV}",000001,{Atria},20,4,2,110001,"{Atria, OFT, RV}",E8.5-6,7.0,Small
All,1,111111,"{AB, AVC, Atria, LV, OFT, RV}",000001,{Atria},20,4,2,110001,"{Atria, OFT, RV}",E8.5-7,7.0,Small
All,1,111111,"{AB, AVC, Atria, LV, OFT, RV}",000001,{Atria},20,4,2,110001,"{Atria, OFT, RV}",E8.5-116,8.0,Small
All,1,111111,"{AB, AVC, Atria, LV, OFT, RV}",000001,{Atria},20,4,2,110001,"{Atria, OFT, RV}",E8.5-172,8.0,Small
All,1,111111,"{AB, AVC, Atria, LV, OFT, RV}",000001,{Atria},20,4,2,110001,"{Atria, OFT, RV}",E8.5-193,10.0,Small
All,1,111111,"{AB, AVC, Atria, LV, OFT, RV}",000001,{Atria},20,4,2,110001,"{Atria, OFT, RV}",E8.5-20,16.0,Small
All,1,111111,"{AB, AVC, Atria, LV, OFT, RV}",000001,{Atria},20,4,2,110001,"{Atria, OFT, RV}",E8.5-138,16.0,Small
All,1,111111,"{AB, AVC, Atria, LV, OFT, RV}",000001,{Atria},20,4,2,110001,"{Atria, OFT, RV}",E8.5-110,17.0,Small
All,1,111111,"{AB, AVC, Atria, LV, OFT, RV}",000001,{Atria},20,4,2,110001,"{Atria, OFT, RV}",E8.5-221,20.0,Small
All,1,111111,"{AB, AVC, Atria, LV, OFT, RV}",000001,{Atria},20,4,2,110001,"{Atria, OFT, RV}",E8.5-16,25.0,Small
All,1,111111,"{AB, AVC, Atria, LV, OFT, RV}",000001,{Atria},20,4,2,110001,"{Atria, OFT, RV}",E8.5-201,42.0,Large
All,1,111111,"{AB, AVC, Atria, LV, OFT, RV}",000001,{Atria},20,4,3,100001,"{Atria, OFT}",E8.5-2,82.0,Large
All,1,111111,"{AB, AVC, Atria, LV, OFT, RV}",000001,{Atria},20,4,3,100001,"{Atria, OFT}",E8.5-170,142.0,
All,1,111111,"{AB, AVC, Atria, LV, OFT, RV}",000001,{Atria},20,4,3,100001,"{Atria, OFT}",E8.5-191,36.0,Large
All,1,111111,"{AB, AVC, Atria, LV, OFT, RV}",000001,{Atria},20,4,3,100001,"{Atria, OFT}",E8.5-14,32.0,Large
All,1,111111,"{AB, AVC, Atria, LV, OFT, RV}",000001,{Atria},20,4,3,100001,"{Atria, OFT}",E8.5-155,6.0,Small
All,1,111111,"{AB, AVC, Atria, LV, OFT, RV}",000001,{Atria},20,4,3,100001,"{Atria, OFT}",E8.5-35,17.0,Small
All,1,111111,"{AB, AVC, Atria, LV, OFT, RV}",000001,{Atria},20,4,3,100001,"{Atria, OFT}",E8.5-44,37.0,Large
All,1,111111,"{AB, AVC, Atria, LV, OFT, RV}",000001,{Atria},20,4,3,100001,"{Atria, OFT}",E8.5-178,4.0,Small
All,1,111111,"{AB, AVC, Atria, LV, OFT, RV}",000001,{Atria},20,4,3,100001,"{Atria, OFT}",E8.5-146,4.0,Small
All,1,111111,"{AB, AVC, Atria, LV, OFT, RV}",000001,{Atria},20,4,3,100001,"{Atria, OFT}",E8.5-21,5.0,Small
All,1,111111,"{AB, AVC, Atria, LV, OFT, RV}",000001,{Atria},20,4,3,100001,"{Atria, OFT}",E8.5-224,6.0,Small
All,1,111111,"{AB, AVC, Atria, LV, OFT, RV}",000001,{Atria},20,4,3,100001,"{Atria, OFT}",E8.5-6,7.0,Small
All,1,111111,"{AB, AVC, Atria, LV, OFT, RV}",000001,{Atria},20,4,3,100001,"{Atria, OFT}",E8.5-7,7.0,Small
All,1,111111,"{AB, AVC, Atria, LV, OFT, RV}",000001,{Atria},20,4,3,100001,"{Atria, OFT}",E8.5-116,8.0,Small
All,1,111111,"{AB, AVC, Atria, LV, OFT, RV}",000001,{Atria},20,4,3,100001,"{Atria, OFT}",E8.5-172,8.0,Small
All,1,111111,"{AB, AVC, Atria, LV, OFT, RV}",000001,{Atria},20,4,3,100001,"{Atria, OFT}",E8.5-193,10.0,Small
All,1,111111,"{AB, AVC, Atria, LV, OFT, RV}",000001,{Atria},20,4,3,100001,"{Atria, OFT}",E8.5-20,16.0,Small
All,1,111111,"{AB, AVC, Atria, LV, OFT, RV}",000001,{Atria},20,4,3,100001,"{Atria, OFT}",E8.5-138,16.0,Small
All,1,111111,"{AB, AVC, Atria, LV, OFT, RV}",000001,{Atria},20,4,3,100001,"{Atria, OFT}",E8.5-110,17.0,Small
All,1,111111,"{AB, AVC, Atria, LV, OFT, RV}",000001,{Atria},20,4,3,100001,"{Atria, OFT}",E8.5-221,20.0,Small
All,1,111111,"{AB, AVC, Atria, LV, OFT, RV}",000001,{Atria},20,4,3,100001,"{Atria, OFT}",E8.5-16,25.0,Small
All,1,111111,"{AB, AVC, Atria, LV, OFT, RV}",000001,{Atria},20,4,3,100001,"{Atria, OFT}",E8.5-201,42.0,Large
All,1,111111,"{AB, AVC, Atria, LV, OFT, RV}",000001,{Atria},20,4,4,000001,{Atria},E8.5-2,82.0,Large
All,1,111111,"{AB, AVC, Atria, LV, OFT, RV}",000001,{Atria},20,4,4,000001,{Atria},E8.5-170,142.0,
All,1,111111,"{AB, AVC, Atria, LV, OFT, RV}",000001,{Atria},20,4,4,000001,{Atria},E8.5-191,36.0,Large
All,1,111111,"{AB, AVC, Atria, LV, OFT, RV}",000001,{Atria},20,4,4,000001,{Atria},E8.5-14,32.0,Large
All,1,111111,"{AB, AVC, Atria, LV, OFT, RV}",000001,{Atria},20,4,4,000001,{Atria},E8.5-155,6.0,Small
All,1,111111,"{AB, AVC, Atria, LV, OFT, RV}",000001,{Atria},20,4,4,000001,{Atria},E8.5-35,17.0,Small
All,1,111111,"{AB, AVC, Atria, LV, OFT, RV}",000001,{Atria},20,4,4,000001,{Atria},E8.5-44,37.0,Large
All,1,111111,"{AB, AVC, Atria, LV, OFT, RV}",000001,{Atria},20,4,4,000001,{Atria},E8.5-178,4.0,Small
All,1,111111,"{AB, AVC, Atria, LV, OFT, RV}",000001,{Atria},20,4,4,000001,{Atria},E8.5-146,4.0,Small
All,1,111111,"{AB, AVC, Atria, LV, OFT, RV}",000001,{Atria},20,4,4,000001,{Atria},E8.5-21,5.0,Small
All,1,111111,"{AB, AVC, Atria, LV, OFT, RV}",000001,{Atria},20,4,4,000001,{Atria},E8.5-224,6.0,Small
All,1,111111,"{AB, AVC, Atria, LV, OFT, RV}",000001,{Atria},20,4,4,000001,{Atria},E8.5-6,7.0,Small
All,1,111111,"{AB, AVC, Atria, LV, OFT, RV}",000001,{Atria},20,4,4,000001,{Atria},E8.5-7,7.0,Small
All,1,111111,"{AB, AVC, Atria, LV, OFT, RV}",000001,{Atria},20,4,4,000001,{Atria},E8.5-116,8.0,Small
All,1,111111,"{AB, AVC, Atria, LV, OFT, RV}",000001,{Atria},20,4,4,000001,{Atria},E8.5-172,8.0,Small
All,1,111111,"{AB, AVC, Atria, LV, OFT, RV}",000001,{Atria},20,4,4,000001,{Atria},E8.5-193,10.0,Small
All,1,111111,"{AB, AVC, Atria, LV, OFT, RV}",000001,{Atria},20,4,4,000001,{Atria},E8.5-20,16.0,Small
All,1,111111,"{AB, AVC, Atria, LV, OFT, RV}",000001,{Atria},20,4,4,000001,{Atria},E8.5-138,16.0,Small
All,1,111111,"{AB, AVC, Atria, LV, OFT, RV}",000001,{Atria},20,4,4,000001,{Atria},E8.5-110,17.0,Small
All,1,111111,"{AB, AVC, Atria, LV, OFT, RV}",000001,{Atria},20,4,4,000001,{Atria},E8.5-221,20.0,Small
All,1,111111,"{AB, AVC, Atria, LV, OFT, RV}",000001,{Atria},20,4,4,000001,{Atria},E8.5-16,25.0,Small
All,1,111111,"{AB, AVC, Atria, LV, OFT, RV}",000001,{Atria},20,4,4,000001,{Atria},E8.5-201,42.0,Large
All,1,111111,"{AB, AVC, Atria, LV, OFT, RV}",000001,{Atria},21,3,0,111111,"{AB, AVC, Atria, LV, OFT, RV}",E8.5-2,82.0,Large
All,1,111111,"{AB, AVC, Atria, LV, OFT, RV}",000001,{Atria},21,3,0,111111,"{AB, AVC, Atria, LV, OFT, RV}",E8.5-170,142.0,
All,1,111111,"{AB, AVC, Atria, LV, OFT, RV}",000001,{Atria},21,3,0,111111,"{AB, AVC, Atria, LV, OFT, RV}",E8.5-191,36.0,Large
All,1,111111,"{AB, AVC, Atria, LV, OFT, RV}",000001,{Atria},21,3,0,111111,"{AB, AVC, Atria, LV, OFT, RV}",E8.5-14,32.0,Large
All,1,111111,"{AB, AVC, Atria, LV, OFT, RV}",000001,{Atria},21,3,0,111111,"{AB, AVC, Atria, LV, OFT, RV}",E8.5-178,4.0,Small
All,1,111111,"{AB, AVC, Atria, LV, OFT, RV}",000001,{Atria},21,3,0,111111,"{AB, AVC, Atria, LV, OFT, RV}",E8.5-146,4.0,Small
All,1,111111,"{AB, AVC, Atria, LV, OFT, RV}",000001,{Atria},21,3,0,111111,"{AB, AVC, Atria, LV, OFT, RV}",E8.5-21,5.0,Small
All,1,111111,"{AB, AVC, Atria, LV, OFT, RV}",000001,{Atria},21,3,0,111111,"{AB, AVC, Atria, LV, OFT, RV}",E8.5-224,6.0,Small
All,1,111111,"{AB, AVC, Atria, LV, OFT, RV}",000001,{Atria},21,3,0,111111,"{AB, AVC, Atria, LV, OFT, RV}",E8.5-6,7.0,Small
All,1,111111,"{AB, AVC, Atria, LV, OFT, RV}",000001,{Atria},21,3,0,111111,"{AB, AVC, Atria, LV, OFT, RV}",E8.5-7,7.0,Small
All,1,111111,"{AB, AVC, Atria, LV, OFT, RV}",000001,{Atria},21,3,0,111111,"{AB, AVC, Atria, LV, OFT, RV}",E8.5-116,8.0,Small
All,1,111111,"{AB, AVC, Atria, LV, OFT, RV}",000001,{Atria},21,3,0,111111,"{AB, AVC, Atria, LV, OFT, RV}",E8.5-172,8.0,Small
All,1,111111,"{AB, AVC, Atria, LV, OFT, RV}",000001,{Atria},21,3,0,111111,"{AB, AVC, Atria, LV, OFT, RV}",E8.5-193,10.0,Small
All,1,111111,"{AB, AVC, Atria, LV, OFT, RV}",000001,{Atria},21,3,0,111111,"{AB, AVC, Atria, LV, OFT, RV}",E8.5-20,16.0,Small
All,1,111111,"{AB, AVC, Atria, LV, OFT, RV}",000001,{Atria},21,3,0,111111,"{AB, AVC, Atria, LV, OFT, RV}",E8.5-138,16.0,Small
All,1,111111,"{AB, AVC, Atria, LV, OFT, RV}",000001,{Atria},21,3,0,111111,"{AB, AVC, Atria, LV, OFT, RV}",E8.5-110,17.0,Small
All,1,111111,"{AB, AVC, Atria, LV, OFT, RV}",000001,{Atria},21,3,0,111111,"{AB, AVC, Atria, LV, OFT, RV}",E8.5-221,20.0,Small
All,1,111111,"{AB, AVC, Atria, LV, OFT, RV}",000001,{Atria},21,3,0,111111,"{AB, AVC, Atria, LV, OFT, RV}",E8.5-16,25.0,Small
All,1,111111,"{AB, AVC, Atria, LV, OFT, RV}",000001,{Atria},21,3,0,111111,"{AB, AVC, Atria, LV, OFT, RV}",E8.5-201,42.0,Large
All,1,111111,"{AB, AVC, Atria, LV, OFT, RV}",000001,{Atria},21,3,1,110101,"{AVC, Atria, OFT, RV}",E8.5-2,82.0,Large
All,1,111111,"{AB, AVC, Atria, LV, OFT, RV}",000001,{Atria},21,3,1,110101,"{AVC, Atria, OFT, RV}",E8.5-170,142.0,
All,1,111111,"{AB, AVC, Atria, LV, OFT, RV}",000001,{Atria},21,3,1,110101,"{AVC, Atria, OFT, RV}",E8.5-191,36.0,Large
All,1,111111,"{AB, AVC, Atria, LV, OFT, RV}",000001,{Atria},21,3,1,110101,"{AVC, Atria, OFT, RV}",E8.5-14,32.0,Large
All,1,111111,"{AB, AVC, Atria, LV, OFT, RV}",000001,{Atria},21,3,1,110101,"{AVC, Atria, OFT, RV}",E8.5-178,4.0,Small
All,1,111111,"{AB, AVC, Atria, LV, OFT, RV}",000001,{Atria},21,3,1,110101,"{AVC, Atria, OFT, RV}",E8.5-146,4.0,Small
All,1,111111,"{AB, AVC, Atria, LV, OFT, RV}",000001,{Atria},21,3,1,110101,"{AVC, Atria, OFT, RV}",E8.5-21,5.0,Small
All,1,111111,"{AB, AVC, Atria, LV, OFT, RV}",000001,{Atria},21,3,1,110101,"{AVC, Atria, OFT, RV}",E8.5-224,6.0,Small
All,1,111111,"{AB, AVC, Atria, LV, OFT, RV}",000001,{Atria},21,3,1,110101,"{AVC, Atria, OFT, RV}",E8.5-6,7.0,Small
All,1,111111,"{AB, AVC, Atria, LV, OFT, RV}",000001,{Atria},21,3,1,110101,"{AVC, Atria, OFT, RV}",E8.5-7,7.0,Small
All,1,111111,"{AB, AVC, Atria, LV, OFT, RV}",000001,{Atria},21,3,1,110101,"{AVC, Atria, OFT, RV}",E8.5-116,8.0,Small
All,1,111111,"{AB, AVC, Atria, LV, OFT, RV}",000001,{Atria},21,3,1,110101,"{AVC, Atria, OFT, RV}",E8.5-172,8.0,Small
All,1,111111,"{AB, AVC, Atria, LV, OFT, RV}",000001,{Atria},21,3,1,110101,"{AVC, Atria, OFT, RV}",E8.5-193,10.0,Small
All,1,111111,"{AB, AVC, Atria, LV, OFT, RV}",000001,{Atria},21,3,1,110101,"{AVC, Atria, OFT, RV}",E8.5-20,16.0,Small
All,1,111111,"{AB, AVC, Atria, LV, OFT, RV}",000001,{Atria},21,3,1,110101,"{AVC, Atria, OFT, RV}",E8.5-138,16.0,Small
All,1,111111,"{AB, AVC, Atria, LV, OFT, RV}",000001,{Atria},21,3,1,110101,"{AVC, Atria, OFT, RV}",E8.5-110,17.0,Small
All,1,111111,"{AB, AVC, Atria, LV, OFT, RV}",000001,{Atria},21,3,1,110101,"{AVC, Atria, OFT, RV}",E8.5-221,20.0,Small
All,1,111111,"{AB, AVC, Atria, LV, OFT, RV}",000001,{Atria},21,3,1,110101,"{AVC, Atria, OFT, RV}",E8.5-16,25.0,Small
All,1,111111,"{AB, AVC, Atria, LV, OFT, RV}",000001,{Atria},21,3,1,110101,"{AVC, Atria, OFT, RV}",E8.5-201,42.0,Large
All,1,111111,"{AB, AVC, Atria, LV, OFT, RV}",000001,{Atria},21,3,2,110001,"{Atria, OFT, RV}",E8.5-2,82.0,Large
All,1,111111,"{AB, AVC, Atria, LV, OFT, RV}",000001,{Atria},21,3,2,110001,"{Atria, OFT, RV}",E8.5-170,142.0,
All,1,111111,"{AB, AVC, Atria, LV, OFT, RV}",000001,{Atria},21,3,2,110001,"{Atria, OFT, RV}",E8.5-191,36.0,Large
All,1,111111,"{AB, AVC, Atria, LV, OFT, RV}",000001,{Atria},21,3,2,110001,"{Atria, OFT, RV}",E8.5-14,32.0,Large
All,1,111111,"{AB, AVC, Atria, LV, OFT, RV}",000001,{Atria},21,3,2,110001,"{Atria, OFT, RV}",E8.5-178,4.0,Small
All,1,111111,"{AB, AVC, Atria, LV, OFT, RV}",000001,{Atria},21,3,2,110001,"{Atria, OFT, RV}",E8.5-146,4.0,Small
All,1,111111,"{AB, AVC, Atria, LV, OFT, RV}",000001,{Atria},21,3,2,110001,"{Atria, OFT, RV}",E8.5-21,5.0,Small
All,1,111111,"{AB, AVC, Atria, LV, OFT, RV}",000001,{Atria},21,3,2,110001,"{Atria, OFT, RV}",E8.5-224,6.0,Small
All,1,111111,"{AB, AVC, Atria, LV, OFT, RV}",000001,{Atria},21,3,2,110001,"{Atria, OFT, RV}",E8.5-6,7.0,Small
All,1,111111,"{AB, AVC, Atria, LV, OFT, RV}",000001,{Atria},21,3,2,110001,"{Atria, OFT, RV}",E8.5-7,7.0,Small
All,1,111111,"{AB, AVC, Atria, LV, OFT, RV}",000001,{Atria},21,3,2,110001,"{Atria, OFT, RV}",E8.5-116,8.0,Small
All,1,111111,"{AB, AVC, Atria, LV, OFT, RV}",000001,{Atria},21,3,2,110001,"{Atria, OFT, RV}",E8.5-172,8.0,Small
All,1,111111,"{AB, AVC, Atria, LV, OFT, RV}",000001,{Atria},21,3,2,110001,"{Atria, OFT, RV}",E8.5-193,10.0,Small
All,1,111111,"{AB, AVC, Atria, LV, OFT, RV}",000001,{Atria},21,3,2,110001,"{Atria, OFT, RV}",E8.5-20,16.0,Small
All,1,111111,"{AB, AVC, Atria, LV, OFT, RV}",000001,{Atria},21,3,2,110001,"{Atria, OFT, RV}",E8.5-138,16.0,Small
All,1,111111,"{AB, AVC, Atria, LV, OFT, RV}",000001,{Atria},21,3,2,110001,"{Atria, OFT, RV}",E8.5-110,17.0,Small
All,1,111111,"{AB, AVC, Atria, LV, OFT, RV}",000001,{Atria},21,3,2,110001,"{Atria, OFT, RV}",E8.5-221,20.0,Small
All,1,111111,"{AB, AVC, Atria, LV, OFT, RV}",000001,{Atria},21,3,2,110001,"{Atria, OFT, RV}",E8.5-16,25.0,Small
All,1,111111,"{AB, AVC, Atria, LV, OFT, RV}",000001,{Atria},21,3,2,110001,"{Atria, OFT, RV}",E8.5-201,42.0,Large
All,1,111111,"{AB, AVC, Atria, LV, OFT, RV}",000001,{Atria},21,3,3,000001,{Atria},E8.5-2,82.0,Large
All,1,111111,"{AB, AVC, Atria, LV, OFT, RV}",000001,{Atria},21,3,3,000001,{Atria},E8.5-170,142.0,
All,1,111111,"{AB, AVC, Atria, LV, OFT, RV}",000001,{Atria},21,3,3,000001,{Atria},E8.5-191,36.0,Large
All,1,111111,"{AB, AVC, Atria, LV, OFT, RV}",000001,{Atria},21,3,3,000001,{Atria},E8.5-14,32.0,Large
All,1,111111,"{AB, AVC, Atria, LV, OFT, RV}",000001,{Atria},21,3,3,000001,{Atria},E8.5-178,4.0,Small
All,1,111111,"{AB, AVC, Atria, LV, OFT, RV}",000001,{Atria},21,3,3,000001,{Atria},E8.5-146,4.0,Small
All,1,111111,"{AB, AVC, Atria, LV, OFT, RV}",000001,{Atria},21,3,3,000001,{Atria},E8.5-21,5.0,Small
All,1,111111,"{AB, AVC, Atria, LV, OFT, RV}",000001,{Atria},21,3,3,000001,{Atria},E8.5-224,6.0,Small
All,1,111111,"{AB, AVC, Atria, LV, OFT, RV}",000001,{Atria},21,3,3,000001,{Atria},E8.5-6,7.0,Small
All,1,111111,"{AB, AVC, Atria, LV, OFT, RV}",000001,{Atria},21,3,3,000001,{Atria},E8.5-7,7.0,Small
All,1,111111,"{AB, AVC, Atria, LV, OFT, RV}",000001,{Atria},21,3,3,000001,{Atria},E8.5-116,8.0,Small
All,1,111111,"{AB, AVC, Atria, LV, OFT, RV}",000001,{Atria},21,3,3,000001,{Atria},E8.5-172,8.0,Small
All,1,111111,"{AB, AVC, Atria, LV, OFT, RV}",000001,{Atria},21,3,3,000001,{Atria},E8.5-193,10.0,Small
All,1,111111,"{AB, AVC, Atria, LV, OFT, RV}",000001,{Atria},21,3,3,000001,{Atria},E8.5-20,16.0,Small
All,1,111111,"{AB, AVC, Atria, LV, OFT, RV}",000001,{Atria},21,3,3,000001,{Atria},E8.5-138,16.0,Small
All,1,111111,"{AB, AVC, Atria, LV, OFT, RV}",000001,{Atria},21,3,3,000001,{Atria},E8.5-110,17.0,Small
All,1,111111,"{AB, AVC, Atria, LV, OFT, RV}",000001,{Atria},21,3,3,000001,{Atria},E8.5-221,20.0,Small
All,1,111111,"{AB, AVC, Atria, LV, OFT, RV}",000001,{Atria},21,3,3,000001,{Atria},E8.5-16,25.0,Small
All,1,111111,"{AB, AVC, Atria, LV, OFT, RV}",000001,{Atria},21,3,3,000001,{Atria},E8.5-201,42.0,Large
All,1,111111,"{AB, AVC, Atria, LV, OFT, RV}",000001,{Atria},22,3,0,111111,"{AB, AVC, Atria, LV, OFT, RV}",E8.5-2,82.0,Large
All,1,111111,"{AB, AVC, Atria, LV, OFT, RV}",000001,{Atria},22,3,0,111111,"{AB, AVC, Atria, LV, OFT, RV}",E8.5-170,142.0,
All,1,111111,"{AB, AVC, Atria, LV, OFT, RV}",000001,{Atria},22,3,0,111111,"{AB, AVC, Atria, LV, OFT, RV}",E8.5-191,36.0,Large
All,1,111111,"{AB, AVC, Atria, LV, OFT, RV}",000001,{Atria},22,3,0,111111,"{AB, AVC, Atria, LV, OFT, RV}",E8.5-155,6.0,Small
All,1,111111,"{AB, AVC, Atria, LV, OFT, RV}",000001,{Atria},22,3,0,111111,"{AB, AVC, Atria, LV, OFT, RV}",E8.5-35,17.0,Small
All,1,111111,"{AB, AVC, Atria, LV, OFT, RV}",000001,{Atria},22,3,0,111111,"{AB, AVC, Atria, LV, OFT, RV}",E8.5-44,37.0,Large
All,1,111111,"{AB, AVC, Atria, LV, OFT, RV}",000001,{Atria},22,3,0,111111,"{AB, AVC, Atria, LV, OFT, RV}",E8.5-178,4.0,Small
All,1,111111,"{AB, AVC, Atria, LV, OFT, RV}",000001,{Atria},22,3,0,111111,"{AB, AVC, Atria, LV, OFT, RV}",E8.5-146,4.0,Small
All,1,111111,"{AB, AVC, Atria, LV, OFT, RV}",000001,{Atria},22,3,0,111111,"{AB, AVC, Atria, LV, OFT, RV}",E8.5-21,5.0,Small
All,1,111111,"{AB, AVC, Atria, LV, OFT, RV}",000001,{Atria},22,3,0,111111,"{AB, AVC, Atria, LV, OFT, RV}",E8.5-224,6.0,Small
All,1,111111,"{AB, AVC, Atria, LV, OFT, RV}",000001,{Atria},22,3,0,111111,"{AB, AVC, Atria, LV, OFT, RV}",E8.5-6,7.0,Small
All,1,111111,"{AB, AVC, Atria, LV, OFT, RV}",000001,{Atria},22,3,0,111111,"{AB, AVC, Atria, LV, OFT, RV}",E8.5-7,7.0,Small
All,1,111111,"{AB, AVC, Atria, LV, OFT, RV}",000001,{Atria},22,3,0,111111,"{AB, AVC, Atria, LV, OFT, RV}",E8.5-116,8.0,Small
All,1,111111,"{AB, AVC, Atria, LV, OFT, RV}",000001,{Atria},22,3,0,111111,"{AB, AVC, Atria, LV, OFT, RV}",E8.5-172,8.0,Small
All,1,111111,"{AB, AVC, Atria, LV, OFT, RV}",000001,{Atria},22,3,0,111111,"{AB, AVC, Atria, LV, OFT, RV}",E8.5-193,10.0,Small
All,1,111111,"{AB, AVC, Atria, LV, OFT, RV}",000001,{Atria},22,3,0,111111,"{AB, AVC, Atria, LV, OFT, RV}",E8.5-20,16.0,Small
All,1,111111,"{AB, AVC, Atria, LV, OFT, RV}",000001,{Atria},22,3,0,111111,"{AB, AVC, Atria, LV, OFT, RV}",E8.5-138,16.0,Small
All,1,111111,"{AB, AVC, Atria, LV, OFT, RV}",000001,{Atria},22,3,0,111111,"{AB, AVC, Atria, LV, OFT, RV}",E8.5-110,17.0,Small
All,1,111111,"{AB, AVC, Atria, LV, OFT, RV}",000001,{Atria},22,3,0,111111,"{AB, AVC, Atria, LV, OFT, RV}",E8.5-221,20.0,Small
All,1,111111,"{AB, AVC, Atria, LV, OFT, RV}",000001,{Atria},22,3,0,111111,"{AB, AVC, Atria, LV, OFT, RV}",E8.5-16,25.0,Small
All,1,111111,"{AB, AVC, Atria, LV, OFT, RV}",000001,{Atria},22,3,0,111111,"{AB, AVC, Atria, LV, OFT, RV}",E8.5-201,42.0,Large
All,1,111111,"{AB, AVC, Atria, LV, OFT, RV}",000001,{Atria},22,3,1,110101,"{AVC, Atria, OFT, RV}",E8.5-2,82.0,Large
All,1,111111,"{AB, AVC, Atria, LV, OFT, RV}",000001,{Atria},22,3,1,110101,"{AVC, Atria, OFT, RV}",E8.5-170,142.0,
All,1,111111,"{AB, AVC, Atria, LV, OFT, RV}",000001,{Atria},22,3,1,110101,"{AVC, Atria, OFT, RV}",E8.5-191,36.0,Large
All,1,111111,"{AB, AVC, Atria, LV, OFT, RV}",000001,{Atria},22,3,1,110101,"{AVC, Atria, OFT, RV}",E8.5-155,6.0,Small
All,1,111111,"{AB, AVC, Atria, LV, OFT, RV}",000001,{Atria},22,3,1,110101,"{AVC, Atria, OFT, RV}",E8.5-35,17.0,Small
All,1,111111,"{AB, AVC, Atria, LV, OFT, RV}",000001,{Atria},22,3,1,110101,"{AVC, Atria, OFT, RV}",E8.5-44,37.0,Large
All,1,111111,"{AB, AVC, Atria, LV, OFT, RV}",000001,{Atria},22,3,1,110101,"{AVC, Atria, OFT, RV}",E8.5-178,4.0,Small
All,1,111111,"{AB, AVC, Atria, LV, OFT, RV}",000001,{Atria},22,3,1,110101,"{AVC, Atria, OFT, RV}",E8.5-146,4.0,Small
All,1,111111,"{AB, AVC, Atria, LV, OFT, RV}",000001,{Atria},22,3,1,110101,"{AVC, Atria, OFT, RV}",E8.5-21,5.0,Small
All,1,111111,"{AB, AVC, Atria, LV, OFT, RV}",000001,{Atria},22,3,1,110101,"{AVC, Atria, OFT, RV}",E8.5-224,6.0,Small
All,1,111111,"{AB, AVC, Atria, LV, OFT, RV}",000001,{Atria},22,3,1,110101,"{AVC, Atria, OFT, RV}",E8.5-6,7.0,Small
All,1,111111,"{AB, AVC, Atria, LV, OFT, RV}",000001,{Atria},22,3,1,110101,"{AVC, Atria, OFT, RV}",E8.5-7,7.0,Small
All,1,111111,"{AB, AVC, Atria, LV, OFT, RV}",000001,{Atria},22,3,1,110101,"{AVC, Atria, OFT, RV}",E8.5-116,8.0,Small
All,1,111111,"{AB, AVC, Atria, LV, OFT, RV}",000001,{Atria},22,3,1,110101,"{AVC, Atria, OFT, RV}",E8.5-172,8.0,Small
All,1,111111,"{AB, AVC, Atria, LV, OFT, RV}",000001,{Atria},22,3,1,110101,"{AVC, Atria, OFT, RV}",E8.5-193,10.0,Small
All,1,111111,"{AB, AVC, Atria, LV, OFT, RV}",000001,{Atria},22,3,1,110101,"{AVC, Atria, OFT, RV}",E8.5-20,16.0,Small
All,1,111111,"{AB, AVC, Atria, LV, OFT, RV}",000001,{Atria},22,3,1,110101,"{AVC, Atria, OFT, RV}",E8.5-138,16.0,Small
All,1,111111,"{AB, AVC, Atria, LV, OFT, RV}",000001,{Atria},22,3,1,110101,"{AVC, Atria, OFT, RV}",E8.5-110,17.0,Small
All,1,111111,"{AB, AVC, Atria, LV, OFT, RV}",000001,{Atria},22,3,1,110101,"{AVC, Atria, OFT, RV}",E8.5-221,20.0,Small
All,1,111111,"{AB, AVC, Atria, LV, OFT, RV}",000001,{Atria},22,3,1,110101,"{AVC, Atria, OFT, RV}",E8.5-16,25.0,Small
All,1,111111,"{AB, AVC, Atria, LV, OFT, RV}",000001,{Atria},22,3,1,110101,"{AVC, Atria, OFT, RV}",E8.5-201,42.0,Large
All,1,111111,"{AB, AVC, Atria, LV, OFT, RV}",000001,{Atria},22,3,2,100001,"{Atria, OFT}",E8.5-2,82.0,Large
All,1,111111,"{AB, AVC, Atria, LV, OFT, RV}",000001,{Atria},22,3,2,100001,"{Atria, OFT}",E8.5-170,142.0,
All,1,111111,"{AB, AVC, Atria, LV, OFT, RV}",000001,{Atria},22,3,2,100001,"{Atria, OFT}",E8.5-191,36.0,Large
All,1,111111,"{AB, AVC, Atria, LV, OFT, RV}",000001,{Atria},22,3,2,100001,"{Atria, OFT}",E8.5-155,6.0,Small
All,1,111111,"{AB, AVC, Atria, LV, OFT, RV}",000001,{Atria},22,3,2,100001,"{Atria, OFT}",E8.5-35,17.0,Small
All,1,111111,"{AB, AVC, Atria, LV, OFT, RV}",000001,{Atria},22,3,2,100001,"{Atria, OFT}",E8.5-44,37.0,Large
All,1,111111,"{AB, AVC, Atria, LV, OFT, RV}",000001,{Atria},22,3,2,100001,"{Atria, OFT}",E8.5-178,4.0,Small
All,1,111111,"{AB, AVC, Atria, LV, OFT, RV}",000001,{Atria},22,3,2,100001,"{Atria, OFT}",E8.5-146,4.0,Small
All,1,111111,"{AB, AVC, Atria, LV, OFT, RV}",000001,{Atria},22,3,2,100001,"{Atria, OFT}",E8.5-21,5.0,Small
All,1,111111,"{AB, AVC, Atria, LV, OFT, RV}",000001,{Atria},22,3,2,100001,"{Atria, OFT}",E8.5-224,6.0,Small
All,1,111111,"{AB, AVC, Atria, LV, OFT, RV}",000001,{Atria},22,3,2,100001,"{Atria, OFT}",E8.5-6,7.0,Small
All,1,111111,"{AB, AVC, Atria, LV, OFT, RV}",000001,{Atria},22,3,2,100001,"{Atria, OFT}",E8.5-7,7.0,Small
All,1,111111,"{AB, AVC, Atria, LV, OFT, RV}",000001,{Atria},22,3,2,100001,"{Atria, OFT}",E8.5-116,8.0,Small
All,1,111111,"{AB, AVC, Atria, LV, OFT, RV}",000001,{Atria},22,3,2,100001,"{Atria, OFT}",E8.5-172,8.0,Small
All,1,111111,"{AB, AVC, Atria, LV, OFT, RV}",000001,{Atria},22,3,2,100001,"{Atria, OFT}",E8.5-193,10.0,Small
All,1,111111,"{AB, AVC, Atria, LV, OFT, RV}",000001,{Atria},22,3,2,100001,"{Atria, OFT}",E8.5-20,16.0,Small
All,1,111111,"{AB, AVC, Atria, LV, OFT, RV}",000001,{Atria},22,3,2,100001,"{Atria, OFT}",E8.5-138,16.0,Small
All,1,111111,"{AB, AVC, Atria, LV, OFT, RV}",000001,{Atria},22,3,2,100001,"{Atria, OFT}",E8.5-110,17.0,Small
All,1,111111,"{AB, AVC, Atria, LV, OFT, RV}",000001,{Atria},22,3,2,100001,"{Atria, OFT}",E8.5-221,20.0,Small
All,1,111111,"{AB, AVC, Atria, LV, OFT, RV}",000001,{Atria},22,3,2,100001,"{Atria, OFT}",E8.5-16,25.0,Small
All,1,111111,"{AB, AVC, Atria, LV, OFT, RV}",000001,{Atria},22,3,2,100001,"{Atria, OFT}",E8.5-201,42.0,Large
All,1,111111,"{AB, AVC, Atria, LV, OFT, RV}",000001,{Atria},22,3,3,000001,{Atria},E8.5-2,82.0,Large
All,1,111111,"{AB, AVC, Atria, LV, OFT, RV}",000001,{Atria},22,3,3,000001,{Atria},E8.5-170,142.0,
All,1,111111,"{AB, AVC, Atria, LV, OFT, RV}",000001,{Atria},22,3,3,000001,{Atria},E8.5-191,36.0,Large
All,1,111111,"{AB, AVC, Atria, LV, OFT, RV}",000001,{Atria},22,3,3,000001,{Atria},E8.5-155,6.0,Small
All,1,111111,"{AB, AVC, Atria, LV, OFT, RV}",000001,{Atria},22,3,3,000001,{Atria},E8.5-35,17.0,Small
All,1,111111,"{AB, AVC, Atria, LV, OFT, RV}",000001,{Atria},22,3,3,000001,{Atria},E8.5-44,37.0,Large
All,1,111111,"{AB, AVC, Atria, LV, OFT, RV}",000001,{Atria},22,3,3,000001,{Atria},E8.5-178,4.0,Small
All,1,111111,"{AB, AVC, Atria, LV, OFT, RV}",000001,{Atria},22,3,3,000001,{Atria},E8.5-146,4.0,Small
All,1,111111,"{AB, AVC, Atria, LV, OFT, RV}",000001,{Atria},22,3,3,000001,{Atria},E8.5-21,5.0,Small
All,1,111111,"{AB, AVC, Atria, LV, OFT, RV}",000001,{Atria},22,3,3,000001,{Atria},E8.5-224,6.0,Small
All,1,111111,"{AB, AVC, Atria, LV, OFT, RV}",000001,{Atria},22,3,3,000001,{Atria},E8.5-6,7.0,Small
All,1,111111,"{AB, AVC, Atria, LV, OFT, RV}",000001,{Atria},22,3,3,000001,{Atria},E8.5-7,7.0,Small
All,1,111111,"{AB, AVC, Atria, LV, OFT, RV}",000001,{Atria},22,3,3,000001,{Atria},E8.5-116,8.0,Small
All,1,111111,"{AB, AVC, Atria, LV, OFT, RV}",000001,{Atria},22,3,3,000001,{Atria},E8.5-172,8.0,Small
All,1,111111,"{AB, AVC, Atria, LV, OFT, RV}",000001,{Atria},22,3,3,000001,{Atria},E8.5-193,10.0,Small
All,1,111111,"{AB, AVC, Atria, LV, OFT, RV}",000001,{Atria},22,3,3,000001,{Atria},E8.5-20,16.0,Small
All,1,111111,"{AB, AVC, Atria, LV, OFT, RV}",000001,{Atria},22,3,3,000001,{Atria},E8.5-138,16.0,Small
All,1,111111,"{AB, AVC, Atria, LV, OFT, RV}",000001,{Atria},22,3,3,000001,{Atria},E8.5-110,17.0,Small
All,1,111111,"{AB, AVC, Atria, LV, OFT, RV}",000001,{Atria},22,3,3,000001,{Atria},E8.5-221,20.0,Small
All,1,111111,"{AB, AVC, Atria, LV, OFT, RV}",000001,{Atria},22,3,3,000001,{Atria},E8.5-16,25.0,Small
All,1,111111,"{AB, AVC, Atria, LV, OFT, RV}",000001,{Atria},22,3,3,000001,{Atria},E8.5-201,42.0,Large
All,1,111111,"{AB, AVC, Atria, LV, OFT, RV}",000001,{Atria},23,3,0,111111,"{AB, AVC, Atria, LV, OFT, RV}",E8.5-2,82.0,Large
All,1,111111,"{AB, AVC, Atria, LV, OFT, RV}",000001,{Atria},23,3,0,111111,"{AB, AVC, Atria, LV, OFT, RV}",E8.5-170,142.0,
All,1,111111,"{AB, AVC, Atria, LV, OFT, RV}",000001,{Atria},23,3,0,111111,"{AB, AVC, Atria, LV, OFT, RV}",E8.5-198,57.0,Large
All,1,111111,"{AB, AVC, Atria, LV, OFT, RV}",000001,{Atria},23,3,0,111111,"{AB, AVC, Atria, LV, OFT, RV}",E8.5-91,42.0,Large
All,1,111111,"{AB, AVC, Atria, LV, OFT, RV}",000001,{Atria},23,3,0,111111,"{AB, AVC, Atria, LV, OFT, RV}",E8.5-178,4.0,Small
All,1,111111,"{AB, AVC, Atria, LV, OFT, RV}",000001,{Atria},23,3,0,111111,"{AB, AVC, Atria, LV, OFT, RV}",E8.5-146,4.0,Small
All,1,111111,"{AB, AVC, Atria, LV, OFT, RV}",000001,{Atria},23,3,0,111111,"{AB, AVC, Atria, LV, OFT, RV}",E8.5-21,5.0,Small
All,1,111111,"{AB, AVC, Atria, LV, OFT, RV}",000001,{Atria},23,3,0,111111,"{AB, AVC, Atria, LV, OFT, RV}",E8.5-224,6.0,Small
All,1,111111,"{AB, AVC, Atria, LV, OFT, RV}",000001,{Atria},23,3,0,111111,"{AB, AVC, Atria, LV, OFT, RV}",E8.5-6,7.0,Small
All,1,111111,"{AB, AVC, Atria, LV, OFT, RV}",000001,{Atria},23,3,0,111111,"{AB, AVC, Atria, LV, OFT, RV}",E8.5-7,7.0,Small
All,1,111111,"{AB, AVC, Atria, LV, OFT, RV}",000001,{Atria},23,3,0,111111,"{AB, AVC, Atria, LV, OFT, RV}",E8.5-116,8.0,Small
All,1,111111,"{AB, AVC, Atria, LV, OFT, RV}",000001,{Atria},23,3,0,111111,"{AB, AVC, Atria, LV, OFT, RV}",E8.5-172,8.0,Small
All,1,111111,"{AB, AVC, Atria, LV, OFT, RV}",000001,{Atria},23,3,0,111111,"{AB, AVC, Atria, LV, OFT, RV}",E8.5-193,10.0,Small
All,1,111111,"{AB, AVC, Atria, LV, OFT, RV}",000001,{Atria},23,3,0,111111,"{AB, AVC, Atria, LV, OFT, RV}",E8.5-20,16.0,Small
All,1,111111,"{AB, AVC, Atria, LV, OFT, RV}",000001,{Atria},23,3,0,111111,"{AB, AVC, Atria, LV, OFT, RV}",E8.5-138,16.0,Small
All,1,111111,"{AB, AVC, Atria, LV, OFT, RV}",000001,{Atria},23,3,0,111111,"{AB, AVC, Atria, LV, OFT, RV}",E8.5-110,17.0,Small
All,1,111111,"{AB, AVC, Atria, LV, OFT, RV}",000001,{Atria},23,3,0,111111,"{AB, AVC, Atria, LV, OFT, RV}",E8.5-221,20.0,Small
All,1,111111,"{AB, AVC, Atria, LV, OFT, RV}",000001,{Atria},23,3,0,111111,"{AB, AVC, Atria, LV, OFT, RV}",E8.5-16,25.0,Small
All,1,111111,"{AB, AVC, Atria, LV, OFT, RV}",000001,{Atria},23,3,0,111111,"{AB, AVC, Atria, LV, OFT, RV}",E8.5-201,42.0,Large
All,1,111111,"{AB, AVC, Atria, LV, OFT, RV}",000001,{Atria},23,3,1,111001,"{Atria, LV, OFT, RV}",E8.5-2,82.0,Large
All,1,111111,"{AB, AVC, Atria, LV, OFT, RV}",000001,{Atria},23,3,1,111001,"{Atria, LV, OFT, RV}",E8.5-170,142.0,
All,1,111111,"{AB, AVC, Atria, LV, OFT, RV}",000001,{Atria},23,3,1,111001,"{Atria, LV, OFT, RV}",E8.5-198,57.0,Large
All,1,111111,"{AB, AVC, Atria, LV, OFT, RV}",000001,{Atria},23,3,1,111001,"{Atria, LV, OFT, RV}",E8.5-91,42.0,Large
All,1,111111,"{AB, AVC, Atria, LV, OFT, RV}",000001,{Atria},23,3,1,111001,"{Atria, LV, OFT, RV}",E8.5-178,4.0,Small
All,1,111111,"{AB, AVC, Atria, LV, OFT, RV}",000001,{Atria},23,3,1,111001,"{Atria, LV, OFT, RV}",E8.5-146,4.0,Small
All,1,111111,"{AB, AVC, Atria, LV, OFT, RV}",000001,{Atria},23,3,1,111001,"{Atria, LV, OFT, RV}",E8.5-21,5.0,Small
All,1,111111,"{AB, AVC, Atria, LV, OFT, RV}",000001,{Atria},23,3,1,111001,"{Atria, LV, OFT, RV}",E8.5-224,6.0,Small
All,1,111111,"{AB, AVC, Atria, LV, OFT, RV}",000001,{Atria},23,3,1,111001,"{Atria, LV, OFT, RV}",E8.5-6,7.0,Small
All,1,111111,"{AB, AVC, Atria, LV, OFT, RV}",000001,{Atria},23,3,1,111001,"{Atria, LV, OFT, RV}",E8.5-7,7.0,Small
All,1,111111,"{AB, AVC, Atria, LV, OFT, RV}",000001,{Atria},23,3,1,111001,"{Atria, LV, OFT, RV}",E8.5-116,8.0,Small
All,1,111111,"{AB, AVC, Atria, LV, OFT, RV}",000001,{Atria},23,3,1,111001,"{Atria, LV, OFT, RV}",E8.5-172,8.0,Small
All,1,111111,"{AB, AVC, Atria, LV, OFT, RV}",000001,{Atria},23,3,1,111001,"{Atria, LV, OFT, RV}",E8.5-193,10.0,Small
All,1,111111,"{AB, AVC, Atria, LV, OFT, RV}",000001,{Atria},23,3,1,111001,"{Atria, LV, OFT, RV}",E8.5-20,16.0,Small
All,1,111111,"{AB, AVC, Atria, LV, OFT, RV}",000001,{Atria},23,3,1,111001,"{Atria, LV, OFT, RV}",E8.5-138,16.0,Small
All,1,111111,"{AB, AVC, Atria, LV, OFT, RV}",000001,{Atria},23,3,1,111001,"{Atria, LV, OFT, RV}",E8.5-110,17.0,Small
All,1,111111,"{AB, AVC, Atria, LV, OFT, RV}",000001,{Atria},23,3,1,111001,"{Atria, LV, OFT, RV}",E8.5-221,20.0,Small
All,1,111111,"{AB, AVC, Atria, LV, OFT, RV}",000001,{Atria},23,3,1,111001,"{Atria, LV, OFT, RV}",E8.5-16,25.0,Small
All,1,111111,"{AB, AVC, Atria, LV, OFT, RV}",000001,{Atria},23,3,1,111001,"{Atria, LV, OFT, RV}",E8.5-201,42.0,Large
All,1,111111,"{AB, AVC, Atria, LV, OFT, RV}",000001,{Atria},23,3,2,001001,"{Atria, LV}",E8.5-2,82.0,Large
All,1,111111,"{AB, AVC, Atria, LV, OFT, RV}",000001,{Atria},23,3,2,001001,"{Atria, LV}",E8.5-170,142.0,
All,1,111111,"{AB, AVC, Atria, LV, OFT, RV}",000001,{Atria},23,3,2,001001,"{Atria, LV}",E8.5-198,57.0,Large
All,1,111111,"{AB, AVC, Atria, LV, OFT, RV}",000001,{Atria},23,3,2,001001,"{Atria, LV}",E8.5-91,42.0,Large
All,1,111111,"{AB, AVC, Atria, LV, OFT, RV}",000001,{Atria},23,3,2,001001,"{Atria, LV}",E8.5-178,4.0,Small
All,1,111111,"{AB, AVC, Atria, LV, OFT, RV}",000001,{Atria},23,3,2,001001,"{Atria, LV}",E8.5-146,4.0,Small
All,1,111111,"{AB, AVC, Atria, LV, OFT, RV}",000001,{Atria},23,3,2,001001,"{Atria, LV}",E8.5-21,5.0,Small
All,1,111111,"{AB, AVC, Atria, LV, OFT, RV}",000001,{Atria},23,3,2,001001,"{Atria, LV}",E8.5-224,6.0,Small
All,1,111111,"{AB, AVC, Atria, LV, OFT, RV}",000001,{Atria},23,3,2,001001,"{Atria, LV}",E8.5-6,7.0,Small
All,1,111111,"{AB, AVC, Atria, LV, OFT, RV}",000001,{Atria},23,3,2,001001,"{Atria, LV}",E8.5-7,7.0,Small
All,1,111111,"{AB, AVC, Atria, LV, OFT, RV}",000001,{Atria},23,3,2,001001,"{Atria, LV}",E8.5-116,8.0,Small
All,1,111111,"{AB, AVC, Atria, LV, OFT, RV}",000001,{Atria},23,3,2,001001,"{Atria, LV}",E8.5-172,8.0,Small
All,1,111111,"{AB, AVC, Atria, LV, OFT, RV}",000001,{Atria},23,3,2,001001,"{Atria, LV}",E8.5-193,10.0,Small
All,1,111111,"{AB, AVC, Atria, LV, OFT, RV}",000001,{Atria},23,3,2,001001,"{Atria, LV}",E8.5-20,16.0,Small
All,1,111111,"{AB, AVC, Atria, LV, OFT, RV}",000001,{Atria},23,3,2,001001,"{Atria, LV}",E8.5-138,16.0,Small
All,1,111111,"{AB, AVC, Atria, LV, OFT, RV}",000001,{Atria},23,3,2,001001,"{Atria, LV}",E8.5-110,17.0,Small
All,1,111111,"{AB, AVC, Atria, LV, OFT, RV}",000001,{Atria},23,3,2,001001,"{Atria, LV}",E8.5-221,20.0,Small
All,1,111111,"{AB, AVC, Atria, LV, OFT, RV}",000001,{Atria},23,3,2,001001,"{Atria, LV}",E8.5-16,25.0,Small
All,1,111111,"{AB, AVC, Atria, LV, OFT, RV}",000001,{Atria},23,3,2,001001,"{Atria, LV}",E8.5-201,42.0,Large
All,1,111111,"{AB, AVC, Atria, LV, OFT, RV}",000001,{Atria},23,3,3,000001,{Atria},E8.5-2,82.0,Large
All,1,111111,"{AB, AVC, Atria, LV, OFT, RV}",000001,{Atria},23,3,3,000001,{Atria},E8.5-170,142.0,
All,1,111111,"{AB, AVC, Atria, LV, OFT, RV}",000001,{Atria},23,3,3,000001,{Atria},E8.5-198,57.0,Large
All,1,111111,"{AB, AVC, Atria, LV, OFT, RV}",000001,{Atria},23,3,3,000001,{Atria},E8.5-91,42.0,Large
All,1,111111,"{AB, AVC, Atria, LV, OFT, RV}",000001,{Atria},23,3,3,000001,{Atria},E8.5-178,4.0,Small
All,1,111111,"{AB, AVC, Atria, LV, OFT, RV}",000001,{Atria},23,3,3,000001,{Atria},E8.5-146,4.0,Small
All,1,111111,"{AB, AVC, Atria, LV, OFT, RV}",000001,{Atria},23,3,3,000001,{Atria},E8.5-21,5.0,Small
All,1,111111,"{AB, AVC, Atria, LV, OFT, RV}",000001,{Atria},23,3,3,000001,{Atria},E8.5-224,6.0,Small
All,1,111111,"{AB, AVC, Atria, LV, OFT, RV}",000001,{Atria},23,3,3,000001,{Atria},E8.5-6,7.0,Small
All,1,111111,"{AB, AVC, Atria, LV, OFT, RV}",000001,{Atria},23,3,3,000001,{Atria},E8.5-7,7.0,Small
All,1,111111,"{AB, AVC, Atria, LV, OFT, RV}",000001,{Atria},23,3,3,000001,{Atria},E8.5-116,8.0,Small
All,1,111111,"{AB, AVC, Atria, LV, OFT, RV}",000001,{Atria},23,3,3,000001,{Atria},E8.5-172,8.0,Small
All,1,111111,"{AB, AVC, Atria, LV, OFT, RV}",000001,{Atria},23,3,3,000001,{Atria},E8.5-193,10.0,Small
All,1,111111,"{AB, AVC, Atria, LV, OFT, RV}",000001,{Atria},23,3,3,000001,{Atria},E8.5-20,16.0,Small
All,1,111111,"{AB, AVC, Atria, LV, OFT, RV}",000001,{Atria},23,3,3,000001,{Atria},E8.5-138,16.0,Small
All,1,111111,"{AB, AVC, Atria, LV, OFT, RV}",000001,{Atria},23,3,3,000001,{Atria},E8.5-110,17.0,Small
All,1,111111,"{AB, AVC, Atria, LV, OFT, RV}",000001,{Atria},23,3,3,000001,{Atria},E8.5-221,20.0,Small
All,1,111111,"{AB, AVC, Atria, LV, OFT, RV}",000001,{Atria},23,3,3,000001,{Atria},E8.5-16,25.0,Small
All,1,111111,"{AB, AVC, Atria, LV, OFT, RV}",000001,{Atria},23,3,3,000001,{Atria},E8.5-201,42.0,Large
All,1,111111,"{AB, AVC, Atria, LV, OFT, RV}",000001,{Atria},24,4,0,111111,"{AB, AVC, Atria, LV, OFT, RV}",E8.5-2,82.0,Large
All,1,111111,"{AB, AVC, Atria, LV, OFT, RV}",000001,{Atria},24,4,0,111111,"{AB, AVC, Atria, LV, OFT, RV}",E8.5-170,142.0,
All,1,111111,"{AB, AVC, Atria, LV, OFT, RV}",000001,{Atria},24,4,0,111111,"{AB, AVC, Atria, LV, OFT, RV}",E8.5-198,57.0,Large
All,1,111111,"{AB, AVC, Atria, LV, OFT, RV}",000001,{Atria},24,4,0,111111,"{AB, AVC, Atria, LV, OFT, RV}",E8.5-14,32.0,Large
All,1,111111,"{AB, AVC, Atria, LV, OFT, RV}",000001,{Atria},24,4,0,111111,"{AB, AVC, Atria, LV, OFT, RV}",E8.5-155,6.0,Small
All,1,111111,"{AB, AVC, Atria, LV, OFT, RV}",000001,{Atria},24,4,0,111111,"{AB, AVC, Atria, LV, OFT, RV}",E8.5-35,17.0,Small
All,1,111111,"{AB, AVC, Atria, LV, OFT, RV}",000001,{Atria},24,4,0,111111,"{AB, AVC, Atria, LV, OFT, RV}",E8.5-44,37.0,Large
All,1,111111,"{AB, AVC, Atria, LV, OFT, RV}",000001,{Atria},24,4,0,111111,"{AB, AVC, Atria, LV, OFT, RV}",E8.5-178,4.0,Small
All,1,111111,"{AB, AVC, Atria, LV, OFT, RV}",000001,{Atria},24,4,0,111111,"{AB, AVC, Atria, LV, OFT, RV}",E8.5-146,4.0,Small
All,1,111111,"{AB, AVC, Atria, LV, OFT, RV}",000001,{Atria},24,4,0,111111,"{AB, AVC, Atria, LV, OFT, RV}",E8.5-21,5.0,Small
All,1,111111,"{AB, AVC, Atria, LV, OFT, RV}",000001,{Atria},24,4,0,111111,"{AB, AVC, Atria, LV, OFT, RV}",E8.5-224,6.0,Small
All,1,111111,"{AB, AVC, Atria, LV, OFT, RV}",000001,{Atria},24,4,0,111111,"{AB, AVC, Atria, LV, OFT, RV}",E8.5-6,7.0,Small
All,1,111111,"{AB, AVC, Atria, LV, OFT, RV}",000001,{Atria},24,4,0,111111,"{AB, AVC, Atria, LV, OFT, RV}",E8.5-7,7.0,Small
All,1,111111,"{AB, AVC, Atria, LV, OFT, RV}",000001,{Atria},24,4,0,111111,"{AB, AVC, Atria, LV, OFT, RV}",E8.5-116,8.0,Small
All,1,111111,"{AB, AVC, Atria, LV, OFT, RV}",000001,{Atria},24,4,0,111111,"{AB, AVC, Atria, LV, OFT, RV}",E8.5-172,8.0,Small
All,1,111111,"{AB, AVC, Atria, LV, OFT, RV}",000001,{Atria},24,4,0,111111,"{AB, AVC, Atria, LV, OFT, RV}",E8.5-193,10.0,Small
All,1,111111,"{AB, AVC, Atria, LV, OFT, RV}",000001,{Atria},24,4,0,111111,"{AB, AVC, Atria, LV, OFT, RV}",E8.5-20,16.0,Small
All,1,111111,"{AB, AVC, Atria, LV, OFT, RV}",000001,{Atria},24,4,0,111111,"{AB, AVC, Atria, LV, OFT, RV}",E8.5-138,16.0,Small
All,1,111111,"{AB, AVC, Atria, LV, OFT, RV}",000001,{Atria},24,4,0,111111,"{AB, AVC, Atria, LV, OFT, RV}",E8.5-110,17.0,Small
All,1,111111,"{AB, AVC, Atria, LV, OFT, RV}",000001,{Atria},24,4,0,111111,"{AB, AVC, Atria, LV, OFT, RV}",E8.5-221,20.0,Small
All,1,111111,"{AB, AVC, Atria, LV, OFT, RV}",000001,{Atria},24,4,0,111111,"{AB, AVC, Atria, LV, OFT, RV}",E8.5-16,25.0,Small
All,1,111111,"{AB, AVC, Atria, LV, OFT, RV}",000001,{Atria},24,4,0,111111,"{AB, AVC, Atria, LV, OFT, RV}",E8.5-201,42.0,Large
All,1,111111,"{AB, AVC, Atria, LV, OFT, RV}",000001,{Atria},24,4,1,111001,"{Atria, LV, OFT, RV}",E8.5-2,82.0,Large
All,1,111111,"{AB, AVC, Atria, LV, OFT, RV}",000001,{Atria},24,4,1,111001,"{Atria, LV, OFT, RV}",E8.5-170,142.0,
All,1,111111,"{AB, AVC, Atria, LV, OFT, RV}",000001,{Atria},24,4,1,111001,"{Atria, LV, OFT, RV}",E8.5-198,57.0,Large
All,1,111111,"{AB, AVC, Atria, LV, OFT, RV}",000001,{Atria},24,4,1,111001,"{Atria, LV, OFT, RV}",E8.5-14,32.0,Large
All,1,111111,"{AB, AVC, Atria, LV, OFT, RV}",000001,{Atria},24,4,1,111001,"{Atria, LV, OFT, RV}",E8.5-155,6.0,Small
All,1,111111,"{AB, AVC, Atria, LV, OFT, RV}",000001,{Atria},24,4,1,111001,"{Atria, LV, OFT, RV}",E8.5-35,17.0,Small
All,1,111111,"{AB, AVC, Atria, LV, OFT, RV}",000001,{Atria},24,4,1,111001,"{Atria, LV, OFT, RV}",E8.5-44,37.0,Large
All,1,111111,"{AB, AVC, Atria, LV, OFT, RV}",000001,{Atria},24,4,1,111001,"{Atria, LV, OFT, RV}",E8.5-178,4.0,Small
All,1,111111,"{AB, AVC, Atria, LV, OFT, RV}",000001,{Atria},24,4,1,111001,"{Atria, LV, OFT, RV}",E8.5-146,4.0,Small
All,1,111111,"{AB, AVC, Atria, LV, OFT, RV}",000001,{Atria},24,4,1,111001,"{Atria, LV, OFT, RV}",E8.5-21,5.0,Small
All,1,111111,"{AB, AVC, Atria, LV, OFT, RV}",000001,{Atria},24,4,1,111001,"{Atria, LV, OFT, RV}",E8.5-224,6.0,Small
All,1,111111,"{AB, AVC, Atria, LV, OFT, RV}",000001,{Atria},24,4,1,111001,"{Atria, LV, OFT, RV}",E8.5-6,7.0,Small
All,1,111111,"{AB, AVC, Atria, LV, OFT, RV}",000001,{Atria},24,4,1,111001,"{Atria, LV, OFT, RV}",E8.5-7,7.0,Small
All,1,111111,"{AB, AVC, Atria, LV, OFT, RV}",000001,{Atria},24,4,1,111001,"{Atria, LV, OFT, RV}",E8.5-116,8.0,Small
All,1,111111,"{AB, AVC, Atria, LV, OFT, RV}",000001,{Atria},24,4,1,111001,"{Atria, LV, OFT, RV}",E8.5-172,8.0,Small
All,1,111111,"{AB, AVC, Atria, LV, OFT, RV}",000001,{Atria},24,4,1,111001,"{Atria, LV, OFT, RV}",E8.5-193,10.0,Small
All,1,111111,"{AB, AVC, Atria, LV, OFT, RV}",000001,{Atria},24,4,1,111001,"{Atria, LV, OFT, RV}",E8.5-20,16.0,Small
All,1,111111,"{AB, AVC, Atria, LV, OFT, RV}",000001,{Atria},24,4,1,111001,"{Atria, LV, OFT, RV}",E8.5-138,16.0,Small
All,1,111111,"{AB, AVC, Atria, LV, OFT, RV}",000001,{Atria},24,4,1,111001,"{Atria, LV, OFT, RV}",E8.5-110,17.0,Small
All,1,111111,"{AB, AVC, Atria, LV, OFT, RV}",000001,{Atria},24,4,1,111001,"{Atria, LV, OFT, RV}",E8.5-221,20.0,Small
All,1,111111,"{AB, AVC, Atria, LV, OFT, RV}",000001,{Atria},24,4,1,111001,"{Atria, LV, OFT, RV}",E8.5-16,25.0,Small
All,1,111111,"{AB, AVC, Atria, LV, OFT, RV}",000001,{Atria},24,4,1,111001,"{Atria, LV, OFT, RV}",E8.5-201,42.0,Large
All,1,111111,"{AB, AVC, Atria, LV, OFT, RV}",000001,{Atria},24,4,2,110001,"{Atria, OFT, RV}",E8.5-2,82.0,Large
All,1,111111,"{AB, AVC, Atria, LV, OFT, RV}",000001,{Atria},24,4,2,110001,"{Atria, OFT, RV}",E8.5-170,142.0,
All,1,111111,"{AB, AVC, Atria, LV, OFT, RV}",000001,{Atria},24,4,2,110001,"{Atria, OFT, RV}",E8.5-198,57.0,Large
All,1,111111,"{AB, AVC, Atria, LV, OFT, RV}",000001,{Atria},24,4,2,110001,"{Atria, OFT, RV}",E8.5-14,32.0,Large
All,1,111111,"{AB, AVC, Atria, LV, OFT, RV}",000001,{Atria},24,4,2,110001,"{Atria, OFT, RV}",E8.5-155,6.0,Small
All,1,111111,"{AB, AVC, Atria, LV, OFT, RV}",000001,{Atria},24,4,2,110001,"{Atria, OFT, RV}",E8.5-35,17.0,Small
All,1,111111,"{AB, AVC, Atria, LV, OFT, RV}",000001,{Atria},24,4,2,110001,"{Atria, OFT, RV}",E8.5-44,37.0,Large
All,1,111111,"{AB, AVC, Atria, LV, OFT, RV}",000001,{Atria},24,4,2,110001,"{Atria, OFT, RV}",E8.5-178,4.0,Small
All,1,111111,"{AB, AVC, Atria, LV, OFT, RV}",000001,{Atria},24,4,2,110001,"{Atria, OFT, RV}",E8.5-146,4.0,Small
All,1,111111,"{AB, AVC, Atria, LV, OFT, RV}",000001,{Atria},24,4,2,110001,"{Atria, OFT, RV}",E8.5-21,5.0,Small
All,1,111111,"{AB, AVC, Atria, LV, OFT, RV}",000001,{Atria},24,4,2,110001,"{Atria, OFT, RV}",E8.5-224,6.0,Small
All,1,111111,"{AB, AVC, Atria, LV, OFT, RV}",000001,{Atria},24,4,2,110001,"{Atria, OFT, RV}",E8.5-6,7.0,Small
All,1,111111,"{AB, AVC, Atria, LV, OFT, RV}",000001,{Atria},24,4,2,110001,"{Atria, OFT, RV}",E8.5-7,7.0,Small
All,1,111111,"{AB, AVC, Atria, LV, OFT, RV}",000001,{Atria},24,4,2,110001,"{Atria, OFT, RV}",E8.5-116,8.0,Small
All,1,111111,"{AB, AVC, Atria, LV, OFT, RV}",000001,{Atria},24,4,2,110001,"{Atria, OFT, RV}",E8.5-172,8.0,Small
All,1,111111,"{AB, AVC, Atria, LV, OFT, RV}",000001,{Atria},24,4,2,110001,"{Atria, OFT, RV}",E8.5-193,10.0,Small
All,1,111111,"{AB, AVC, Atria, LV, OFT, RV}",000001,{Atria},24,4,2,110001,"{Atria, OFT, RV}",E8.5-20,16.0,Small
All,1,111111,"{AB, AVC, Atria, LV, OFT, RV}",000001,{Atria},24,4,2,110001,"{Atria, OFT, RV}",E8.5-138,16.0,Small
All,1,111111,"{AB, AVC, Atria, LV, OFT, RV}",000001,{Atria},24,4,2,110001,"{Atria, OFT, RV}",E8.5-110,17.0,Small
All,1,111111,"{AB, AVC, Atria, LV, OFT, RV}",000001,{Atria},24,4,2,110001,"{Atria, OFT, RV}",E8.5-221,20.0,Small
All,1,111111,"{AB, AVC, Atria, LV, OFT, RV}",000001,{Atria},24,4,2,110001,"{Atria, OFT, RV}",E8.5-16,25.0,Small
All,1,111111,"{AB, AVC, Atria, LV, OFT, RV}",000001,{Atria},24,4,2,110001,"{Atria, OFT, RV}",E8.5-201,42.0,Large
All,1,111111,"{AB, AVC, Atria, LV, OFT, RV}",000001,{Atria},24,4,3,100001,"{Atria, OFT}",E8.5-2,82.0,Large
All,1,111111,"{AB, AVC, Atria, LV, OFT, RV}",000001,{Atria},24,4,3,100001,"{Atria, OFT}",E8.5-170,142.0,
All,1,111111,"{AB, AVC, Atria, LV, OFT, RV}",000001,{Atria},24,4,3,100001,"{Atria, OFT}",E8.5-198,57.0,Large
All,1,111111,"{AB, AVC, Atria, LV, OFT, RV}",000001,{Atria},24,4,3,100001,"{Atria, OFT}",E8.5-14,32.0,Large
All,1,111111,"{AB, AVC, Atria, LV, OFT, RV}",000001,{Atria},24,4,3,100001,"{Atria, OFT}",E8.5-155,6.0,Small
All,1,111111,"{AB, AVC, Atria, LV, OFT, RV}",000001,{Atria},24,4,3,100001,"{Atria, OFT}",E8.5-35,17.0,Small
All,1,111111,"{AB, AVC, Atria, LV, OFT, RV}",000001,{Atria},24,4,3,100001,"{Atria, OFT}",E8.5-44,37.0,Large
All,1,111111,"{AB, AVC, Atria, LV, OFT, RV}",000001,{Atria},24,4,3,100001,"{Atria, OFT}",E8.5-178,4.0,Small
All,1,111111,"{AB, AVC, Atria, LV, OFT, RV}",000001,{Atria},24,4,3,100001,"{Atria, OFT}",E8.5-146,4.0,Small
All,1,111111,"{AB, AVC, Atria, LV, OFT, RV}",000001,{Atria},24,4,3,100001,"{Atria, OFT}",E8.5-21,5.0,Small
All,1,111111,"{AB, AVC, Atria, LV, OFT, RV}",000001,{Atria},24,4,3,100001,"{Atria, OFT}",E8.5-224,6.0,Small
All,1,111111,"{AB, AVC, Atria, LV, OFT, RV}",000001,{Atria},24,4,3,100001,"{Atria, OFT}",E8.5-6,7.0,Small
All,1,111111,"{AB, AVC, Atria, LV, OFT, RV}",000001,{Atria},24,4,3,100001,"{Atria, OFT}",E8.5-7,7.0,Small
All,1,111111,"{AB, AVC, Atria, LV, OFT, RV}",000001,{Atria},24,4,3,100001,"{Atria, OFT}",E8.5-116,8.0,Small
All,1,111111,"{AB, AVC, Atria, LV, OFT, RV}",000001,{Atria},24,4,3,100001,"{Atria, OFT}",E8.5-172,8.0,Small
All,1,111111,"{AB, AVC, Atria, LV, OFT, RV}",000001,{Atria},24,4,3,100001,"{Atria, OFT}",E8.5-193,10.0,Small
All,1,111111,"{AB, AVC, Atria, LV, OFT, RV}",000001,{Atria},24,4,3,100001,"{Atria, OFT}",E8.5-20,16.0,Small
All,1,111111,"{AB, AVC, Atria, LV, OFT, RV}",000001,{Atria},24,4,3,100001,"{Atria, OFT}",E8.5-138,16.0,Small
All,1,111111,"{AB, AVC, Atria, LV, OFT, RV}",000001,{Atria},24,4,3,100001,"{Atria, OFT}",E8.5-110,17.0,Small
All,1,111111,"{AB, AVC, Atria, LV, OFT, RV}",000001,{Atria},24,4,3,100001,"{Atria, OFT}",E8.5-221,20.0,Small
All,1,111111,"{AB, AVC, Atria, LV, OFT, RV}",000001,{Atria},24,4,3,100001,"{Atria, OFT}",E8.5-16,25.0,Small
All,1,111111,"{AB, AVC, Atria, LV, OFT, RV}",000001,{Atria},24,4,3,100001,"{Atria, OFT}",E8.5-201,42.0,Large
All,1,111111,"{AB, AVC, Atria, LV, OFT, RV}",000001,{Atria},24,4,4,000001,{Atria},E8.5-2,82.0,Large
All,1,111111,"{AB, AVC, Atria, LV, OFT, RV}",000001,{Atria},24,4,4,000001,{Atria},E8.5-170,142.0,
All,1,111111,"{AB, AVC, Atria, LV, OFT, RV}",000001,{Atria},24,4,4,000001,{Atria},E8.5-198,57.0,Large
All,1,111111,"{AB, AVC, Atria, LV, OFT, RV}",000001,{Atria},24,4,4,000001,{Atria},E8.5-14,32.0,Large
All,1,111111,"{AB, AVC, Atria, LV, OFT, RV}",000001,{Atria},24,4,4,000001,{Atria},E8.5-155,6.0,Small
All,1,111111,"{AB, AVC, Atria, LV, OFT, RV}",000001,{Atria},24,4,4,000001,{Atria},E8.5-35,17.0,Small
All,1,111111,"{AB, AVC, Atria, LV, OFT, RV}",000001,{Atria},24,4,4,000001,{Atria},E8.5-44,37.0,Large
All,1,111111,"{AB, AVC, Atria, LV, OFT, RV}",000001,{Atria},24,4,4,000001,{Atria},E8.5-178,4.0,Small
All,1,111111,"{AB, AVC, Atria, LV, OFT, RV}",000001,{Atria},24,4,4,000001,{Atria},E8.5-146,4.0,Small
All,1,111111,"{AB, AVC, Atria, LV, OFT, RV}",000001,{Atria},24,4,4,000001,{Atria},E8.5-21,5.0,Small
All,1,111111,"{AB, AVC, Atria, LV, OFT, RV}",000001,{Atria},24,4,4,000001,{Atria},E8.5-224,6.0,Small
All,1,111111,"{AB, AVC, Atria, LV, OFT, RV}",000001,{Atria},24,4,4,000001,{Atria},E8.5-6,7.0,Small
All,1,111111,"{AB, AVC, Atria, LV, OFT, RV}",000001,{Atria},24,4,4,000001,{Atria},E8.5-7,7.0,Small
All,1,111111,"{AB, AVC, Atria, LV, OFT, RV}",000001,{Atria},24,4,4,000001,{Atria},E8.5-116,8.0,Small
All,1,111111,"{AB, AVC, Atria, LV, OFT, RV}",000001,{Atria},24,4,4,000001,{Atria},E8.5-172,8.0,Small
All,1,111111,"{AB, AVC, Atria, LV, OFT, RV}",000001,{Atria},24,4,4,000001,{Atria},E8.5-193,10.0,Small
All,1,111111,"{AB, AVC, Atria, LV, OFT, RV}",000001,{Atria},24,4,4,000001,{Atria},E8.5-20,16.0,Small
All,1,111111,"{AB, AVC, Atria, LV, OFT, RV}",000001,{Atria},24,4,4,000001,{Atria},E8.5-138,16.0,Small
All,1,111111,"{AB, AVC, Atria, LV, OFT, RV}",000001,{Atria},24,4,4,000001,{Atria},E8.5-110,17.0,Small
All,1,111111,"{AB, AVC, Atria, LV, OFT, RV}",000001,{Atria},24,4,4,000001,{Atria},E8.5-221,20.0,Small
All,1,111111,"{AB, AVC, Atria, LV, OFT, RV}",000001,{Atria},24,4,4,000001,{Atria},E8.5-16,25.0,Small
All,1,111111,"{AB, AVC, Atria, LV, OFT, RV}",000001,{Atria},24,4,4,000001,{Atria},E8.5-201,42.0,Large
All,1,111111,"{AB, AVC, Atria, LV, OFT, RV}",000001,{Atria},25,3,0,111111,"{AB, AVC, Atria, LV, OFT, RV}",E8.5-2,82.0,Large
All,1,111111,"{AB, AVC, Atria, LV, OFT, RV}",000001,{Atria},25,3,0,111111,"{AB, AVC, Atria, LV, OFT, RV}",E8.5-170,142.0,
All,1,111111,"{AB, AVC, Atria, LV, OFT, RV}",000001,{Atria},25,3,0,111111,"{AB, AVC, Atria, LV, OFT, RV}",E8.5-198,57.0,Large
All,1,111111,"{AB, AVC, Atria, LV, OFT, RV}",000001,{Atria},25,3,0,111111,"{AB, AVC, Atria, LV, OFT, RV}",E8.5-14,32.0,Large
All,1,111111,"{AB, AVC, Atria, LV, OFT, RV}",000001,{Atria},25,3,0,111111,"{AB, AVC, Atria, LV, OFT, RV}",E8.5-178,4.0,Small
All,1,111111,"{AB, AVC, Atria, LV, OFT, RV}",000001,{Atria},25,3,0,111111,"{AB, AVC, Atria, LV, OFT, RV}",E8.5-146,4.0,Small
All,1,111111,"{AB, AVC, Atria, LV, OFT, RV}",000001,{Atria},25,3,0,111111,"{AB, AVC, Atria, LV, OFT, RV}",E8.5-21,5.0,Small
All,1,111111,"{AB, AVC, Atria, LV, OFT, RV}",000001,{Atria},25,3,0,111111,"{AB, AVC, Atria, LV, OFT, RV}",E8.5-224,6.0,Small
All,1,111111,"{AB, AVC, Atria, LV, OFT, RV}",000001,{Atria},25,3,0,111111,"{AB, AVC, Atria, LV, OFT, RV}",E8.5-6,7.0,Small
All,1,111111,"{AB, AVC, Atria, LV, OFT, RV}",000001,{Atria},25,3,0,111111,"{AB, AVC, Atria, LV, OFT, RV}",E8.5-7,7.0,Small
All,1,111111,"{AB, AVC, Atria, LV, OFT, RV}",000001,{Atria},25,3,0,111111,"{AB, AVC, Atria, LV, OFT, RV}",E8.5-116,8.0,Small
All,1,111111,"{AB, AVC, Atria, LV, OFT, RV}",000001,{Atria},25,3,0,111111,"{AB, AVC, Atria, LV, OFT, RV}",E8.5-172,8.0,Small
All,1,111111,"{AB, AVC, Atria, LV, OFT, RV}",000001,{Atria},25,3,0,111111,"{AB, AVC, Atria, LV, OFT, RV}",E8.5-193,10.0,Small
All,1,111111,"{AB, AVC, Atria, LV, OFT, RV}",000001,{Atria},25,3,0,111111,"{AB, AVC, Atria, LV, OFT, RV}",E8.5-20,16.0,Small
All,1,111111,"{AB, AVC, Atria, LV, OFT, RV}",000001,{Atria},25,3,0,111111,"{AB, AVC, Atria, LV, OFT, RV}",E8.5-138,16.0,Small
All,1,111111,"{AB, AVC, Atria, LV, OFT, RV}",000001,{Atria},25,3,0,111111,"{AB, AVC, Atria, LV, OFT, RV}",E8.5-110,17.0,Small
All,1,111111,"{AB, AVC, Atria, LV, OFT, RV}",000001,{Atria},25,3,0,111111,"{AB, AVC, Atria, LV, OFT, RV}",E8.5-221,20.0,Small
All,1,111111,"{AB, AVC, Atria, LV, OFT, RV}",000001,{Atria},25,3,0,111111,"{AB, AVC, Atria, LV, OFT, RV}",E8.5-16,25.0,Small
All,1,111111,"{AB, AVC, Atria, LV, OFT, RV}",000001,{Atria},25,3,0,111111,"{AB, AVC, Atria, LV, OFT, RV}",E8.5-201,42.0,Large
All,1,111111,"{AB, AVC, Atria, LV, OFT, RV}",000001,{Atria},25,3,1,111001,"{Atria, LV, OFT, RV}",E8.5-2,82.0,Large
All,1,111111,"{AB, AVC, Atria, LV, OFT, RV}",000001,{Atria},25,3,1,111001,"{Atria, LV, OFT, RV}",E8.5-170,142.0,
All,1,111111,"{AB, AVC, Atria, LV, OFT, RV}",000001,{Atria},25,3,1,111001,"{Atria, LV, OFT, RV}",E8.5-198,57.0,Large
All,1,111111,"{AB, AVC, Atria, LV, OFT, RV}",000001,{Atria},25,3,1,111001,"{Atria, LV, OFT, RV}",E8.5-14,32.0,Large
All,1,111111,"{AB, AVC, Atria, LV, OFT, RV}",000001,{Atria},25,3,1,111001,"{Atria, LV, OFT, RV}",E8.5-178,4.0,Small
All,1,111111,"{AB, AVC, Atria, LV, OFT, RV}",000001,{Atria},25,3,1,111001,"{Atria, LV, OFT, RV}",E8.5-146,4.0,Small
All,1,111111,"{AB, AVC, Atria, LV, OFT, RV}",000001,{Atria},25,3,1,111001,"{Atria, LV, OFT, RV}",E8.5-21,5.0,Small
All,1,111111,"{AB, AVC, Atria, LV, OFT, RV}",000001,{Atria},25,3,1,111001,"{Atria, LV, OFT, RV}",E8.5-224,6.0,Small
All,1,111111,"{AB, AVC, Atria, LV, OFT, RV}",000001,{Atria},25,3,1,111001,"{Atria, LV, OFT, RV}",E8.5-6,7.0,Small
All,1,111111,"{AB, AVC, Atria, LV, OFT, RV}",000001,{Atria},25,3,1,111001,"{Atria, LV, OFT, RV}",E8.5-7,7.0,Small
All,1,111111,"{AB, AVC, Atria, LV, OFT, RV}",000001,{Atria},25,3,1,111001,"{Atria, LV, OFT, RV}",E8.5-116,8.0,Small
All,1,111111,"{AB, AVC, Atria, LV, OFT, RV}",000001,{Atria},25,3,1,111001,"{Atria, LV, OFT, RV}",E8.5-172,8.0,Small
All,1,111111,"{AB, AVC, Atria, LV, OFT, RV}",000001,{Atria},25,3,1,111001,"{Atria, LV, OFT, RV}",E8.5-193,10.0,Small
All,1,111111,"{AB, AVC, Atria, LV, OFT, RV}",000001,{Atria},25,3,1,111001,"{Atria, LV, OFT, RV}",E8.5-20,16.0,Small
All,1,111111,"{AB, AVC, Atria, LV, OFT, RV}",000001,{Atria},25,3,1,111001,"{Atria, LV, OFT, RV}",E8.5-138,16.0,Small
All,1,111111,"{AB, AVC, Atria, LV, OFT, RV}",000001,{Atria},25,3,1,111001,"{Atria, LV, OFT, RV}",E8.5-110,17.0,Small
All,1,111111,"{AB, AVC, Atria, LV, OFT, RV}",000001,{Atria},25,3,1,111001,"{Atria, LV, OFT, RV}",E8.5-221,20.0,Small
All,1,111111,"{AB, AVC, Atria, LV, OFT, RV}",000001,{Atria},25,3,1,111001,"{Atria, LV, OFT, RV}",E8.5-16,25.0,Small
All,1,111111,"{AB, AVC, Atria, LV, OFT, RV}",000001,{Atria},25,3,1,111001,"{Atria, LV, OFT, RV}",E8.5-201,42.0,Large
All,1,111111,"{AB, AVC, Atria, LV, OFT, RV}",000001,{Atria},25,3,2,110001,"{Atria, OFT, RV}",E8.5-2,82.0,Large
All,1,111111,"{AB, AVC, Atria, LV, OFT, RV}",000001,{Atria},25,3,2,110001,"{Atria, OFT, RV}",E8.5-170,142.0,
All,1,111111,"{AB, AVC, Atria, LV, OFT, RV}",000001,{Atria},25,3,2,110001,"{Atria, OFT, RV}",E8.5-198,57.0,Large
All,1,111111,"{AB, AVC, Atria, LV, OFT, RV}",000001,{Atria},25,3,2,110001,"{Atria, OFT, RV}",E8.5-14,32.0,Large
All,1,111111,"{AB, AVC, Atria, LV, OFT, RV}",000001,{Atria},25,3,2,110001,"{Atria, OFT, RV}",E8.5-178,4.0,Small
All,1,111111,"{AB, AVC, Atria, LV, OFT, RV}",000001,{Atria},25,3,2,110001,"{Atria, OFT, RV}",E8.5-146,4.0,Small
All,1,111111,"{AB, AVC, Atria, LV, OFT, RV}",000001,{Atria},25,3,2,110001,"{Atria, OFT, RV}",E8.5-21,5.0,Small
All,1,111111,"{AB, AVC, Atria, LV, OFT, RV}",000001,{Atria},25,3,2,110001,"{Atria, OFT, RV}",E8.5-224,6.0,Small
All,1,111111,"{AB, AVC, Atria, LV, OFT, RV}",000001,{Atria},25,3,2,110001,"{Atria, OFT, RV}",E8.5-6,7.0,Small
All,1,111111,"{AB, AVC, Atria, LV, OFT, RV}",000001,{Atria},25,3,2,110001,"{Atria, OFT, RV}",E8.5-7,7.0,Small
All,1,111111,"{AB, AVC, Atria, LV, OFT, RV}",000001,{Atria},25,3,2,110001,"{Atria, OFT, RV}",E8.5-116,8.0,Small
All,1,111111,"{AB, AVC, Atria, LV, OFT, RV}",000001,{Atria},25,3,2,110001,"{Atria, OFT, RV}",E8.5-172,8.0,Small
All,1,111111,"{AB, AVC, Atria, LV, OFT, RV}",000001,{Atria},25,3,2,110001,"{Atria, OFT, RV}",E8.5-193,10.0,Small
All,1,111111,"{AB, AVC, Atria, LV, OFT, RV}",000001,{Atria},25,3,2,110001,"{Atria, OFT, RV}",E8.5-20,16.0,Small
All,1,111111,"{AB, AVC, Atria, LV, OFT, RV}",000001,{Atria},25,3,2,110001,"{Atria, OFT, RV}",E8.5-138,16.0,Small
All,1,111111,"{AB, AVC, Atria, LV, OFT, RV}",000001,{Atria},25,3,2,110001,"{Atria, OFT, RV}",E8.5-110,17.0,Small
All,1,111111,"{AB, AVC, Atria, LV, OFT, RV}",000001,{Atria},25,3,2,110001,"{Atria, OFT, RV}",E8.5-221,20.0,Small
All,1,111111,"{AB, AVC, Atria, LV, OFT, RV}",000001,{Atria},25,3,2,110001,"{Atria, OFT, RV}",E8.5-16,25.0,Small
All,1,111111,"{AB, AVC, Atria, LV, OFT, RV}",000001,{Atria},25,3,2,110001,"{Atria, OFT, RV}",E8.5-201,42.0,Large
All,1,111111,"{AB, AVC, Atria, LV, OFT, RV}",000001,{Atria},25,3,3,000001,{Atria},E8.5-2,82.0,Large
All,1,111111,"{AB, AVC, Atria, LV, OFT, RV}",000001,{Atria},25,3,3,000001,{Atria},E8.5-170,142.0,
All,1,111111,"{AB, AVC, Atria, LV, OFT, RV}",000001,{Atria},25,3,3,000001,{Atria},E8.5-198,57.0,Large
All,1,111111,"{AB, AVC, Atria, LV, OFT, RV}",000001,{Atria},25,3,3,000001,{Atria},E8.5-14,32.0,Large
All,1,111111,"{AB, AVC, Atria, LV, OFT, RV}",000001,{Atria},25,3,3,000001,{Atria},E8.5-178,4.0,Small
All,1,111111,"{AB, AVC, Atria, LV, OFT, RV}",000001,{Atria},25,3,3,000001,{Atria},E8.5-146,4.0,Small
All,1,111111,"{AB, AVC, Atria, LV, OFT, RV}",000001,{Atria},25,3,3,000001,{Atria},E8.5-21,5.0,Small
All,1,111111,"{AB, AVC, Atria, LV, OFT, RV}",000001,{Atria},25,3,3,000001,{Atria},E8.5-224,6.0,Small
All,1,111111,"{AB, AVC, Atria, LV, OFT, RV}",000001,{Atria},25,3,3,000001,{Atria},E8.5-6,7.0,Small
All,1,111111,"{AB, AVC, Atria, LV, OFT, RV}",000001,{Atria},25,3,3,000001,{Atria},E8.5-7,7.0,Small
All,1,111111,"{AB, AVC, Atria, LV, OFT, RV}",000001,{Atria},25,3,3,000001,{Atria},E8.5-116,8.0,Small
All,1,111111,"{AB, AVC, Atria, LV, OFT, RV}",000001,{Atria},25,3,3,000001,{Atria},E8.5-172,8.0,Small
All,1,111111,"{AB, AVC, Atria, LV, OFT, RV}",000001,{Atria},25,3,3,000001,{Atria},E8.5-193,10.0,Small
All,1,111111,"{AB, AVC, Atria, LV, OFT, RV}",000001,{Atria},25,3,3,000001,{Atria},E8.5-20,16.0,Small
All,1,111111,"{AB, AVC, Atria, LV, OFT, RV}",000001,{Atria},25,3,3,000001,{Atria},E8.5-138,16.0,Small
All,1,111111,"{AB, AVC, Atria, LV, OFT, RV}",000001,{Atria},25,3,3,000001,{Atria},E8.5-110,17.0,Small
All,1,111111,"{AB, AVC, Atria, LV, OFT, RV}",000001,{Atria},25,3,3,000001,{Atria},E8.5-221,20.0,Small
All,1,111111,"{AB, AVC, Atria, LV, OFT, RV}",000001,{Atria},25,3,3,000001,{Atria},E8.5-16,25.0,Small
All,1,111111,"{AB, AVC, Atria, LV, OFT, RV}",000001,{Atria},25,3,3,000001,{Atria},E8.5-201,42.0,Large
All,1,111111,"{AB, AVC, Atria, LV, OFT, RV}",000001,{Atria},26,3,0,111111,"{AB, AVC, Atria, LV, OFT, RV}",E8.5-2,82.0,Large
All,1,111111,"{AB, AVC, Atria, LV, OFT, RV}",000001,{Atria},26,3,0,111111,"{AB, AVC, Atria, LV, OFT, RV}",E8.5-170,142.0,
All,1,111111,"{AB, AVC, Atria, LV, OFT, RV}",000001,{Atria},26,3,0,111111,"{AB, AVC, Atria, LV, OFT, RV}",E8.5-198,57.0,Large
All,1,111111,"{AB, AVC, Atria, LV, OFT, RV}",000001,{Atria},26,3,0,111111,"{AB, AVC, Atria, LV, OFT, RV}",E8.5-155,6.0,Small
All,1,111111,"{AB, AVC, Atria, LV, OFT, RV}",000001,{Atria},26,3,0,111111,"{AB, AVC, Atria, LV, OFT, RV}",E8.5-35,17.0,Small
All,1,111111,"{AB, AVC, Atria, LV, OFT, RV}",000001,{Atria},26,3,0,111111,"{AB, AVC, Atria, LV, OFT, RV}",E8.5-44,37.0,Large
All,1,111111,"{AB, AVC, Atria, LV, OFT, RV}",000001,{Atria},26,3,0,111111,"{AB, AVC, Atria, LV, OFT, RV}",E8.5-178,4.0,Small
All,1,111111,"{AB, AVC, Atria, LV, OFT, RV}",000001,{Atria},26,3,0,111111,"{AB, AVC, Atria, LV, OFT, RV}",E8.5-146,4.0,Small
All,1,111111,"{AB, AVC, Atria, LV, OFT, RV}",000001,{Atria},26,3,0,111111,"{AB, AVC, Atria, LV, OFT, RV}",E8.5-21,5.0,Small
All,1,111111,"{AB, AVC, Atria, LV, OFT, RV}",000001,{Atria},26,3,0,111111,"{AB, AVC, Atria, LV, OFT, RV}",E8.5-224,6.0,Small
All,1,111111,"{AB, AVC, Atria, LV, OFT, RV}",000001,{Atria},26,3,0,111111,"{AB, AVC, Atria, LV, OFT, RV}",E8.5-6,7.0,Small
All,1,111111,"{AB, AVC, Atria, LV, OFT, RV}",000001,{Atria},26,3,0,111111,"{AB, AVC, Atria, LV, OFT, RV}",E8.5-7,7.0,Small
All,1,111111,"{AB, AVC, Atria, LV, OFT, RV}",000001,{Atria},26,3,0,111111,"{AB, AVC, Atria, LV, OFT, RV}",E8.5-116,8.0,Small
All,1,111111,"{AB, AVC, Atria, LV, OFT, RV}",000001,{Atria},26,3,0,111111,"{AB, AVC, Atria, LV, OFT, RV}",E8.5-172,8.0,Small
All,1,111111,"{AB, AVC, Atria, LV, OFT, RV}",000001,{Atria},26,3,0,111111,"{AB, AVC, Atria, LV, OFT, RV}",E8.5-193,10.0,Small
All,1,111111,"{AB, AVC, Atria, LV, OFT, RV}",000001,{Atria},26,3,0,111111,"{AB, AVC, Atria, LV, OFT, RV}",E8.5-20,16.0,Small
All,1,111111,"{AB, AVC, Atria, LV, OFT, RV}",000001,{Atria},26,3,0,111111,"{AB, AVC, Atria, LV, OFT, RV}",E8.5-138,16.0,Small
All,1,111111,"{AB, AVC, Atria, LV, OFT, RV}",000001,{Atria},26,3,0,111111,"{AB, AVC, Atria, LV, OFT, RV}",E8.5-110,17.0,Small
All,1,111111,"{AB, AVC, Atria, LV, OFT, RV}",000001,{Atria},26,3,0,111111,"{AB, AVC, Atria, LV, OFT, RV}",E8.5-221,20.0,Small
All,1,111111,"{AB, AVC, Atria, LV, OFT, RV}",000001,{Atria},26,3,0,111111,"{AB, AVC, Atria, LV, OFT, RV}",E8.5-16,25.0,Small
All,1,111111,"{AB, AVC, Atria, LV, OFT, RV}",000001,{Atria},26,3,0,111111,"{AB, AVC, Atria, LV, OFT, RV}",E8.5-201,42.0,Large
All,1,111111,"{AB, AVC, Atria, LV, OFT, RV}",000001,{Atria},26,3,1,111001,"{Atria, LV, OFT, RV}",E8.5-2,82.0,Large
All,1,111111,"{AB, AVC, Atria, LV, OFT, RV}",000001,{Atria},26,3,1,111001,"{Atria, LV, OFT, RV}",E8.5-170,142.0,
All,1,111111,"{AB, AVC, Atria, LV, OFT, RV}",000001,{Atria},26,3,1,111001,"{Atria, LV, OFT, RV}",E8.5-198,57.0,Large
All,1,111111,"{AB, AVC, Atria, LV, OFT, RV}",000001,{Atria},26,3,1,111001,"{Atria, LV, OFT, RV}",E8.5-155,6.0,Small
All,1,111111,"{AB, AVC, Atria, LV, OFT, RV}",000001,{Atria},26,3,1,111001,"{Atria, LV, OFT, RV}",E8.5-35,17.0,Small
All,1,111111,"{AB, AVC, Atria, LV, OFT, RV}",000001,{Atria},26,3,1,111001,"{Atria, LV, OFT, RV}",E8.5-44,37.0,Large
All,1,111111,"{AB, AVC, Atria, LV, OFT, RV}",000001,{Atria},26,3,1,111001,"{Atria, LV, OFT, RV}",E8.5-178,4.0,Small
All,1,111111,"{AB, AVC, Atria, LV, OFT, RV}",000001,{Atria},26,3,1,111001,"{Atria, LV, OFT, RV}",E8.5-146,4.0,Small
All,1,111111,"{AB, AVC, Atria, LV, OFT, RV}",000001,{Atria},26,3,1,111001,"{Atria, LV, OFT, RV}",E8.5-21,5.0,Small
All,1,111111,"{AB, AVC, Atria, LV, OFT, RV}",000001,{Atria},26,3,1,111001,"{Atria, LV, OFT, RV}",E8.5-224,6.0,Small
All,1,111111,"{AB, AVC, Atria, LV, OFT, RV}",000001,{Atria},26,3,1,111001,"{Atria, LV, OFT, RV}",E8.5-6,7.0,Small
All,1,111111,"{AB, AVC, Atria, LV, OFT, RV}",000001,{Atria},26,3,1,111001,"{Atria, LV, OFT, RV}",E8.5-7,7.0,Small
All,1,111111,"{AB, AVC, Atria, LV, OFT, RV}",000001,{Atria},26,3,1,111001,"{Atria, LV, OFT, RV}",E8.5-116,8.0,Small
All,1,111111,"{AB, AVC, Atria, LV, OFT, RV}",000001,{Atria},26,3,1,111001,"{Atria, LV, OFT, RV}",E8.5-172,8.0,Small
All,1,111111,"{AB, AVC, Atria, LV, OFT, RV}",000001,{Atria},26,3,1,111001,"{Atria, LV, OFT, RV}",E8.5-193,10.0,Small
All,1,111111,"{AB, AVC, Atria, LV, OFT, RV}",000001,{Atria},26,3,1,111001,"{Atria, LV, OFT, RV}",E8.5-20,16.0,Small
All,1,111111,"{AB, AVC, Atria, LV, OFT, RV}",000001,{Atria},26,3,1,111001,"{Atria, LV, OFT, RV}",E8.5-138,16.0,Small
All,1,111111,"{AB, AVC, Atria, LV, OFT, RV}",000001,{Atria},26,3,1,111001,"{Atria, LV, OFT, RV}",E8.5-110,17.0,Small
All,1,111111,"{AB, AVC, Atria, LV, OFT, RV}",000001,{Atria},26,3,1,111001,"{Atria, LV, OFT, RV}",E8.5-221,20.0,Small
All,1,111111,"{AB, AVC, Atria, LV, OFT, RV}",000001,{Atria},26,3,1,111001,"{Atria, LV, OFT, RV}",E8.5-16,25.0,Small
All,1,111111,"{AB, AVC, Atria, LV, OFT, RV}",000001,{Atria},26,3,1,111001,"{Atria, LV, OFT, RV}",E8.5-201,42.0,Large
All,1,111111,"{AB, AVC, Atria, LV, OFT, RV}",000001,{Atria},26,3,2,100001,"{Atria, OFT}",E8.5-2,82.0,Large
All,1,111111,"{AB, AVC, Atria, LV, OFT, RV}",000001,{Atria},26,3,2,100001,"{Atria, OFT}",E8.5-170,142.0,
All,1,111111,"{AB, AVC, Atria, LV, OFT, RV}",000001,{Atria},26,3,2,100001,"{Atria, OFT}",E8.5-198,57.0,Large
All,1,111111,"{AB, AVC, Atria, LV, OFT, RV}",000001,{Atria},26,3,2,100001,"{Atria, OFT}",E8.5-155,6.0,Small
All,1,111111,"{AB, AVC, Atria, LV, OFT, RV}",000001,{Atria},26,3,2,100001,"{Atria, OFT}",E8.5-35,17.0,Small
All,1,111111,"{AB, AVC, Atria, LV, OFT, RV}",000001,{Atria},26,3,2,100001,"{Atria, OFT}",E8.5-44,37.0,Large
All,1,111111,"{AB, AVC, Atria, LV, OFT, RV}",000001,{Atria},26,3,2,100001,"{Atria, OFT}",E8.5-178,4.0,Small
All,1,111111,"{AB, AVC, Atria, LV, OFT, RV}",000001,{Atria},26,3,2,100001,"{Atria, OFT}",E8.5-146,4.0,Small
All,1,111111,"{AB, AVC, Atria, LV, OFT, RV}",000001,{Atria},26,3,2,100001,"{Atria, OFT}",E8.5-21,5.0,Small
All,1,111111,"{AB, AVC, Atria, LV, OFT, RV}",000001,{Atria},26,3,2,100001,"{Atria, OFT}",E8.5-224,6.0,Small
All,1,111111,"{AB, AVC, Atria, LV, OFT, RV}",000001,{Atria},26,3,2,100001,"{Atria, OFT}",E8.5-6,7.0,Small
All,1,111111,"{AB, AVC, Atria, LV, OFT, RV}",000001,{Atria},26,3,2,100001,"{Atria, OFT}",E8.5-7,7.0,Small
All,1,111111,"{AB, AVC, Atria, LV, OFT, RV}",000001,{Atria},26,3,2,100001,"{Atria, OFT}",E8.5-116,8.0,Small
All,1,111111,"{AB, AVC, Atria, LV, OFT, RV}",000001,{Atria},26,3,2,100001,"{Atria, OFT}",E8.5-172,8.0,Small
All,1,111111,"{AB, AVC, Atria, LV, OFT, RV}",000001,{Atria},26,3,2,100001,"{Atria, OFT}",E8.5-193,10.0,Small
All,1,111111,"{AB, AVC, Atria, LV, OFT, RV}",000001,{Atria},26,3,2,100001,"{Atria, OFT}",E8.5-20,16.0,Small
All,1,111111,"{AB, AVC, Atria, LV, OFT, RV}",000001,{Atria},26,3,2,100001,"{Atria, OFT}",E8.5-138,16.0,Small
All,1,111111,"{AB, AVC, Atria, LV, OFT, RV}",000001,{Atria},26,3,2,100001,"{Atria, OFT}",E8.5-110,17.0,Small
All,1,111111,"{AB, AVC, Atria, LV, OFT, RV}",000001,{Atria},26,3,2,100001,"{Atria, OFT}",E8.5-221,20.0,Small
All,1,111111,"{AB, AVC, Atria, LV, OFT, RV}",000001,{Atria},26,3,2,100001,"{Atria, OFT}",E8.5-16,25.0,Small
All,1,111111,"{AB, AVC, Atria, LV, OFT, RV}",000001,{Atria},26,3,2,100001,"{Atria, OFT}",E8.5-201,42.0,Large
All,1,111111,"{AB, AVC, Atria, LV, OFT, RV}",000001,{Atria},26,3,3,000001,{Atria},E8.5-2,82.0,Large
All,1,111111,"{AB, AVC, Atria, LV, OFT, RV}",000001,{Atria},26,3,3,000001,{Atria},E8.5-170,142.0,
All,1,111111,"{AB, AVC, Atria, LV, OFT, RV}",000001,{Atria},26,3,3,000001,{Atria},E8.5-198,57.0,Large
All,1,111111,"{AB, AVC, Atria, LV, OFT, RV}",000001,{Atria},26,3,3,000001,{Atria},E8.5-155,6.0,Small
All,1,111111,"{AB, AVC, Atria, LV, OFT, RV}",000001,{Atria},26,3,3,000001,{Atria},E8.5-35,17.0,Small
All,1,111111,"{AB, AVC, Atria, LV, OFT, RV}",000001,{Atria},26,3,3,000001,{Atria},E8.5-44,37.0,Large
All,1,111111,"{AB, AVC, Atria, LV, OFT, RV}",000001,{Atria},26,3,3,000001,{Atria},E8.5-178,4.0,Small
All,1,111111,"{AB, AVC, Atria, LV, OFT, RV}",000001,{Atria},26,3,3,000001,{Atria},E8.5-146,4.0,Small
All,1,111111,"{AB, AVC, Atria, LV, OFT, RV}",000001,{Atria},26,3,3,000001,{Atria},E8.5-21,5.0,Small
All,1,111111,"{AB, AVC, Atria, LV, OFT, RV}",000001,{Atria},26,3,3,000001,{Atria},E8.5-224,6.0,Small
All,1,111111,"{AB, AVC, Atria, LV, OFT, RV}",000001,{Atria},26,3,3,000001,{Atria},E8.5-6,7.0,Small
All,1,111111,"{AB, AVC, Atria, LV, OFT, RV}",000001,{Atria},26,3,3,000001,{Atria},E8.5-7,7.0,Small
All,1,111111,"{AB, AVC, Atria, LV, OFT, RV}",000001,{Atria},26,3,3,000001,{Atria},E8.5-116,8.0,Small
All,1,111111,"{AB, AVC, Atria, LV, OFT, RV}",000001,{Atria},26,3,3,000001,{Atria},E8.5-172,8.0,Small
All,1,111111,"{AB, AVC, Atria, LV, OFT, RV}",000001,{Atria},26,3,3,000001,{Atria},E8.5-193,10.0,Small
All,1,111111,"{AB, AVC, Atria, LV, OFT, RV}",000001,{Atria},26,3,3,000001,{Atria},E8.5-20,16.0,Small
All,1,111111,"{AB, AVC, Atria, LV, OFT, RV}",000001,{Atria},26,3,3,000001,{Atria},E8.5-138,16.0,Small
All,1,111111,"{AB, AVC, Atria, LV, OFT, RV}",000001,{Atria},26,3,3,000001,{Atria},E8.5-110,17.0,Small
All,1,111111,"{AB, AVC, Atria, LV, OFT, RV}",000001,{Atria},26,3,3,000001,{Atria},E8.5-221,20.0,Small
All,1,111111,"{AB, AVC, Atria, LV, OFT, RV}",000001,{Atria},26,3,3,000001,{Atria},E8.5-16,25.0,Small
All,1,111111,"{AB, AVC, Atria, LV, OFT, RV}",000001,{Atria},26,3,3,000001,{Atria},E8.5-201,42.0,Large
All,1,111111,"{AB, AVC, Atria, LV, OFT, RV}",000001,{Atria},27,3,0,111111,"{AB, AVC, Atria, LV, OFT, RV}",E8.5-2,82.0,Large
All,1,111111,"{AB, AVC, Atria, LV, OFT, RV}",000001,{Atria},27,3,0,111111,"{AB, AVC, Atria, LV, OFT, RV}",E8.5-170,142.0,
All,1,111111,"{AB, AVC, Atria, LV, OFT, RV}",000001,{Atria},27,3,0,111111,"{AB, AVC, Atria, LV, OFT, RV}",E8.5-198,57.0,Large
All,1,111111,"{AB, AVC, Atria, LV, OFT, RV}",000001,{Atria},27,3,0,111111,"{AB, AVC, Atria, LV, OFT, RV}",E8.5-238,52.0,Large
All,1,111111,"{AB, AVC, Atria, LV, OFT, RV}",000001,{Atria},27,3,0,111111,"{AB, AVC, Atria, LV, OFT, RV}",E8.5-127,20.0,Small
All,1,111111,"{AB, AVC, Atria, LV, OFT, RV}",000001,{Atria},27,3,0,111111,"{AB, AVC, Atria, LV, OFT, RV}",E8.5-178,4.0,Small
All,1,111111,"{AB, AVC, Atria, LV, OFT, RV}",000001,{Atria},27,3,0,111111,"{AB, AVC, Atria, LV, OFT, RV}",E8.5-146,4.0,Small
All,1,111111,"{AB, AVC, Atria, LV, OFT, RV}",000001,{Atria},27,3,0,111111,"{AB, AVC, Atria, LV, OFT, RV}",E8.5-21,5.0,Small
All,1,111111,"{AB, AVC, Atria, LV, OFT, RV}",000001,{Atria},27,3,0,111111,"{AB, AVC, Atria, LV, OFT, RV}",E8.5-224,6.0,Small
All,1,111111,"{AB, AVC, Atria, LV, OFT, RV}",000001,{Atria},27,3,0,111111,"{AB, AVC, Atria, LV, OFT, RV}",E8.5-6,7.0,Small
All,1,111111,"{AB, AVC, Atria, LV, OFT, RV}",000001,{Atria},27,3,0,111111,"{AB, AVC, Atria, LV, OFT, RV}",E8.5-7,7.0,Small
All,1,111111,"{AB, AVC, Atria, LV, OFT, RV}",000001,{Atria},27,3,0,111111,"{AB, AVC, Atria, LV, OFT, RV}",E8.5-116,8.0,Small
All,1,111111,"{AB, AVC, Atria, LV, OFT, RV}",000001,{Atria},27,3,0,111111,"{AB, AVC, Atria, LV, OFT, RV}",E8.5-172,8.0,Small
All,1,111111,"{AB, AVC, Atria, LV, OFT, RV}",000001,{Atria},27,3,0,111111,"{AB, AVC, Atria, LV, OFT, RV}",E8.5-193,10.0,Small
All,1,111111,"{AB, AVC, Atria, LV, OFT, RV}",000001,{Atria},27,3,0,111111,"{AB, AVC, Atria, LV, OFT, RV}",E8.5-20,16.0,Small
All,1,111111,"{AB, AVC, Atria, LV, OFT, RV}",000001,{Atria},27,3,0,111111,"{AB, AVC, Atria, LV, OFT, RV}",E8.5-138,16.0,Small
All,1,111111,"{AB, AVC, Atria, LV, OFT, RV}",000001,{Atria},27,3,0,111111,"{AB, AVC, Atria, LV, OFT, RV}",E8.5-110,17.0,Small
All,1,111111,"{AB, AVC, Atria, LV, OFT, RV}",000001,{Atria},27,3,0,111111,"{AB, AVC, Atria, LV, OFT, RV}",E8.5-221,20.0,Small
All,1,111111,"{AB, AVC, Atria, LV, OFT, RV}",000001,{Atria},27,3,0,111111,"{AB, AVC, Atria, LV, OFT, RV}",E8.5-16,25.0,Small
All,1,111111,"{AB, AVC, Atria, LV, OFT, RV}",000001,{Atria},27,3,0,111111,"{AB, AVC, Atria, LV, OFT, RV}",E8.5-201,42.0,Large
All,1,111111,"{AB, AVC, Atria, LV, OFT, RV}",000001,{Atria},27,3,1,111001,"{Atria, LV, OFT, RV}",E8.5-2,82.0,Large
All,1,111111,"{AB, AVC, Atria, LV, OFT, RV}",000001,{Atria},27,3,1,111001,"{Atria, LV, OFT, RV}",E8.5-170,142.0,
All,1,111111,"{AB, AVC, Atria, LV, OFT, RV}",000001,{Atria},27,3,1,111001,"{Atria, LV, OFT, RV}",E8.5-198,57.0,Large
All,1,111111,"{AB, AVC, Atria, LV, OFT, RV}",000001,{Atria},27,3,1,111001,"{Atria, LV, OFT, RV}",E8.5-238,52.0,Large
All,1,111111,"{AB, AVC, Atria, LV, OFT, RV}",000001,{Atria},27,3,1,111001,"{Atria, LV, OFT, RV}",E8.5-127,20.0,Small
All,1,111111,"{AB, AVC, Atria, LV, OFT, RV}",000001,{Atria},27,3,1,111001,"{Atria, LV, OFT, RV}",E8.5-178,4.0,Small
All,1,111111,"{AB, AVC, Atria, LV, OFT, RV}",000001,{Atria},27,3,1,111001,"{Atria, LV, OFT, RV}",E8.5-146,4.0,Small
All,1,111111,"{AB, AVC, Atria, LV, OFT, RV}",000001,{Atria},27,3,1,111001,"{Atria, LV, OFT, RV}",E8.5-21,5.0,Small
All,1,111111,"{AB, AVC, Atria, LV, OFT, RV}",000001,{Atria},27,3,1,111001,"{Atria, LV, OFT, RV}",E8.5-224,6.0,Small
All,1,111111,"{AB, AVC, Atria, LV, OFT, RV}",000001,{Atria},27,3,1,111001,"{Atria, LV, OFT, RV}",E8.5-6,7.0,Small
All,1,111111,"{AB, AVC, Atria, LV, OFT, RV}",000001,{Atria},27,3,1,111001,"{Atria, LV, OFT, RV}",E8.5-7,7.0,Small
All,1,111111,"{AB, AVC, Atria, LV, OFT, RV}",000001,{Atria},27,3,1,111001,"{Atria, LV, OFT, RV}",E8.5-116,8.0,Small
All,1,111111,"{AB, AVC, Atria, LV, OFT, RV}",000001,{Atria},27,3,1,111001,"{Atria, LV, OFT, RV}",E8.5-172,8.0,Small
All,1,111111,"{AB, AVC, Atria, LV, OFT, RV}",000001,{Atria},27,3,1,111001,"{Atria, LV, OFT, RV}",E8.5-193,10.0,Small
All,1,111111,"{AB, AVC, Atria, LV, OFT, RV}",000001,{Atria},27,3,1,111001,"{Atria, LV, OFT, RV}",E8.5-20,16.0,Small
All,1,111111,"{AB, AVC, Atria, LV, OFT, RV}",000001,{Atria},27,3,1,111001,"{Atria, LV, OFT, RV}",E8.5-138,16.0,Small
All,1,111111,"{AB, AVC, Atria, LV, OFT, RV}",000001,{Atria},27,3,1,111001,"{Atria, LV, OFT, RV}",E8.5-110,17.0,Small
All,1,111111,"{AB, AVC, Atria, LV, OFT, RV}",000001,{Atria},27,3,1,111001,"{Atria, LV, OFT, RV}",E8.5-221,20.0,Small
All,1,111111,"{AB, AVC, Atria, LV, OFT, RV}",000001,{Atria},27,3,1,111001,"{Atria, LV, OFT, RV}",E8.5-16,25.0,Small
All,1,111111,"{AB, AVC, Atria, LV, OFT, RV}",000001,{Atria},27,3,1,111001,"{Atria, LV, OFT, RV}",E8.5-201,42.0,Large
All,1,111111,"{AB, AVC, Atria, LV, OFT, RV}",000001,{Atria},27,3,2,010001,"{Atria, RV}",E8.5-2,82.0,Large
All,1,111111,"{AB, AVC, Atria, LV, OFT, RV}",000001,{Atria},27,3,2,010001,"{Atria, RV}",E8.5-170,142.0,
All,1,111111,"{AB, AVC, Atria, LV, OFT, RV}",000001,{Atria},27,3,2,010001,"{Atria, RV}",E8.5-198,57.0,Large
All,1,111111,"{AB, AVC, Atria, LV, OFT, RV}",000001,{Atria},27,3,2,010001,"{Atria, RV}",E8.5-238,52.0,Large
All,1,111111,"{AB, AVC, Atria, LV, OFT, RV}",000001,{Atria},27,3,2,010001,"{Atria, RV}",E8.5-127,20.0,Small
All,1,111111,"{AB, AVC, Atria, LV, OFT, RV}",000001,{Atria},27,3,2,010001,"{Atria, RV}",E8.5-178,4.0,Small
All,1,111111,"{AB, AVC, Atria, LV, OFT, RV}",000001,{Atria},27,3,2,010001,"{Atria, RV}",E8.5-146,4.0,Small
All,1,111111,"{AB, AVC, Atria, LV, OFT, RV}",000001,{Atria},27,3,2,010001,"{Atria, RV}",E8.5-21,5.0,Small
All,1,111111,"{AB, AVC, Atria, LV, OFT, RV}",000001,{Atria},27,3,2,010001,"{Atria, RV}",E8.5-224,6.0,Small
All,1,111111,"{AB, AVC, Atria, LV, OFT, RV}",000001,{Atria},27,3,2,010001,"{Atria, RV}",E8.5-6,7.0,Small
All,1,111111,"{AB, AVC, Atria, LV, OFT, RV}",000001,{Atria},27,3,2,010001,"{Atria, RV}",E8.5-7,7.0,Small
All,1,111111,"{AB, AVC, Atria, LV, OFT, RV}",000001,{Atria},27,3,2,010001,"{Atria, RV}",E8.5-116,8.0,Small
All,1,111111,"{AB, AVC, Atria, LV, OFT, RV}",000001,{Atria},27,3,2,010001,"{Atria, RV}",E8.5-172,8.0,Small
All,1,111111,"{AB, AVC, Atria, LV, OFT, RV}",000001,{Atria},27,3,2,010001,"{Atria, RV}",E8.5-193,10.0,Small
All,1,111111,"{AB, AVC, Atria, LV, OFT, RV}",000001,{Atria},27,3,2,010001,"{Atria, RV}",E8.5-20,16.0,Small
All,1,111111,"{AB, AVC, Atria, LV, OFT, RV}",000001,{Atria},27,3,2,010001,"{Atria, RV}",E8.5-138,16.0,Small
All,1,111111,"{AB, AVC, Atria, LV, OFT, RV}",000001,{Atria},27,3,2,010001,"{Atria, RV}",E8.5-110,17.0,Small
All,1,111111,"{AB, AVC, Atria, LV, OFT, RV}",000001,{Atria},27,3,2,010001,"{Atria, RV}",E8.5-221,20.0,Small
All,1,111111,"{AB, AVC, Atria, LV, OFT, RV}",000001,{Atria},27,3,2,010001,"{Atria, RV}",E8.5-16,25.0,Small
All,1,111111,"{AB, AVC, Atria, LV, OFT, RV}",000001,{Atria},27,3,2,010001,"{Atria, RV}",E8.5-201,42.0,Large
All,1,111111,"{AB, AVC, Atria, LV, OFT, RV}",000001,{Atria},27,3,3,000001,{Atria},E8.5-2,82.0,Large
All,1,111111,"{AB, AVC, Atria, LV, OFT, RV}",000001,{Atria},27,3,3,000001,{Atria},E8.5-170,142.0,
All,1,111111,"{AB, AVC, Atria, LV, OFT, RV}",000001,{Atria},27,3,3,000001,{Atria},E8.5-198,57.0,Large
All,1,111111,"{AB, AVC, Atria, LV, OFT, RV}",000001,{Atria},27,3,3,000001,{Atria},E8.5-238,52.0,Large
All,1,111111,"{AB, AVC, Atria, LV, OFT, RV}",000001,{Atria},27,3,3,000001,{Atria},E8.5-127,20.0,Small
All,1,111111,"{AB, AVC, Atria, LV, OFT, RV}",000001,{Atria},27,3,3,000001,{Atria},E8.5-178,4.0,Small
All,1,111111,"{AB, AVC, Atria, LV, OFT, RV}",000001,{Atria},27,3,3,000001,{Atria},E8.5-146,4.0,Small
All,1,111111,"{AB, AVC, Atria, LV, OFT, RV}",000001,{Atria},27,3,3,000001,{Atria},E8.5-21,5.0,Small
All,1,111111,"{AB, AVC, Atria, LV, OFT, RV}",000001,{Atria},27,3,3,000001,{Atria},E8.5-224,6.0,Small
All,1,111111,"{AB, AVC, Atria, LV, OFT, RV}",000001,{Atria},27,3,3,000001,{Atria},E8.5-6,7.0,Small
All,1,111111,"{AB, AVC, Atria, LV, OFT, RV}",000001,{Atria},27,3,3,000001,{Atria},E8.5-7,7.0,Small
All,1,111111,"{AB, AVC, Atria, LV, OFT, RV}",000001,{Atria},27,3,3,000001,{Atria},E8.5-116,8.0,Small
All,1,111111,"{AB, AVC, Atria, LV, OFT, RV}",000001,{Atria},27,3,3,000001,{Atria},E8.5-172,8.0,Small
All,1,111111,"{AB, AVC, Atria, LV, OFT, RV}",000001,{Atria},27,3,3,000001,{Atria},E8.5-193,10.0,Small
All,1,111111,"{AB, AVC, Atria, LV, OFT, RV}",000001,{Atria},27,3,3,000001,{Atria},E8.5-20,16.0,Small
All,1,111111,"{AB, AVC, Atria, LV, OFT, RV}",000001,{Atria},27,3,3,000001,{Atria},E8.5-138,16.0,Small
All,1,111111,"{AB, AVC, Atria, LV, OFT, RV}",000001,{Atria},27,3,3,000001,{Atria},E8.5-110,17.0,Small
All,1,111111,"{AB, AVC, Atria, LV, OFT, RV}",000001,{Atria},27,3,3,000001,{Atria},E8.5-221,20.0,Small
All,1,111111,"{AB, AVC, Atria, LV, OFT, RV}",000001,{Atria},27,3,3,000001,{Atria},E8.5-16,25.0,Small
All,1,111111,"{AB, AVC, Atria, LV, OFT, RV}",000001,{Atria},27,3,3,000001,{Atria},E8.5-201,42.0,Large
All,1,111111,"{AB, AVC, Atria, LV, OFT, RV}",100000,{OFT},1,4,0,111111,"{AB, AVC, Atria, LV, OFT, RV}",E8.5-2,82.0,Large
All,1,111111,"{AB, AVC, Atria, LV, OFT, RV}",100000,{OFT},1,4,0,111111,"{AB, AVC, Atria, LV, OFT, RV}",E8.5-170,142.0,
All,1,111111,"{AB, AVC, Atria, LV, OFT, RV}",100000,{OFT},1,4,0,111111,"{AB, AVC, Atria, LV, OFT, RV}",E8.5-204,40.0,Large
All,1,111111,"{AB, AVC, Atria, LV, OFT, RV}",100000,{OFT},1,4,0,111111,"{AB, AVC, Atria, LV, OFT, RV}",E8.5-60,23.0,Small
All,1,111111,"{AB, AVC, Atria, LV, OFT, RV}",100000,{OFT},1,4,0,111111,"{AB, AVC, Atria, LV, OFT, RV}",E8.5-155,6.0,Small
All,1,111111,"{AB, AVC, Atria, LV, OFT, RV}",100000,{OFT},1,4,0,111111,"{AB, AVC, Atria, LV, OFT, RV}",E8.5-35,17.0,Small
All,1,111111,"{AB, AVC, Atria, LV, OFT, RV}",100000,{OFT},1,4,0,111111,"{AB, AVC, Atria, LV, OFT, RV}",E8.5-44,37.0,Large
All,1,111111,"{AB, AVC, Atria, LV, OFT, RV}",100000,{OFT},1,4,0,111111,"{AB, AVC, Atria, LV, OFT, RV}",E8.5-171,3.0,Small
All,1,111111,"{AB, AVC, Atria, LV, OFT, RV}",100000,{OFT},1,4,0,111111,"{AB, AVC, Atria, LV, OFT, RV}",E8.5-236,5.0,Small
All,1,111111,"{AB, AVC, Atria, LV, OFT, RV}",100000,{OFT},1,4,0,111111,"{AB, AVC, Atria, LV, OFT, RV}",E8.5-17,6.0,Small
All,1,111111,"{AB, AVC, Atria, LV, OFT, RV}",100000,{OFT},1,4,0,111111,"{AB, AVC, Atria, LV, OFT, RV}",E8.5-199,6.0,Small
All,1,111111,"{AB, AVC, Atria, LV, OFT, RV}",100000,{OFT},1,4,0,111111,"{AB, AVC, Atria, LV, OFT, RV}",E8.5-78,6.0,Small
All,1,111111,"{AB, AVC, Atria, LV, OFT, RV}",100000,{OFT},1,4,0,111111,"{AB, AVC, Atria, LV, OFT, RV}",E8.5-220,7.0,Small
All,1,111111,"{AB, AVC, Atria, LV, OFT, RV}",100000,{OFT},1,4,0,111111,"{AB, AVC, Atria, LV, OFT, RV}",E8.5-10,10.0,Small
All,1,111111,"{AB, AVC, Atria, LV, OFT, RV}",100000,{OFT},1,4,1,110011,"{AB, Atria, OFT, RV}",E8.5-2,82.0,Large
All,1,111111,"{AB, AVC, Atria, LV, OFT, RV}",100000,{OFT},1,4,1,110011,"{AB, Atria, OFT, RV}",E8.5-170,142.0,
All,1,111111,"{AB, AVC, Atria, LV, OFT, RV}",100000,{OFT},1,4,1,110011,"{AB, Atria, OFT, RV}",E8.5-204,40.0,Large
All,1,111111,"{AB, AVC, Atria, LV, OFT, RV}",100000,{OFT},1,4,1,110011,"{AB, Atria, OFT, RV}",E8.5-60,23.0,Small
All,1,111111,"{AB, AVC, Atria, LV, OFT, RV}",100000,{OFT},1,4,1,110011,"{AB, Atria, OFT, RV}",E8.5-155,6.0,Small
All,1,111111,"{AB, AVC, Atria, LV, OFT, RV}",100000,{OFT},1,4,1,110011,"{AB, Atria, OFT, RV}",E8.5-35,17.0,Small
All,1,111111,"{AB, AVC, Atria, LV, OFT, RV}",100000,{OFT},1,4,1,110011,"{AB, Atria, OFT, RV}",E8.5-44,37.0,Large
All,1,111111,"{AB, AVC, Atria, LV, OFT, RV}",100000,{OFT},1,4,1,110011,"{AB, Atria, OFT, RV}",E8.5-171,3.0,Small
All,1,111111,"{AB, AVC, Atria, LV, OFT, RV}",100000,{OFT},1,4,1,110011,"{AB, Atria, OFT, RV}",E8.5-236,5.0,Small
All,1,111111,"{AB, AVC, Atria, LV, OFT, RV}",100000,{OFT},1,4,1,110011,"{AB, Atria, OFT, RV}",E8.5-17,6.0,Small
All,1,111111,"{AB, AVC, Atria, LV, OFT, RV}",100000,{OFT},1,4,1,110011,"{AB, Atria, OFT, RV}",E8.5-199,6.0,Small
All,1,111111,"{AB, AVC, Atria, LV, OFT, RV}",100000,{OFT},1,4,1,110011,"{AB, Atria, OFT, RV}",E8.5-78,6.0,Small
All,1,111111,"{AB, AVC, Atria, LV, OFT, RV}",100000,{OFT},1,4,1,110011,"{AB, Atria, OFT, RV}",E8.5-220,7.0,Small
All,1,111111,"{AB, AVC, Atria, LV, OFT, RV}",100000,{OFT},1,4,1,110011,"{AB, Atria, OFT, RV}",E8.5-10,10.0,Small
All,1,111111,"{AB, AVC, Atria, LV, OFT, RV}",100000,{OFT},1,4,2,100011,"{AB, Atria, OFT}",E8.5-2,82.0,Large
All,1,111111,"{AB, AVC, Atria, LV, OFT, RV}",100000,{OFT},1,4,2,100011,"{AB, Atria, OFT}",E8.5-170,142.0,
All,1,111111,"{AB, AVC, Atria, LV, OFT, RV}",100000,{OFT},1,4,2,100011,"{AB, Atria, OFT}",E8.5-204,40.0,Large
All,1,111111,"{AB, AVC, Atria, LV, OFT, RV}",100000,{OFT},1,4,2,100011,"{AB, Atria, OFT}",E8.5-60,23.0,Small
All,1,111111,"{AB, AVC, Atria, LV, OFT, RV}",100000,{OFT},1,4,2,100011,"{AB, Atria, OFT}",E8.5-155,6.0,Small
All,1,111111,"{AB, AVC, Atria, LV, OFT, RV}",100000,{OFT},1,4,2,100011,"{AB, Atria, OFT}",E8.5-35,17.0,Small
All,1,111111,"{AB, AVC, Atria, LV, OFT, RV}",100000,{OFT},1,4,2,100011,"{AB, Atria, OFT}",E8.5-44,37.0,Large
All,1,111111,"{AB, AVC, Atria, LV, OFT, RV}",100000,{OFT},1,4,2,100011,"{AB, Atria, OFT}",E8.5-171,3.0,Small
All,1,111111,"{AB, AVC, Atria, LV, OFT, RV}",100000,{OFT},1,4,2,100011,"{AB, Atria, OFT}",E8.5-236,5.0,Small
All,1,111111,"{AB, AVC, Atria, LV, OFT, RV}",100000,{OFT},1,4,2,100011,"{AB, Atria, OFT}",E8.5-17,6.0,Small
All,1,111111,"{AB, AVC, Atria, LV, OFT, RV}",100000,{OFT},1,4,2,100011,"{AB, Atria, OFT}",E8.5-199,6.0,Small
All,1,111111,"{AB, AVC, Atria, LV, OFT, RV}",100000,{OFT},1,4,2,100011,"{AB, Atria, OFT}",E8.5-78,6.0,Small
All,1,111111,"{AB, AVC, Atria, LV, OFT, RV}",100000,{OFT},1,4,2,100011,"{AB, Atria, OFT}",E8.5-220,7.0,Small
All,1,111111,"{AB, AVC, Atria, LV, OFT, RV}",100000,{OFT},1,4,2,100011,"{AB, Atria, OFT}",E8.5-10,10.0,Small
All,1,111111,"{AB, AVC, Atria, LV, OFT, RV}",100000,{OFT},1,4,3,100001,"{Atria, OFT}",E8.5-2,82.0,Large
All,1,111111,"{AB, AVC, Atria, LV, OFT, RV}",100000,{OFT},1,4,3,100001,"{Atria, OFT}",E8.5-170,142.0,
All,1,111111,"{AB, AVC, Atria, LV, OFT, RV}",100000,{OFT},1,4,3,100001,"{Atria, OFT}",E8.5-204,40.0,Large
All,1,111111,"{AB, AVC, Atria, LV, OFT, RV}",100000,{OFT},1,4,3,100001,"{Atria, OFT}",E8.5-60,23.0,Small
All,1,111111,"{AB, AVC, Atria, LV, OFT, RV}",100000,{OFT},1,4,3,100001,"{Atria, OFT}",E8.5-155,6.0,Small
All,1,111111,"{AB, AVC, Atria, LV, OFT, RV}",100000,{OFT},1,4,3,100001,"{Atria, OFT}",E8.5-35,17.0,Small
All,1,111111,"{AB, AVC, Atria, LV, OFT, RV}",100000,{OFT},1,4,3,100001,"{Atria, OFT}",E8.5-44,37.0,Large
All,1,111111,"{AB, AVC, Atria, LV, OFT, RV}",100000,{OFT},1,4,3,100001,"{Atria, OFT}",E8.5-171,3.0,Small
All,1,111111,"{AB, AVC, Atria, LV, OFT, RV}",100000,{OFT},1,4,3,100001,"{Atria, OFT}",E8.5-236,5.0,Small
All,1,111111,"{AB, AVC, Atria, LV, OFT, RV}",100000,{OFT},1,4,3,100001,"{Atria, OFT}",E8.5-17,6.0,Small
All,1,111111,"{AB, AVC, Atria, LV, OFT, RV}",100000,{OFT},1,4,3,100001,"{Atria, OFT}",E8.5-199,6.0,Small
All,1,111111,"{AB, AVC, Atria, LV, OFT, RV}",100000,{OFT},1,4,3,100001,"{Atria, OFT}",E8.5-78,6.0,Small
All,1,111111,"{AB, AVC, Atria, LV, OFT, RV}",100000,{OFT},1,4,3,100001,"{Atria, OFT}",E8.5-220,7.0,Small
All,1,111111,"{AB, AVC, Atria, LV, OFT, RV}",100000,{OFT},1,4,3,100001,"{Atria, OFT}",E8.5-10,10.0,Small
All,1,111111,"{AB, AVC, Atria, LV, OFT, RV}",100000,{OFT},1,4,4,100000,{OFT},E8.5-2,82.0,Large
All,1,111111,"{AB, AVC, Atria, LV, OFT, RV}",100000,{OFT},1,4,4,100000,{OFT},E8.5-170,142.0,
All,1,111111,"{AB, AVC, Atria, LV, OFT, RV}",100000,{OFT},1,4,4,100000,{OFT},E8.5-204,40.0,Large
All,1,111111,"{AB, AVC, Atria, LV, OFT, RV}",100000,{OFT},1,4,4,100000,{OFT},E8.5-60,23.0,Small
All,1,111111,"{AB, AVC, Atria, LV, OFT, RV}",100000,{OFT},1,4,4,100000,{OFT},E8.5-155,6.0,Small
All,1,111111,"{AB, AVC, Atria, LV, OFT, RV}",100000,{OFT},1,4,4,100000,{OFT},E8.5-35,17.0,Small
All,1,111111,"{AB, AVC, Atria, LV, OFT, RV}",100000,{OFT},1,4,4,100000,{OFT},E8.5-44,37.0,Large
All,1,111111,"{AB, AVC, Atria, LV, OFT, RV}",100000,{OFT},1,4,4,100000,{OFT},E8.5-171,3.0,Small
All,1,111111,"{AB, AVC, Atria, LV, OFT, RV}",100000,{OFT},1,4,4,100000,{OFT},E8.5-236,5.0,Small
All,1,111111,"{AB, AVC, Atria, LV, OFT, RV}",100000,{OFT},1,4,4,100000,{OFT},E8.5-17,6.0,Small
All,1,111111,"{AB, AVC, Atria, LV, OFT, RV}",100000,{OFT},1,4,4,100000,{OFT},E8.5-199,6.0,Small
All,1,111111,"{AB, AVC, Atria, LV, OFT, RV}",100000,{OFT},1,4,4,100000,{OFT},E8.5-78,6.0,Small
All,1,111111,"{AB, AVC, Atria, LV, OFT, RV}",100000,{OFT},1,4,4,100000,{OFT},E8.5-220,7.0,Small
All,1,111111,"{AB, AVC, Atria, LV, OFT, RV}",100000,{OFT},1,4,4,100000,{OFT},E8.5-10,10.0,Small
All,1,111111,"{AB, AVC, Atria, LV, OFT, RV}",100000,{OFT},2,3,0,111111,"{AB, AVC, Atria, LV, OFT, RV}",E8.5-2,82.0,Large
All,1,111111,"{AB, AVC, Atria, LV, OFT, RV}",100000,{OFT},2,3,0,111111,"{AB, AVC, Atria, LV, OFT, RV}",E8.5-170,142.0,
All,1,111111,"{AB, AVC, Atria, LV, OFT, RV}",100000,{OFT},2,3,0,111111,"{AB, AVC, Atria, LV, OFT, RV}",E8.5-204,40.0,Large
All,1,111111,"{AB, AVC, Atria, LV, OFT, RV}",100000,{OFT},2,3,0,111111,"{AB, AVC, Atria, LV, OFT, RV}",E8.5-60,23.0,Small
All,1,111111,"{AB, AVC, Atria, LV, OFT, RV}",100000,{OFT},2,3,0,111111,"{AB, AVC, Atria, LV, OFT, RV}",E8.5-171,3.0,Small
All,1,111111,"{AB, AVC, Atria, LV, OFT, RV}",100000,{OFT},2,3,0,111111,"{AB, AVC, Atria, LV, OFT, RV}",E8.5-236,5.0,Small
All,1,111111,"{AB, AVC, Atria, LV, OFT, RV}",100000,{OFT},2,3,0,111111,"{AB, AVC, Atria, LV, OFT, RV}",E8.5-17,6.0,Small
All,1,111111,"{AB, AVC, Atria, LV, OFT, RV}",100000,{OFT},2,3,0,111111,"{AB, AVC, Atria, LV, OFT, RV}",E8.5-199,6.0,Small
All,1,111111,"{AB, AVC, Atria, LV, OFT, RV}",100000,{OFT},2,3,0,111111,"{AB, AVC, Atria, LV, OFT, RV}",E8.5-78,6.0,Small
All,1,111111,"{AB, AVC, Atria, LV, OFT, RV}",100000,{OFT},2,3,0,111111,"{AB, AVC, Atria, LV, OFT, RV}",E8.5-220,7.0,Small
All,1,111111,"{AB, AVC, Atria, LV, OFT, RV}",100000,{OFT},2,3,0,111111,"{AB, AVC, Atria, LV, OFT, RV}",E8.5-10,10.0,Small
All,1,111111,"{AB, AVC, Atria, LV, OFT, RV}",100000,{OFT},2,3,1,110011,"{AB, Atria, OFT, RV}",E8.5-2,82.0,Large
All,1,111111,"{AB, AVC, Atria, LV, OFT, RV}",100000,{OFT},2,3,1,110011,"{AB, Atria, OFT, RV}",E8.5-170,142.0,
All,1,111111,"{AB, AVC, Atria, LV, OFT, RV}",100000,{OFT},2,3,1,110011,"{AB, Atria, OFT, RV}",E8.5-204,40.0,Large
All,1,111111,"{AB, AVC, Atria, LV, OFT, RV}",100000,{OFT},2,3,1,110011,"{AB, Atria, OFT, RV}",E8.5-60,23.0,Small
All,1,111111,"{AB, AVC, Atria, LV, OFT, RV}",100000,{OFT},2,3,1,110011,"{AB, Atria, OFT, RV}",E8.5-171,3.0,Small
All,1,111111,"{AB, AVC, Atria, LV, OFT, RV}",100000,{OFT},2,3,1,110011,"{AB, Atria, OFT, RV}",E8.5-236,5.0,Small
All,1,111111,"{AB, AVC, Atria, LV, OFT, RV}",100000,{OFT},2,3,1,110011,"{AB, Atria, OFT, RV}",E8.5-17,6.0,Small
All,1,111111,"{AB, AVC, Atria, LV, OFT, RV}",100000,{OFT},2,3,1,110011,"{AB, Atria, OFT, RV}",E8.5-199,6.0,Small
All,1,111111,"{AB, AVC, Atria, LV, OFT, RV}",100000,{OFT},2,3,1,110011,"{AB, Atria, OFT, RV}",E8.5-78,6.0,Small
All,1,111111,"{AB, AVC, Atria, LV, OFT, RV}",100000,{OFT},2,3,1,110011,"{AB, Atria, OFT, RV}",E8.5-220,7.0,Small
All,1,111111,"{AB, AVC, Atria, LV, OFT, RV}",100000,{OFT},2,3,1,110011,"{AB, Atria, OFT, RV}",E8.5-10,10.0,Small
All,1,111111,"{AB, AVC, Atria, LV, OFT, RV}",100000,{OFT},2,3,2,100011,"{AB, Atria, OFT}",E8.5-2,82.0,Large
All,1,111111,"{AB, AVC, Atria, LV, OFT, RV}",100000,{OFT},2,3,2,100011,"{AB, Atria, OFT}",E8.5-170,142.0,
All,1,111111,"{AB, AVC, Atria, LV, OFT, RV}",100000,{OFT},2,3,2,100011,"{AB, Atria, OFT}",E8.5-204,40.0,Large
All,1,111111,"{AB, AVC, Atria, LV, OFT, RV}",100000,{OFT},2,3,2,100011,"{AB, Atria, OFT}",E8.5-60,23.0,Small
All,1,111111,"{AB, AVC, Atria, LV, OFT, RV}",100000,{OFT},2,3,2,100011,"{AB, Atria, OFT}",E8.5-171,3.0,Small
All,1,111111,"{AB, AVC, Atria, LV, OFT, RV}",100000,{OFT},2,3,2,100011,"{AB, Atria, OFT}",E8.5-236,5.0,Small
All,1,111111,"{AB, AVC, Atria, LV, OFT, RV}",100000,{OFT},2,3,2,100011,"{AB, Atria, OFT}",E8.5-17,6.0,Small
All,1,111111,"{AB, AVC, Atria, LV, OFT, RV}",100000,{OFT},2,3,2,100011,"{AB, Atria, OFT}",E8.5-199,6.0,Small
All,1,111111,"{AB, AVC, Atria, LV, OFT, RV}",100000,{OFT},2,3,2,100011,"{AB, Atria, OFT}",E8.5-78,6.0,Small
All,1,111111,"{AB, AVC, Atria, LV, OFT, RV}",100000,{OFT},2,3,2,100011,"{AB, Atria, OFT}",E8.5-220,7.0,Small
All,1,111111,"{AB, AVC, Atria, LV, OFT, RV}",100000,{OFT},2,3,2,100011,"{AB, Atria, OFT}",E8.5-10,10.0,Small
All,1,111111,"{AB, AVC, Atria, LV, OFT, RV}",100000,{OFT},2,3,3,100000,{OFT},E8.5-2,82.0,Large
All,1,111111,"{AB, AVC, Atria, LV, OFT, RV}",100000,{OFT},2,3,3,100000,{OFT},E8.5-170,142.0,
All,1,111111,"{AB, AVC, Atria, LV, OFT, RV}",100000,{OFT},2,3,3,100000,{OFT},E8.5-204,40.0,Large
All,1,111111,"{AB, AVC, Atria, LV, OFT, RV}",100000,{OFT},2,3,3,100000,{OFT},E8.5-60,23.0,Small
All,1,111111,"{AB, AVC, Atria, LV, OFT, RV}",100000,{OFT},2,3,3,100000,{OFT},E8.5-171,3.0,Small
All,1,111111,"{AB, AVC, Atria, LV, OFT, RV}",100000,{OFT},2,3,3,100000,{OFT},E8.5-236,5.0,Small
All,1,111111,"{AB, AVC, Atria, LV, OFT, RV}",100000,{OFT},2,3,3,100000,{OFT},E8.5-17,6.0,Small
All,1,111111,"{AB, AVC, Atria, LV, OFT, RV}",100000,{OFT},2,3,3,100000,{OFT},E8.5-199,6.0,Small
All,1,111111,"{AB, AVC, Atria, LV, OFT, RV}",100000,{OFT},2,3,3,100000,{OFT},E8.5-78,6.0,Small
All,1,111111,"{AB, AVC, Atria, LV, OFT, RV}",100000,{OFT},2,3,3,100000,{OFT},E8.5-220,7.0,Small
All,1,111111,"{AB, AVC, Atria, LV, OFT, RV}",100000,{OFT},2,3,3,100000,{OFT},E8.5-10,10.0,Small
All,1,111111,"{AB, AVC, Atria, LV, OFT, RV}",100000,{OFT},3,4,0,111111,"{AB, AVC, Atria, LV, OFT, RV}",E8.5-2,82.0,Large
All,1,111111,"{AB, AVC, Atria, LV, OFT, RV}",100000,{OFT},3,4,0,111111,"{AB, AVC, Atria, LV, OFT, RV}",E8.5-170,142.0,
All,1,111111,"{AB, AVC, Atria, LV, OFT, RV}",100000,{OFT},3,4,0,111111,"{AB, AVC, Atria, LV, OFT, RV}",E8.5-204,40.0,Large
All,1,111111,"{AB, AVC, Atria, LV, OFT, RV}",100000,{OFT},3,4,0,111111,"{AB, AVC, Atria, LV, OFT, RV}",E8.5-14,32.0,Large
All,1,111111,"{AB, AVC, Atria, LV, OFT, RV}",100000,{OFT},3,4,0,111111,"{AB, AVC, Atria, LV, OFT, RV}",E8.5-155,6.0,Small
All,1,111111,"{AB, AVC, Atria, LV, OFT, RV}",100000,{OFT},3,4,0,111111,"{AB, AVC, Atria, LV, OFT, RV}",E8.5-35,17.0,Small
All,1,111111,"{AB, AVC, Atria, LV, OFT, RV}",100000,{OFT},3,4,0,111111,"{AB, AVC, Atria, LV, OFT, RV}",E8.5-44,37.0,Large
All,1,111111,"{AB, AVC, Atria, LV, OFT, RV}",100000,{OFT},3,4,0,111111,"{AB, AVC, Atria, LV, OFT, RV}",E8.5-171,3.0,Small
All,1,111111,"{AB, AVC, Atria, LV, OFT, RV}",100000,{OFT},3,4,0,111111,"{AB, AVC, Atria, LV, OFT, RV}",E8.5-236,5.0,Small
All,1,111111,"{AB, AVC, Atria, LV, OFT, RV}",100000,{OFT},3,4,0,111111,"{AB, AVC, Atria, LV, OFT, RV}",E8.5-17,6.0,Small
All,1,111111,"{AB, AVC, Atria, LV, OFT, RV}",100000,{OFT},3,4,0,111111,"{AB, AVC, Atria, LV, OFT, RV}",E8.5-199,6.0,Small
All,1,111111,"{AB, AVC, Atria, LV, OFT, RV}",100000,{OFT},3,4,0,111111,"{AB, AVC, Atria, LV, OFT, RV}",E8.5-78,6.0,Small
All,1,111111,"{AB, AVC, Atria, LV, OFT, RV}",100000,{OFT},3,4,0,111111,"{AB, AVC, Atria, LV, OFT, RV}",E8.5-220,7.0,Small
All,1,111111,"{AB, AVC, Atria, LV, OFT, RV}",100000,{OFT},3,4,0,111111,"{AB, AVC, Atria, LV, OFT, RV}",E8.5-10,10.0,Small
All,1,111111,"{AB, AVC, Atria, LV, OFT, RV}",100000,{OFT},3,4,1,110011,"{AB, Atria, OFT, RV}",E8.5-2,82.0,Large
All,1,111111,"{AB, AVC, Atria, LV, OFT, RV}",100000,{OFT},3,4,1,110011,"{AB, Atria, OFT, RV}",E8.5-170,142.0,
All,1,111111,"{AB, AVC, Atria, LV, OFT, RV}",100000,{OFT},3,4,1,110011,"{AB, Atria, OFT, RV}",E8.5-204,40.0,Large
All,1,111111,"{AB, AVC, Atria, LV, OFT, RV}",100000,{OFT},3,4,1,110011,"{AB, Atria, OFT, RV}",E8.5-14,32.0,Large
All,1,111111,"{AB, AVC, Atria, LV, OFT, RV}",100000,{OFT},3,4,1,110011,"{AB, Atria, OFT, RV}",E8.5-155,6.0,Small
All,1,111111,"{AB, AVC, Atria, LV, OFT, RV}",100000,{OFT},3,4,1,110011,"{AB, Atria, OFT, RV}",E8.5-35,17.0,Small
All,1,111111,"{AB, AVC, Atria, LV, OFT, RV}",100000,{OFT},3,4,1,110011,"{AB, Atria, OFT, RV}",E8.5-44,37.0,Large
All,1,111111,"{AB, AVC, Atria, LV, OFT, RV}",100000,{OFT},3,4,1,110011,"{AB, Atria, OFT, RV}",E8.5-171,3.0,Small
All,1,111111,"{AB, AVC, Atria, LV, OFT, RV}",100000,{OFT},3,4,1,110011,"{AB, Atria, OFT, RV}",E8.5-236,5.0,Small
All,1,111111,"{AB, AVC, Atria, LV, OFT, RV}",100000,{OFT},3,4,1,110011,"{AB, Atria, OFT, RV}",E8.5-17,6.0,Small
All,1,111111,"{AB, AVC, Atria, LV, OFT, RV}",100000,{OFT},3,4,1,110011,"{AB, Atria, OFT, RV}",E8.5-199,6.0,Small
All,1,111111,"{AB, AVC, Atria, LV, OFT, RV}",100000,{OFT},3,4,1,110011,"{AB, Atria, OFT, RV}",E8.5-78,6.0,Small
All,1,111111,"{AB, AVC, Atria, LV, OFT, RV}",100000,{OFT},3,4,1,110011,"{AB, Atria, OFT, RV}",E8.5-220,7.0,Small
All,1,111111,"{AB, AVC, Atria, LV, OFT, RV}",100000,{OFT},3,4,1,110011,"{AB, Atria, OFT, RV}",E8.5-10,10.0,Small
All,1,111111,"{AB, AVC, Atria, LV, OFT, RV}",100000,{OFT},3,4,2,110001,"{Atria, OFT, RV}",E8.5-2,82.0,Large
All,1,111111,"{AB, AVC, Atria, LV, OFT, RV}",100000,{OFT},3,4,2,110001,"{Atria, OFT, RV}",E8.5-170,142.0,
All,1,111111,"{AB, AVC, Atria, LV, OFT, RV}",100000,{OFT},3,4,2,110001,"{Atria, OFT, RV}",E8.5-204,40.0,Large
All,1,111111,"{AB, AVC, Atria, LV, OFT, RV}",100000,{OFT},3,4,2,110001,"{Atria, OFT, RV}",E8.5-14,32.0,Large
All,1,111111,"{AB, AVC, Atria, LV, OFT, RV}",100000,{OFT},3,4,2,110001,"{Atria, OFT, RV}",E8.5-155,6.0,Small
All,1,111111,"{AB, AVC, Atria, LV, OFT, RV}",100000,{OFT},3,4,2,110001,"{Atria, OFT, RV}",E8.5-35,17.0,Small
All,1,111111,"{AB, AVC, Atria, LV, OFT, RV}",100000,{OFT},3,4,2,110001,"{Atria, OFT, RV}",E8.5-44,37.0,Large
All,1,111111,"{AB, AVC, Atria, LV, OFT, RV}",100000,{OFT},3,4,2,110001,"{Atria, OFT, RV}",E8.5-171,3.0,Small
All,1,111111,"{AB, AVC, Atria, LV, OFT, RV}",100000,{OFT},3,4,2,110001,"{Atria, OFT, RV}",E8.5-236,5.0,Small
All,1,111111,"{AB, AVC, Atria, LV, OFT, RV}",100000,{OFT},3,4,2,110001,"{Atria, OFT, RV}",E8.5-17,6.0,Small
All,1,111111,"{AB, AVC, Atria, LV, OFT, RV}",100000,{OFT},3,4,2,110001,"{Atria, OFT, RV}",E8.5-199,6.0,Small
All,1,111111,"{AB, AVC, Atria, LV, OFT, RV}",100000,{OFT},3,4,2,110001,"{Atria, OFT, RV}",E8.5-78,6.0,Small
All,1,111111,"{AB, AVC, Atria, LV, OFT, RV}",100000,{OFT},3,4,2,110001,"{Atria, OFT, RV}",E8.5-220,7.0,Small
All,1,111111,"{AB, AVC, Atria, LV, OFT, RV}",100000,{OFT},3,4,2,110001,"{Atria, OFT, RV}",E8.5-10,10.0,Small
All,1,111111,"{AB, AVC, Atria, LV, OFT, RV}",100000,{OFT},3,4,3,100001,"{Atria, OFT}",E8.5-2,82.0,Large
All,1,111111,"{AB, AVC, Atria, LV, OFT, RV}",100000,{OFT},3,4,3,100001,"{Atria, OFT}",E8.5-170,142.0,
All,1,111111,"{AB, AVC, Atria, LV, OFT, RV}",100000,{OFT},3,4,3,100001,"{Atria, OFT}",E8.5-204,40.0,Large
All,1,111111,"{AB, AVC, Atria, LV, OFT, RV}",100000,{OFT},3,4,3,100001,"{Atria, OFT}",E8.5-14,32.0,Large
All,1,111111,"{AB, AVC, Atria, LV, OFT, RV}",100000,{OFT},3,4,3,100001,"{Atria, OFT}",E8.5-155,6.0,Small
All,1,111111,"{AB, AVC, Atria, LV, OFT, RV}",100000,{OFT},3,4,3,100001,"{Atria, OFT}",E8.5-35,17.0,Small
All,1,111111,"{AB, AVC, Atria, LV, OFT, RV}",100000,{OFT},3,4,3,100001,"{Atria, OFT}",E8.5-44,37.0,Large
All,1,111111,"{AB, AVC, Atria, LV, OFT, RV}",100000,{OFT},3,4,3,100001,"{Atria, OFT}",E8.5-171,3.0,Small
All,1,111111,"{AB, AVC, Atria, LV, OFT, RV}",100000,{OFT},3,4,3,100001,"{Atria, OFT}",E8.5-236,5.0,Small
All,1,111111,"{AB, AVC, Atria, LV, OFT, RV}",100000,{OFT},3,4,3,100001,"{Atria, OFT}",E8.5-17,6.0,Small
All,1,111111,"{AB, AVC, Atria, LV, OFT, RV}",100000,{OFT},3,4,3,100001,"{Atria, OFT}",E8.5-199,6.0,Small
All,1,111111,"{AB, AVC, Atria, LV, OFT, RV}",100000,{OFT},3,4,3,100001,"{Atria, OFT}",E8.5-78,6.0,Small
All,1,111111,"{AB, AVC, Atria, LV, OFT, RV}",100000,{OFT},3,4,3,100001,"{Atria, OFT}",E8.5-220,7.0,Small
All,1,111111,"{AB, AVC, Atria, LV, OFT, RV}",100000,{OFT},3,4,3,100001,"{Atria, OFT}",E8.5-10,10.0,Small
All,1,111111,"{AB, AVC, Atria, LV, OFT, RV}",100000,{OFT},3,4,4,100000,{OFT},E8.5-2,82.0,Large
All,1,111111,"{AB, AVC, Atria, LV, OFT, RV}",100000,{OFT},3,4,4,100000,{OFT},E8.5-170,142.0,
All,1,111111,"{AB, AVC, Atria, LV, OFT, RV}",100000,{OFT},3,4,4,100000,{OFT},E8.5-204,40.0,Large
All,1,111111,"{AB, AVC, Atria, LV, OFT, RV}",100000,{OFT},3,4,4,100000,{OFT},E8.5-14,32.0,Large
All,1,111111,"{AB, AVC, Atria, LV, OFT, RV}",100000,{OFT},3,4,4,100000,{OFT},E8.5-155,6.0,Small
All,1,111111,"{AB, AVC, Atria, LV, OFT, RV}",100000,{OFT},3,4,4,100000,{OFT},E8.5-35,17.0,Small
All,1,111111,"{AB, AVC, Atria, LV, OFT, RV}",100000,{OFT},3,4,4,100000,{OFT},E8.5-44,37.0,Large
All,1,111111,"{AB, AVC, Atria, LV, OFT, RV}",100000,{OFT},3,4,4,100000,{OFT},E8.5-171,3.0,Small
All,1,111111,"{AB, AVC, Atria, LV, OFT, RV}",100000,{OFT},3,4,4,100000,{OFT},E8.5-236,5.0,Small
All,1,111111,"{AB, AVC, Atria, LV, OFT, RV}",100000,{OFT},3,4,4,100000,{OFT},E8.5-17,6.0,Small
All,1,111111,"{AB, AVC, Atria, LV, OFT, RV}",100000,{OFT},3,4,4,100000,{OFT},E8.5-199,6.0,Small
All,1,111111,"{AB, AVC, Atria, LV, OFT, RV}",100000,{OFT},3,4,4,100000,{OFT},E8.5-78,6.0,Small
All,1,111111,"{AB, AVC, Atria, LV, OFT, RV}",100000,{OFT},3,4,4,100000,{OFT},E8.5-220,7.0,Small
All,1,111111,"{AB, AVC, Atria, LV, OFT, RV}",100000,{OFT},3,4,4,100000,{OFT},E8.5-10,10.0,Small
All,1,111111,"{AB, AVC, Atria, LV, OFT, RV}",100000,{OFT},4,4,0,111111,"{AB, AVC, Atria, LV, OFT, RV}",E8.5-2,82.0,Large
All,1,111111,"{AB, AVC, Atria, LV, OFT, RV}",100000,{OFT},4,4,0,111111,"{AB, AVC, Atria, LV, OFT, RV}",E8.5-170,142.0,
All,1,111111,"{AB, AVC, Atria, LV, OFT, RV}",100000,{OFT},4,4,0,111111,"{AB, AVC, Atria, LV, OFT, RV}",E8.5-204,40.0,Large
All,1,111111,"{AB, AVC, Atria, LV, OFT, RV}",100000,{OFT},4,4,0,111111,"{AB, AVC, Atria, LV, OFT, RV}",E8.5-14,32.0,Large
All,1,111111,"{AB, AVC, Atria, LV, OFT, RV}",100000,{OFT},4,4,0,111111,"{AB, AVC, Atria, LV, OFT, RV}",E8.5-43,7.0,Small
All,1,111111,"{AB, AVC, Atria, LV, OFT, RV}",100000,{OFT},4,4,0,111111,"{AB, AVC, Atria, LV, OFT, RV}",E8.5-165,11.0,Small
All,1,111111,"{AB, AVC, Atria, LV, OFT, RV}",100000,{OFT},4,4,0,111111,"{AB, AVC, Atria, LV, OFT, RV}",E8.5-13,13.0,Small
All,1,111111,"{AB, AVC, Atria, LV, OFT, RV}",100000,{OFT},4,4,0,111111,"{AB, AVC, Atria, LV, OFT, RV}",E8.5-145,13.0,Small
All,1,111111,"{AB, AVC, Atria, LV, OFT, RV}",100000,{OFT},4,4,0,111111,"{AB, AVC, Atria, LV, OFT, RV}",E8.5-185,18.0,Small
All,1,111111,"{AB, AVC, Atria, LV, OFT, RV}",100000,{OFT},4,4,0,111111,"{AB, AVC, Atria, LV, OFT, RV}",E8.5-163,19.0,Small
All,1,111111,"{AB, AVC, Atria, LV, OFT, RV}",100000,{OFT},4,4,0,111111,"{AB, AVC, Atria, LV, OFT, RV}",E8.5-184,20.0,Small
All,1,111111,"{AB, AVC, Atria, LV, OFT, RV}",100000,{OFT},4,4,0,111111,"{AB, AVC, Atria, LV, OFT, RV}",E8.5-4,20.0,Small
All,1,111111,"{AB, AVC, Atria, LV, OFT, RV}",100000,{OFT},4,4,0,111111,"{AB, AVC, Atria, LV, OFT, RV}",E8.5-85,24.0,Small
All,1,111111,"{AB, AVC, Atria, LV, OFT, RV}",100000,{OFT},4,4,0,111111,"{AB, AVC, Atria, LV, OFT, RV}",E8.5-128,54.0,Large
All,1,111111,"{AB, AVC, Atria, LV, OFT, RV}",100000,{OFT},4,4,0,111111,"{AB, AVC, Atria, LV, OFT, RV}",E8.5-171,3.0,Small
All,1,111111,"{AB, AVC, Atria, LV, OFT, RV}",100000,{OFT},4,4,0,111111,"{AB, AVC, Atria, LV, OFT, RV}",E8.5-236,5.0,Small
All,1,111111,"{AB, AVC, Atria, LV, OFT, RV}",100000,{OFT},4,4,0,111111,"{AB, AVC, Atria, LV, OFT, RV}",E8.5-17,6.0,Small
All,1,111111,"{AB, AVC, Atria, LV, OFT, RV}",100000,{OFT},4,4,0,111111,"{AB, AVC, Atria, LV, OFT, RV}",E8.5-199,6.0,Small
All,1,111111,"{AB, AVC, Atria, LV, OFT, RV}",100000,{OFT},4,4,0,111111,"{AB, AVC, Atria, LV, OFT, RV}",E8.5-78,6.0,Small
All,1,111111,"{AB, AVC, Atria, LV, OFT, RV}",100000,{OFT},4,4,0,111111,"{AB, AVC, Atria, LV, OFT, RV}",E8.5-220,7.0,Small
All,1,111111,"{AB, AVC, Atria, LV, OFT, RV}",100000,{OFT},4,4,0,111111,"{AB, AVC, Atria, LV, OFT, RV}",E8.5-10,10.0,Small
All,1,111111,"{AB, AVC, Atria, LV, OFT, RV}",100000,{OFT},4,4,1,110011,"{AB, Atria, OFT, RV}",E8.5-2,82.0,Large
All,1,111111,"{AB, AVC, Atria, LV, OFT, RV}",100000,{OFT},4,4,1,110011,"{AB, Atria, OFT, RV}",E8.5-170,142.0,
All,1,111111,"{AB, AVC, Atria, LV, OFT, RV}",100000,{OFT},4,4,1,110011,"{AB, Atria, OFT, RV}",E8.5-204,40.0,Large
All,1,111111,"{AB, AVC, Atria, LV, OFT, RV}",100000,{OFT},4,4,1,110011,"{AB, Atria, OFT, RV}",E8.5-14,32.0,Large
All,1,111111,"{AB, AVC, Atria, LV, OFT, RV}",100000,{OFT},4,4,1,110011,"{AB, Atria, OFT, RV}",E8.5-43,7.0,Small
All,1,111111,"{AB, AVC, Atria, LV, OFT, RV}",100000,{OFT},4,4,1,110011,"{AB, Atria, OFT, RV}",E8.5-165,11.0,Small
All,1,111111,"{AB, AVC, Atria, LV, OFT, RV}",100000,{OFT},4,4,1,110011,"{AB, Atria, OFT, RV}",E8.5-13,13.0,Small
All,1,111111,"{AB, AVC, Atria, LV, OFT, RV}",100000,{OFT},4,4,1,110011,"{AB, Atria, OFT, RV}",E8.5-145,13.0,Small
All,1,111111,"{AB, AVC, Atria, LV, OFT, RV}",100000,{OFT},4,4,1,110011,"{AB, Atria, OFT, RV}",E8.5-185,18.0,Small
All,1,111111,"{AB, AVC, Atria, LV, OFT, RV}",100000,{OFT},4,4,1,110011,"{AB, Atria, OFT, RV}",E8.5-163,19.0,Small
All,1,111111,"{AB, AVC, Atria, LV, OFT, RV}",100000,{OFT},4,4,1,110011,"{AB, Atria, OFT, RV}",E8.5-184,20.0,Small
All,1,111111,"{AB, AVC, Atria, LV, OFT, RV}",100000,{OFT},4,4,1,110011,"{AB, Atria, OFT, RV}",E8.5-4,20.0,Small
All,1,111111,"{AB, AVC, Atria, LV, OFT, RV}",100000,{OFT},4,4,1,110011,"{AB, Atria, OFT, RV}",E8.5-85,24.0,Small
All,1,111111,"{AB, AVC, Atria, LV, OFT, RV}",100000,{OFT},4,4,1,110011,"{AB, Atria, OFT, RV}",E8.5-128,54.0,Large
All,1,111111,"{AB, AVC, Atria, LV, OFT, RV}",100000,{OFT},4,4,1,110011,"{AB, Atria, OFT, RV}",E8.5-171,3.0,Small
All,1,111111,"{AB, AVC, Atria, LV, OFT, RV}",100000,{OFT},4,4,1,110011,"{AB, Atria, OFT, RV}",E8.5-236,5.0,Small
All,1,111111,"{AB, AVC, Atria, LV, OFT, RV}",100000,{OFT},4,4,1,110011,"{AB, Atria, OFT, RV}",E8.5-17,6.0,Small
All,1,111111,"{AB, AVC, Atria, LV, OFT, RV}",100000,{OFT},4,4,1,110011,"{AB, Atria, OFT, RV}",E8.5-199,6.0,Small
All,1,111111,"{AB, AVC, Atria, LV, OFT, RV}",100000,{OFT},4,4,1,110011,"{AB, Atria, OFT, RV}",E8.5-78,6.0,Small
All,1,111111,"{AB, AVC, Atria, LV, OFT, RV}",100000,{OFT},4,4,1,110011,"{AB, Atria, OFT, RV}",E8.5-220,7.0,Small
All,1,111111,"{AB, AVC, Atria, LV, OFT, RV}",100000,{OFT},4,4,1,110011,"{AB, Atria, OFT, RV}",E8.5-10,10.0,Small
All,1,111111,"{AB, AVC, Atria, LV, OFT, RV}",100000,{OFT},4,4,2,110001,"{Atria, OFT, RV}",E8.5-2,82.0,Large
All,1,111111,"{AB, AVC, Atria, LV, OFT, RV}",100000,{OFT},4,4,2,110001,"{Atria, OFT, RV}",E8.5-170,142.0,
All,1,111111,"{AB, AVC, Atria, LV, OFT, RV}",100000,{OFT},4,4,2,110001,"{Atria, OFT, RV}",E8.5-204,40.0,Large
All,1,111111,"{AB, AVC, Atria, LV, OFT, RV}",100000,{OFT},4,4,2,110001,"{Atria, OFT, RV}",E8.5-14,32.0,Large
All,1,111111,"{AB, AVC, Atria, LV, OFT, RV}",100000,{OFT},4,4,2,110001,"{Atria, OFT, RV}",E8.5-43,7.0,Small
All,1,111111,"{AB, AVC, Atria, LV, OFT, RV}",100000,{OFT},4,4,2,110001,"{Atria, OFT, RV}",E8.5-165,11.0,Small
All,1,111111,"{AB, AVC, Atria, LV, OFT, RV}",100000,{OFT},4,4,2,110001,"{Atria, OFT, RV}",E8.5-13,13.0,Small
All,1,111111,"{AB, AVC, Atria, LV, OFT, RV}",100000,{OFT},4,4,2,110001,"{Atria, OFT, RV}",E8.5-145,13.0,Small
All,1,111111,"{AB, AVC, Atria, LV, OFT, RV}",100000,{OFT},4,4,2,110001,"{Atria, OFT, RV}",E8.5-185,18.0,Small
All,1,111111,"{AB, AVC, Atria, LV, OFT, RV}",100000,{OFT},4,4,2,110001,"{Atria, OFT, RV}",E8.5-163,19.0,Small
All,1,111111,"{AB, AVC, Atria, LV, OFT, RV}",100000,{OFT},4,4,2,110001,"{Atria, OFT, RV}",E8.5-184,20.0,Small
All,1,111111,"{AB, AVC, Atria, LV, OFT, RV}",100000,{OFT},4,4,2,110001,"{Atria, OFT, RV}",E8.5-4,20.0,Small
All,1,111111,"{AB, AVC, Atria, LV, OFT, RV}",100000,{OFT},4,4,2,110001,"{Atria, OFT, RV}",E8.5-85,24.0,Small
All,1,111111,"{AB, AVC, Atria, LV, OFT, RV}",100000,{OFT},4,4,2,110001,"{Atria, OFT, RV}",E8.5-128,54.0,Large
All,1,111111,"{AB, AVC, Atria, LV, OFT, RV}",100000,{OFT},4,4,2,110001,"{Atria, OFT, RV}",E8.5-171,3.0,Small
All,1,111111,"{AB, AVC, Atria, LV, OFT, RV}",100000,{OFT},4,4,2,110001,"{Atria, OFT, RV}",E8.5-236,5.0,Small
All,1,111111,"{AB, AVC, Atria, LV, OFT, RV}",100000,{OFT},4,4,2,110001,"{Atria, OFT, RV}",E8.5-17,6.0,Small
All,1,111111,"{AB, AVC, Atria, LV, OFT, RV}",100000,{OFT},4,4,2,110001,"{Atria, OFT, RV}",E8.5-199,6.0,Small
All,1,111111,"{AB, AVC, Atria, LV, OFT, RV}",100000,{OFT},4,4,2,110001,"{Atria, OFT, RV}",E8.5-78,6.0,Small
All,1,111111,"{AB, AVC, Atria, LV, OFT, RV}",100000,{OFT},4,4,2,110001,"{Atria, OFT, RV}",E8.5-220,7.0,Small
All,1,111111,"{AB, AVC, Atria, LV, OFT, RV}",100000,{OFT},4,4,2,110001,"{Atria, OFT, RV}",E8.5-10,10.0,Small
All,1,111111,"{AB, AVC, Atria, LV, OFT, RV}",100000,{OFT},4,4,3,110000,"{OFT, RV}",E8.5-2,82.0,Large
All,1,111111,"{AB, AVC, Atria, LV, OFT, RV}",100000,{OFT},4,4,3,110000,"{OFT, RV}",E8.5-170,142.0,
All,1,111111,"{AB, AVC, Atria, LV, OFT, RV}",100000,{OFT},4,4,3,110000,"{OFT, RV}",E8.5-204,40.0,Large
All,1,111111,"{AB, AVC, Atria, LV, OFT, RV}",100000,{OFT},4,4,3,110000,"{OFT, RV}",E8.5-14,32.0,Large
All,1,111111,"{AB, AVC, Atria, LV, OFT, RV}",100000,{OFT},4,4,3,110000,"{OFT, RV}",E8.5-43,7.0,Small
All,1,111111,"{AB, AVC, Atria, LV, OFT, RV}",100000,{OFT},4,4,3,110000,"{OFT, RV}",E8.5-165,11.0,Small
All,1,111111,"{AB, AVC, Atria, LV, OFT, RV}",100000,{OFT},4,4,3,110000,"{OFT, RV}",E8.5-13,13.0,Small
All,1,111111,"{AB, AVC, Atria, LV, OFT, RV}",100000,{OFT},4,4,3,110000,"{OFT, RV}",E8.5-145,13.0,Small
All,1,111111,"{AB, AVC, Atria, LV, OFT, RV}",100000,{OFT},4,4,3,110000,"{OFT, RV}",E8.5-185,18.0,Small
All,1,111111,"{AB, AVC, Atria, LV, OFT, RV}",100000,{OFT},4,4,3,110000,"{OFT, RV}",E8.5-163,19.0,Small
All,1,111111,"{AB, AVC, Atria, LV, OFT, RV}",100000,{OFT},4,4,3,110000,"{OFT, RV}",E8.5-184,20.0,Small
All,1,111111,"{AB, AVC, Atria, LV, OFT, RV}",100000,{OFT},4,4,3,110000,"{OFT, RV}",E8.5-4,20.0,Small
All,1,111111,"{AB, AVC, Atria, LV, OFT, RV}",100000,{OFT},4,4,3,110000,"{OFT, RV}",E8.5-85,24.0,Small
All,1,111111,"{AB, AVC, Atria, LV, OFT, RV}",100000,{OFT},4,4,3,110000,"{OFT, RV}",E8.5-128,54.0,Large
All,1,111111,"{AB, AVC, Atria, LV, OFT, RV}",100000,{OFT},4,4,3,110000,"{OFT, RV}",E8.5-171,3.0,Small
All,1,111111,"{AB, AVC, Atria, LV, OFT, RV}",100000,{OFT},4,4,3,110000,"{OFT, RV}",E8.5-236,5.0,Small
All,1,111111,"{AB, AVC, Atria, LV, OFT, RV}",100000,{OFT},4,4,3,110000,"{OFT, RV}",E8.5-17,6.0,Small
All,1,111111,"{AB, AVC, Atria, LV, OFT, RV}",100000,{OFT},4,4,3,110000,"{OFT, RV}",E8.5-199,6.0,Small
All,1,111111,"{AB, AVC, Atria, LV, OFT, RV}",100000,{OFT},4,4,3,110000,"{OFT, RV}",E8.5-78,6.0,Small
All,1,111111,"{AB, AVC, Atria, LV, OFT, RV}",100000,{OFT},4,4,3,110000,"{OFT, RV}",E8.5-220,7.0,Small
All,1,111111,"{AB, AVC, Atria, LV, OFT, RV}",100000,{OFT},4,4,3,110000,"{OFT, RV}",E8.5-10,10.0,Small
All,1,111111,"{AB, AVC, Atria, LV, OFT, RV}",100000,{OFT},4,4,4,100000,{OFT},E8.5-2,82.0,Large
All,1,111111,"{AB, AVC, Atria, LV, OFT, RV}",100000,{OFT},4,4,4,100000,{OFT},E8.5-170,142.0,
All,1,111111,"{AB, AVC, Atria, LV, OFT, RV}",100000,{OFT},4,4,4,100000,{OFT},E8.5-204,40.0,Large
All,1,111111,"{AB, AVC, Atria, LV, OFT, RV}",100000,{OFT},4,4,4,100000,{OFT},E8.5-14,32.0,Large
All,1,111111,"{AB, AVC, Atria, LV, OFT, RV}",100000,{OFT},4,4,4,100000,{OFT},E8.5-43,7.0,Small
All,1,111111,"{AB, AVC, Atria, LV, OFT, RV}",100000,{OFT},4,4,4,100000,{OFT},E8.5-165,11.0,Small
All,1,111111,"{AB, AVC, Atria, LV, OFT, RV}",100000,{OFT},4,4,4,100000,{OFT},E8.5-13,13.0,Small
All,1,111111,"{AB, AVC, Atria, LV, OFT, RV}",100000,{OFT},4,4,4,100000,{OFT},E8.5-145,13.0,Small
All,1,111111,"{AB, AVC, Atria, LV, OFT, RV}",100000,{OFT},4,4,4,100000,{OFT},E8.5-185,18.0,Small
All,1,111111,"{AB, AVC, Atria, LV, OFT, RV}",100000,{OFT},4,4,4,100000,{OFT},E8.5-163,19.0,Small
All,1,111111,"{AB, AVC, Atria, LV, OFT, RV}",100000,{OFT},4,4,4,100000,{OFT},E8.5-184,20.0,Small
All,1,111111,"{AB, AVC, Atria, LV, OFT, RV}",100000,{OFT},4,4,4,100000,{OFT},E8.5-4,20.0,Small
All,1,111111,"{AB, AVC, Atria, LV, OFT, RV}",100000,{OFT},4,4,4,100000,{OFT},E8.5-85,24.0,Small
All,1,111111,"{AB, AVC, Atria, LV, OFT, RV}",100000,{OFT},4,4,4,100000,{OFT},E8.5-128,54.0,Large
All,1,111111,"{AB, AVC, Atria, LV, OFT, RV}",100000,{OFT},4,4,4,100000,{OFT},E8.5-171,3.0,Small
All,1,111111,"{AB, AVC, Atria, LV, OFT, RV}",100000,{OFT},4,4,4,100000,{OFT},E8.5-236,5.0,Small
All,1,111111,"{AB, AVC, Atria, LV, OFT, RV}",100000,{OFT},4,4,4,100000,{OFT},E8.5-17,6.0,Small
All,1,111111,"{AB, AVC, Atria, LV, OFT, RV}",100000,{OFT},4,4,4,100000,{OFT},E8.5-199,6.0,Small
All,1,111111,"{AB, AVC, Atria, LV, OFT, RV}",100000,{OFT},4,4,4,100000,{OFT},E8.5-78,6.0,Small
All,1,111111,"{AB, AVC, Atria, LV, OFT, RV}",100000,{OFT},4,4,4,100000,{OFT},E8.5-220,7.0,Small
All,1,111111,"{AB, AVC, Atria, LV, OFT, RV}",100000,{OFT},4,4,4,100000,{OFT},E8.5-10,10.0,Small
All,1,111111,"{AB, AVC, Atria, LV, OFT, RV}",100000,{OFT},5,3,0,111111,"{AB, AVC, Atria, LV, OFT, RV}",E8.5-2,82.0,Large
All,1,111111,"{AB, AVC, Atria, LV, OFT, RV}",100000,{OFT},5,3,0,111111,"{AB, AVC, Atria, LV, OFT, RV}",E8.5-170,142.0,
All,1,111111,"{AB, AVC, Atria, LV, OFT, RV}",100000,{OFT},5,3,0,111111,"{AB, AVC, Atria, LV, OFT, RV}",E8.5-204,40.0,Large
All,1,111111,"{AB, AVC, Atria, LV, OFT, RV}",100000,{OFT},5,3,0,111111,"{AB, AVC, Atria, LV, OFT, RV}",E8.5-14,32.0,Large
All,1,111111,"{AB, AVC, Atria, LV, OFT, RV}",100000,{OFT},5,3,0,111111,"{AB, AVC, Atria, LV, OFT, RV}",E8.5-171,3.0,Small
All,1,111111,"{AB, AVC, Atria, LV, OFT, RV}",100000,{OFT},5,3,0,111111,"{AB, AVC, Atria, LV, OFT, RV}",E8.5-236,5.0,Small
All,1,111111,"{AB, AVC, Atria, LV, OFT, RV}",100000,{OFT},5,3,0,111111,"{AB, AVC, Atria, LV, OFT, RV}",E8.5-17,6.0,Small
All,1,111111,"{AB, AVC, Atria, LV, OFT, RV}",100000,{OFT},5,3,0,111111,"{AB, AVC, Atria, LV, OFT, RV}",E8.5-199,6.0,Small
All,1,111111,"{AB, AVC, Atria, LV, OFT, RV}",100000,{OFT},5,3,0,111111,"{AB, AVC, Atria, LV, OFT, RV}",E8.5-78,6.0,Small
All,1,111111,"{AB, AVC, Atria, LV, OFT, RV}",100000,{OFT},5,3,0,111111,"{AB, AVC, Atria, LV, OFT, RV}",E8.5-220,7.0,Small
All,1,111111,"{AB, AVC, Atria, LV, OFT, RV}",100000,{OFT},5,3,0,111111,"{AB, AVC, Atria, LV, OFT, RV}",E8.5-10,10.0,Small
All,1,111111,"{AB, AVC, Atria, LV, OFT, RV}",100000,{OFT},5,3,1,110011,"{AB, Atria, OFT, RV}",E8.5-2,82.0,Large
All,1,111111,"{AB, AVC, Atria, LV, OFT, RV}",100000,{OFT},5,3,1,110011,"{AB, Atria, OFT, RV}",E8.5-170,142.0,
All,1,111111,"{AB, AVC, Atria, LV, OFT, RV}",100000,{OFT},5,3,1,110011,"{AB, Atria, OFT, RV}",E8.5-204,40.0,Large
All,1,111111,"{AB, AVC, Atria, LV, OFT, RV}",100000,{OFT},5,3,1,110011,"{AB, Atria, OFT, RV}",E8.5-14,32.0,Large
All,1,111111,"{AB, AVC, Atria, LV, OFT, RV}",100000,{OFT},5,3,1,110011,"{AB, Atria, OFT, RV}",E8.5-171,3.0,Small
All,1,111111,"{AB, AVC, Atria, LV, OFT, RV}",100000,{OFT},5,3,1,110011,"{AB, Atria, OFT, RV}",E8.5-236,5.0,Small
All,1,111111,"{AB, AVC, Atria, LV, OFT, RV}",100000,{OFT},5,3,1,110011,"{AB, Atria, OFT, RV}",E8.5-17,6.0,Small
All,1,111111,"{AB, AVC, Atria, LV, OFT, RV}",100000,{OFT},5,3,1,110011,"{AB, Atria, OFT, RV}",E8.5-199,6.0,Small
All,1,111111,"{AB, AVC, Atria, LV, OFT, RV}",100000,{OFT},5,3,1,110011,"{AB, Atria, OFT, RV}",E8.5-78,6.0,Small
All,1,111111,"{AB, AVC, Atria, LV, OFT, RV}",100000,{OFT},5,3,1,110011,"{AB, Atria, OFT, RV}",E8.5-220,7.0,Small
All,1,111111,"{AB, AVC, Atria, LV, OFT, RV}",100000,{OFT},5,3,1,110011,"{AB, Atria, OFT, RV}",E8.5-10,10.0,Small
All,1,111111,"{AB, AVC, Atria, LV, OFT, RV}",100000,{OFT},5,3,2,110001,"{Atria, OFT, RV}",E8.5-2,82.0,Large
All,1,111111,"{AB, AVC, Atria, LV, OFT, RV}",100000,{OFT},5,3,2,110001,"{Atria, OFT, RV}",E8.5-170,142.0,
All,1,111111,"{AB, AVC, Atria, LV, OFT, RV}",100000,{OFT},5,3,2,110001,"{Atria, OFT, RV}",E8.5-204,40.0,Large
All,1,111111,"{AB, AVC, Atria, LV, OFT, RV}",100000,{OFT},5,3,2,110001,"{Atria, OFT, RV}",E8.5-14,32.0,Large
All,1,111111,"{AB, AVC, Atria, LV, OFT, RV}",100000,{OFT},5,3,2,110001,"{Atria, OFT, RV}",E8.5-171,3.0,Small
All,1,111111,"{AB, AVC, Atria, LV, OFT, RV}",100000,{OFT},5,3,2,110001,"{Atria, OFT, RV}",E8.5-236,5.0,Small
All,1,111111,"{AB, AVC, Atria, LV, OFT, RV}",100000,{OFT},5,3,2,110001,"{Atria, OFT, RV}",E8.5-17,6.0,Small
All,1,111111,"{AB, AVC, Atria, LV, OFT, RV}",100000,{OFT},5,3,2,110001,"{Atria, OFT, RV}",E8.5-199,6.0,Small
All,1,111111,"{AB, AVC, Atria, LV, OFT, RV}",100000,{OFT},5,3,2,110001,"{Atria, OFT, RV}",E8.5-78,6.0,Small
All,1,111111,"{AB, AVC, Atria, LV, OFT, RV}",100000,{OFT},5,3,2,110001,"{Atria, OFT, RV}",E8.5-220,7.0,Small
All,1,111111,"{AB, AVC, Atria, LV, OFT, RV}",100000,{OFT},5,3,2,110001,"{Atria, OFT, RV}",E8.5-10,10.0,Small
All,1,111111,"{AB, AVC, Atria, LV, OFT, RV}",100000,{OFT},5,3,3,100000,{OFT},E8.5-2,82.0,Large
All,1,111111,"{AB, AVC, Atria, LV, OFT, RV}",100000,{OFT},5,3,3,100000,{OFT},E8.5-170,142.0,
All,1,111111,"{AB, AVC, Atria, LV, OFT, RV}",100000,{OFT},5,3,3,100000,{OFT},E8.5-204,40.0,Large
All,1,111111,"{AB, AVC, Atria, LV, OFT, RV}",100000,{OFT},5,3,3,100000,{OFT},E8.5-14,32.0,Large
All,1,111111,"{AB, AVC, Atria, LV, OFT, RV}",100000,{OFT},5,3,3,100000,{OFT},E8.5-171,3.0,Small
All,1,111111,"{AB, AVC, Atria, LV, OFT, RV}",100000,{OFT},5,3,3,100000,{OFT},E8.5-236,5.0,Small
All,1,111111,"{AB, AVC, Atria, LV, OFT, RV}",100000,{OFT},5,3,3,100000,{OFT},E8.5-17,6.0,Small
All,1,111111,"{AB, AVC, Atria, LV, OFT, RV}",100000,{OFT},5,3,3,100000,{OFT},E8.5-199,6.0,Small
All,1,111111,"{AB, AVC, Atria, LV, OFT, RV}",100000,{OFT},5,3,3,100000,{OFT},E8.5-78,6.0,Small
All,1,111111,"{AB, AVC, Atria, LV, OFT, RV}",100000,{OFT},5,3,3,100000,{OFT},E8.5-220,7.0,Small
All,1,111111,"{AB, AVC, Atria, LV, OFT, RV}",100000,{OFT},5,3,3,100000,{OFT},E8.5-10,10.0,Small
All,1,111111,"{AB, AVC, Atria, LV, OFT, RV}",100000,{OFT},6,3,0,111111,"{AB, AVC, Atria, LV, OFT, RV}",E8.5-2,82.0,Large
All,1,111111,"{AB, AVC, Atria, LV, OFT, RV}",100000,{OFT},6,3,0,111111,"{AB, AVC, Atria, LV, OFT, RV}",E8.5-170,142.0,
All,1,111111,"{AB, AVC, Atria, LV, OFT, RV}",100000,{OFT},6,3,0,111111,"{AB, AVC, Atria, LV, OFT, RV}",E8.5-204,40.0,Large
All,1,111111,"{AB, AVC, Atria, LV, OFT, RV}",100000,{OFT},6,3,0,111111,"{AB, AVC, Atria, LV, OFT, RV}",E8.5-155,6.0,Small
All,1,111111,"{AB, AVC, Atria, LV, OFT, RV}",100000,{OFT},6,3,0,111111,"{AB, AVC, Atria, LV, OFT, RV}",E8.5-35,17.0,Small
All,1,111111,"{AB, AVC, Atria, LV, OFT, RV}",100000,{OFT},6,3,0,111111,"{AB, AVC, Atria, LV, OFT, RV}",E8.5-44,37.0,Large
All,1,111111,"{AB, AVC, Atria, LV, OFT, RV}",100000,{OFT},6,3,0,111111,"{AB, AVC, Atria, LV, OFT, RV}",E8.5-171,3.0,Small
All,1,111111,"{AB, AVC, Atria, LV, OFT, RV}",100000,{OFT},6,3,0,111111,"{AB, AVC, Atria, LV, OFT, RV}",E8.5-236,5.0,Small
All,1,111111,"{AB, AVC, Atria, LV, OFT, RV}",100000,{OFT},6,3,0,111111,"{AB, AVC, Atria, LV, OFT, RV}",E8.5-17,6.0,Small
All,1,111111,"{AB, AVC, Atria, LV, OFT, RV}",100000,{OFT},6,3,0,111111,"{AB, AVC, Atria, LV, OFT, RV}",E8.5-199,6.0,Small
All,1,111111,"{AB, AVC, Atria, LV, OFT, RV}",100000,{OFT},6,3,0,111111,"{AB, AVC, Atria, LV, OFT, RV}",E8.5-78,6.0,Small
All,1,111111,"{AB, AVC, Atria, LV, OFT, RV}",100000,{OFT},6,3,0,111111,"{AB, AVC, Atria, LV, OFT, RV}",E8.5-220,7.0,Small
All,1,111111,"{AB, AVC, Atria, LV, OFT, RV}",100000,{OFT},6,3,0,111111,"{AB, AVC, Atria, LV, OFT, RV}",E8.5-10,10.0,Small
All,1,111111,"{AB, AVC, Atria, LV, OFT, RV}",100000,{OFT},6,3,1,110011,"{AB, Atria, OFT, RV}",E8.5-2,82.0,Large
All,1,111111,"{AB, AVC, Atria, LV, OFT, RV}",100000,{OFT},6,3,1,110011,"{AB, Atria, OFT, RV}",E8.5-170,142.0,
All,1,111111,"{AB, AVC, Atria, LV, OFT, RV}",100000,{OFT},6,3,1,110011,"{AB, Atria, OFT, RV}",E8.5-204,40.0,Large
All,1,111111,"{AB, AVC, Atria, LV, OFT, RV}",100000,{OFT},6,3,1,110011,"{AB, Atria, OFT, RV}",E8.5-155,6.0,Small
All,1,111111,"{AB, AVC, Atria, LV, OFT, RV}",100000,{OFT},6,3,1,110011,"{AB, Atria, OFT, RV}",E8.5-35,17.0,Small
All,1,111111,"{AB, AVC, Atria, LV, OFT, RV}",100000,{OFT},6,3,1,110011,"{AB, Atria, OFT, RV}",E8.5-44,37.0,Large
All,1,111111,"{AB, AVC, Atria, LV, OFT, RV}",100000,{OFT},6,3,1,110011,"{AB, Atria, OFT, RV}",E8.5-171,3.0,Small
All,1,111111,"{AB, AVC, Atria, LV, OFT, RV}",100000,{OFT},6,3,1,110011,"{AB, Atria, OFT, RV}",E8.5-236,5.0,Small
All,1,111111,"{AB, AVC, Atria, LV, OFT, RV}",100000,{OFT},6,3,1,110011,"{AB, Atria, OFT, RV}",E8.5-17,6.0,Small
All,1,111111,"{AB, AVC, Atria, LV, OFT, RV}",100000,{OFT},6,3,1,110011,"{AB, Atria, OFT, RV}",E8.5-199,6.0,Small
All,1,111111,"{AB, AVC, Atria, LV, OFT, RV}",100000,{OFT},6,3,1,110011,"{AB, Atria, OFT, RV}",E8.5-78,6.0,Small
All,1,111111,"{AB, AVC, Atria, LV, OFT, RV}",100000,{OFT},6,3,1,110011,"{AB, Atria, OFT, RV}",E8.5-220,7.0,Small
All,1,111111,"{AB, AVC, Atria, LV, OFT, RV}",100000,{OFT},6,3,1,110011,"{AB, Atria, OFT, RV}",E8.5-10,10.0,Small
All,1,111111,"{AB, AVC, Atria, LV, OFT, RV}",100000,{OFT},6,3,2,100001,"{Atria, OFT}",E8.5-2,82.0,Large
All,1,111111,"{AB, AVC, Atria, LV, OFT, RV}",100000,{OFT},6,3,2,100001,"{Atria, OFT}",E8.5-170,142.0,
All,1,111111,"{AB, AVC, Atria, LV, OFT, RV}",100000,{OFT},6,3,2,100001,"{Atria, OFT}",E8.5-204,40.0,Large
All,1,111111,"{AB, AVC, Atria, LV, OFT, RV}",100000,{OFT},6,3,2,100001,"{Atria, OFT}",E8.5-155,6.0,Small
All,1,111111,"{AB, AVC, Atria, LV, OFT, RV}",100000,{OFT},6,3,2,100001,"{Atria, OFT}",E8.5-35,17.0,Small
All,1,111111,"{AB, AVC, Atria, LV, OFT, RV}",100000,{OFT},6,3,2,100001,"{Atria, OFT}",E8.5-44,37.0,Large
All,1,111111,"{AB, AVC, Atria, LV, OFT, RV}",100000,{OFT},6,3,2,100001,"{Atria, OFT}",E8.5-171,3.0,Small
All,1,111111,"{AB, AVC, Atria, LV, OFT, RV}",100000,{OFT},6,3,2,100001,"{Atria, OFT}",E8.5-236,5.0,Small
All,1,111111,"{AB, AVC, Atria, LV, OFT, RV}",100000,{OFT},6,3,2,100001,"{Atria, OFT}",E8.5-17,6.0,Small
All,1,111111,"{AB, AVC, Atria, LV, OFT, RV}",100000,{OFT},6,3,2,100001,"{Atria, OFT}",E8.5-199,6.0,Small
All,1,111111,"{AB, AVC, Atria, LV, OFT, RV}",100000,{OFT},6,3,2,100001,"{Atria, OFT}",E8.5-78,6.0,Small
All,1,111111,"{AB, AVC, Atria, LV, OFT, RV}",100000,{OFT},6,3,2,100001,"{Atria, OFT}",E8.5-220,7.0,Small
All,1,111111,"{AB, AVC, Atria, LV, OFT, RV}",100000,{OFT},6,3,2,100001,"{Atria, OFT}",E8.5-10,10.0,Small
All,1,111111,"{AB, AVC, Atria, LV, OFT, RV}",100000,{OFT},6,3,3,100000,{OFT},E8.5-2,82.0,Large
All,1,111111,"{AB, AVC, Atria, LV, OFT, RV}",100000,{OFT},6,3,3,100000,{OFT},E8.5-170,142.0,
All,1,111111,"{AB, AVC, Atria, LV, OFT, RV}",100000,{OFT},6,3,3,100000,{OFT},E8.5-204,40.0,Large
All,1,111111,"{AB, AVC, Atria, LV, OFT, RV}",100000,{OFT},6,3,3,100000,{OFT},E8.5-155,6.0,Small
All,1,111111,"{AB, AVC, Atria, LV, OFT, RV}",100000,{OFT},6,3,3,100000,{OFT},E8.5-35,17.0,Small
All,1,111111,"{AB, AVC, Atria, LV, OFT, RV}",100000,{OFT},6,3,3,100000,{OFT},E8.5-44,37.0,Large
All,1,111111,"{AB, AVC, Atria, LV, OFT, RV}",100000,{OFT},6,3,3,100000,{OFT},E8.5-171,3.0,Small
All,1,111111,"{AB, AVC, Atria, LV, OFT, RV}",100000,{OFT},6,3,3,100000,{OFT},E8.5-236,5.0,Small
All,1,111111,"{AB, AVC, Atria, LV, OFT, RV}",100000,{OFT},6,3,3,100000,{OFT},E8.5-17,6.0,Small
All,1,111111,"{AB, AVC, Atria, LV, OFT, RV}",100000,{OFT},6,3,3,100000,{OFT},E8.5-199,6.0,Small
All,1,111111,"{AB, AVC, Atria, LV, OFT, RV}",100000,{OFT},6,3,3,100000,{OFT},E8.5-78,6.0,Small
All,1,111111,"{AB, AVC, Atria, LV, OFT, RV}",100000,{OFT},6,3,3,100000,{OFT},E8.5-220,7.0,Small
All,1,111111,"{AB, AVC, Atria, LV, OFT, RV}",100000,{OFT},6,3,3,100000,{OFT},E8.5-10,10.0,Small
All,1,111111,"{AB, AVC, Atria, LV, OFT, RV}",100000,{OFT},7,3,0,111111,"{AB, AVC, Atria, LV, OFT, RV}",E8.5-2,82.0,Large
All,1,111111,"{AB, AVC, Atria, LV, OFT, RV}",100000,{OFT},7,3,0,111111,"{AB, AVC, Atria, LV, OFT, RV}",E8.5-170,142.0,
All,1,111111,"{AB, AVC, Atria, LV, OFT, RV}",100000,{OFT},7,3,0,111111,"{AB, AVC, Atria, LV, OFT, RV}",E8.5-204,40.0,Large
All,1,111111,"{AB, AVC, Atria, LV, OFT, RV}",100000,{OFT},7,3,0,111111,"{AB, AVC, Atria, LV, OFT, RV}",E8.5-43,7.0,Small
All,1,111111,"{AB, AVC, Atria, LV, OFT, RV}",100000,{OFT},7,3,0,111111,"{AB, AVC, Atria, LV, OFT, RV}",E8.5-165,11.0,Small
All,1,111111,"{AB, AVC, Atria, LV, OFT, RV}",100000,{OFT},7,3,0,111111,"{AB, AVC, Atria, LV, OFT, RV}",E8.5-13,13.0,Small
All,1,111111,"{AB, AVC, Atria, LV, OFT, RV}",100000,{OFT},7,3,0,111111,"{AB, AVC, Atria, LV, OFT, RV}",E8.5-145,13.0,Small
All,1,111111,"{AB, AVC, Atria, LV, OFT, RV}",100000,{OFT},7,3,0,111111,"{AB, AVC, Atria, LV, OFT, RV}",E8.5-185,18.0,Small
All,1,111111,"{AB, AVC, Atria, LV, OFT, RV}",100000,{OFT},7,3,0,111111,"{AB, AVC, Atria, LV, OFT, RV}",E8.5-163,19.0,Small
All,1,111111,"{AB, AVC, Atria, LV, OFT, RV}",100000,{OFT},7,3,0,111111,"{AB, AVC, Atria, LV, OFT, RV}",E8.5-184,20.0,Small
All,1,111111,"{AB, AVC, Atria, LV, OFT, RV}",100000,{OFT},7,3,0,111111,"{AB, AVC, Atria, LV, OFT, RV}",E8.5-4,20.0,Small
All,1,111111,"{AB, AVC, Atria, LV, OFT, RV}",100000,{OFT},7,3,0,111111,"{AB, AVC, Atria, LV, OFT, RV}",E8.5-85,24.0,Small
All,1,111111,"{AB, AVC, Atria, LV, OFT, RV}",100000,{OFT},7,3,0,111111,"{AB, AVC, Atria, LV, OFT, RV}",E8.5-128,54.0,Large
All,1,111111,"{AB, AVC, Atria, LV, OFT, RV}",100000,{OFT},7,3,0,111111,"{AB, AVC, Atria, LV, OFT, RV}",E8.5-171,3.0,Small
All,1,111111,"{AB, AVC, Atria, LV, OFT, RV}",100000,{OFT},7,3,0,111111,"{AB, AVC, Atria, LV, OFT, RV}",E8.5-236,5.0,Small
All,1,111111,"{AB, AVC, Atria, LV, OFT, RV}",100000,{OFT},7,3,0,111111,"{AB, AVC, Atria, LV, OFT, RV}",E8.5-17,6.0,Small
All,1,111111,"{AB, AVC, Atria, LV, OFT, RV}",100000,{OFT},7,3,0,111111,"{AB, AVC, Atria, LV, OFT, RV}",E8.5-199,6.0,Small
All,1,111111,"{AB, AVC, Atria, LV, OFT, RV}",100000,{OFT},7,3,0,111111,"{AB, AVC, Atria, LV, OFT, RV}",E8.5-78,6.0,Small
All,1,111111,"{AB, AVC, Atria, LV, OFT, RV}",100000,{OFT},7,3,0,111111,"{AB, AVC, Atria, LV, OFT, RV}",E8.5-220,7.0,Small
All,1,111111,"{AB, AVC, Atria, LV, OFT, RV}",100000,{OFT},7,3,0,111111,"{AB, AVC, Atria, LV, OFT, RV}",E8.5-10,10.0,Small
All,1,111111,"{AB, AVC, Atria, LV, OFT, RV}",100000,{OFT},7,3,1,110011,"{AB, Atria, OFT, RV}",E8.5-2,82.0,Large
All,1,111111,"{AB, AVC, Atria, LV, OFT, RV}",100000,{OFT},7,3,1,110011,"{AB, Atria, OFT, RV}",E8.5-170,142.0,
All,1,111111,"{AB, AVC, Atria, LV, OFT, RV}",100000,{OFT},7,3,1,110011,"{AB, Atria, OFT, RV}",E8.5-204,40.0,Large
All,1,111111,"{AB, AVC, Atria, LV, OFT, RV}",100000,{OFT},7,3,1,110011,"{AB, Atria, OFT, RV}",E8.5-43,7.0,Small
All,1,111111,"{AB, AVC, Atria, LV, OFT, RV}",100000,{OFT},7,3,1,110011,"{AB, Atria, OFT, RV}",E8.5-165,11.0,Small
All,1,111111,"{AB, AVC, Atria, LV, OFT, RV}",100000,{OFT},7,3,1,110011,"{AB, Atria, OFT, RV}",E8.5-13,13.0,Small
All,1,111111,"{AB, AVC, Atria, LV, OFT, RV}",100000,{OFT},7,3,1,110011,"{AB, Atria, OFT, RV}",E8.5-145,13.0,Small
All,1,111111,"{AB, AVC, Atria, LV, OFT, RV}",100000,{OFT},7,3,1,110011,"{AB, Atria, OFT, RV}",E8.5-185,18.0,Small
All,1,111111,"{AB, AVC, Atria, LV, OFT, RV}",100000,{OFT},7,3,1,110011,"{AB, Atria, OFT, RV}",E8.5-163,19.0,Small
All,1,111111,"{AB, AVC, Atria, LV, OFT, RV}",100000,{OFT},7,3,1,110011,"{AB, Atria, OFT, RV}",E8.5-184,20.0,Small
All,1,111111,"{AB, AVC, Atria, LV, OFT, RV}",100000,{OFT},7,3,1,110011,"{AB, Atria, OFT, RV}",E8.5-4,20.0,Small
All,1,111111,"{AB, AVC, Atria, LV, OFT, RV}",100000,{OFT},7,3,1,110011,"{AB, Atria, OFT, RV}",E8.5-85,24.0,Small
All,1,111111,"{AB, AVC, Atria, LV, OFT, RV}",100000,{OFT},7,3,1,110011,"{AB, Atria, OFT, RV}",E8.5-128,54.0,Large
All,1,111111,"{AB, AVC, Atria, LV, OFT, RV}",100000,{OFT},7,3,1,110011,"{AB, Atria, OFT, RV}",E8.5-171,3.0,Small
All,1,111111,"{AB, AVC, Atria, LV, OFT, RV}",100000,{OFT},7,3,1,110011,"{AB, Atria, OFT, RV}",E8.5-236,5.0,Small
All,1,111111,"{AB, AVC, Atria, LV, OFT, RV}",100000,{OFT},7,3,1,110011,"{AB, Atria, OFT, RV}",E8.5-17,6.0,Small
All,1,111111,"{AB, AVC, Atria, LV, OFT, RV}",100000,{OFT},7,3,1,110011,"{AB, Atria, OFT, RV}",E8.5-199,6.0,Small
All,1,111111,"{AB, AVC, Atria, LV, OFT, RV}",100000,{OFT},7,3,1,110011,"{AB, Atria, OFT, RV}",E8.5-78,6.0,Small
All,1,111111,"{AB, AVC, Atria, LV, OFT, RV}",100000,{OFT},7,3,1,110011,"{AB, Atria, OFT, RV}",E8.5-220,7.0,Small
All,1,111111,"{AB, AVC, Atria, LV, OFT, RV}",100000,{OFT},7,3,1,110011,"{AB, Atria, OFT, RV}",E8.5-10,10.0,Small
All,1,111111,"{AB, AVC, Atria, LV, OFT, RV}",100000,{OFT},7,3,2,110000,"{OFT, RV}",E8.5-2,82.0,Large
All,1,111111,"{AB, AVC, Atria, LV, OFT, RV}",100000,{OFT},7,3,2,110000,"{OFT, RV}",E8.5-170,142.0,
All,1,111111,"{AB, AVC, Atria, LV, OFT, RV}",100000,{OFT},7,3,2,110000,"{OFT, RV}",E8.5-204,40.0,Large
All,1,111111,"{AB, AVC, Atria, LV, OFT, RV}",100000,{OFT},7,3,2,110000,"{OFT, RV}",E8.5-43,7.0,Small
All,1,111111,"{AB, AVC, Atria, LV, OFT, RV}",100000,{OFT},7,3,2,110000,"{OFT, RV}",E8.5-165,11.0,Small
All,1,111111,"{AB, AVC, Atria, LV, OFT, RV}",100000,{OFT},7,3,2,110000,"{OFT, RV}",E8.5-13,13.0,Small
All,1,111111,"{AB, AVC, Atria, LV, OFT, RV}",100000,{OFT},7,3,2,110000,"{OFT, RV}",E8.5-145,13.0,Small
All,1,111111,"{AB, AVC, Atria, LV, OFT, RV}",100000,{OFT},7,3,2,110000,"{OFT, RV}",E8.5-185,18.0,Small
All,1,111111,"{AB, AVC, Atria, LV, OFT, RV}",100000,{OFT},7,3,2,110000,"{OFT, RV}",E8.5-163,19.0,Small
All,1,111111,"{AB, AVC, Atria, LV, OFT, RV}",100000,{OFT},7,3,2,110000,"{OFT, RV}",E8.5-184,20.0,Small
All,1,111111,"{AB, AVC, Atria, LV, OFT, RV}",100000,{OFT},7,3,2,110000,"{OFT, RV}",E8.5-4,20.0,Small
All,1,111111,"{AB, AVC, Atria, LV, OFT, RV}",100000,{OFT},7,3,2,110000,"{OFT, RV}",E8.5-85,24.0,Small
All,1,111111,"{AB, AVC, Atria, LV, OFT, RV}",100000,{OFT},7,3,2,110000,"{OFT, RV}",E8.5-128,54.0,Large
All,1,111111,"{AB, AVC, Atria, LV, OFT, RV}",100000,{OFT},7,3,2,110000,"{OFT, RV}",E8.5-171,3.0,Small
All,1,111111,"{AB, AVC, Atria, LV, OFT, RV}",100000,{OFT},7,3,2,110000,"{OFT, RV}",E8.5-236,5.0,Small
All,1,111111,"{AB, AVC, Atria, LV, OFT, RV}",100000,{OFT},7,3,2,110000,"{OFT, RV}",E8.5-17,6.0,Small
All,1,111111,"{AB, AVC, Atria, LV, OFT, RV}",100000,{OFT},7,3,2,110000,"{OFT, RV}",E8.5-199,6.0,Small
All,1,111111,"{AB, AVC, Atria, LV, OFT, RV}",100000,{OFT},7,3,2,110000,"{OFT, RV}",E8.5-78,6.0,Small
All,1,111111,"{AB, AVC, Atria, LV, OFT, RV}",100000,{OFT},7,3,2,110000,"{OFT, RV}",E8.5-220,7.0,Small
All,1,111111,"{AB, AVC, Atria, LV, OFT, RV}",100000,{OFT},7,3,2,110000,"{OFT, RV}",E8.5-10,10.0,Small
All,1,111111,"{AB, AVC, Atria, LV, OFT, RV}",100000,{OFT},7,3,3,100000,{OFT},E8.5-2,82.0,Large
All,1,111111,"{AB, AVC, Atria, LV, OFT, RV}",100000,{OFT},7,3,3,100000,{OFT},E8.5-170,142.0,
All,1,111111,"{AB, AVC, Atria, LV, OFT, RV}",100000,{OFT},7,3,3,100000,{OFT},E8.5-204,40.0,Large
All,1,111111,"{AB, AVC, Atria, LV, OFT, RV}",100000,{OFT},7,3,3,100000,{OFT},E8.5-43,7.0,Small
All,1,111111,"{AB, AVC, Atria, LV, OFT, RV}",100000,{OFT},7,3,3,100000,{OFT},E8.5-165,11.0,Small
All,1,111111,"{AB, AVC, Atria, LV, OFT, RV}",100000,{OFT},7,3,3,100000,{OFT},E8.5-13,13.0,Small
All,1,111111,"{AB, AVC, Atria, LV, OFT, RV}",100000,{OFT},7,3,3,100000,{OFT},E8.5-145,13.0,Small
All,1,111111,"{AB, AVC, Atria, LV, OFT, RV}",100000,{OFT},7,3,3,100000,{OFT},E8.5-185,18.0,Small
All,1,111111,"{AB, AVC, Atria, LV, OFT, RV}",100000,{OFT},7,3,3,100000,{OFT},E8.5-163,19.0,Small
All,1,111111,"{AB, AVC, Atria, LV, OFT, RV}",100000,{OFT},7,3,3,100000,{OFT},E8.5-184,20.0,Small
All,1,111111,"{AB, AVC, Atria, LV, OFT, RV}",100000,{OFT},7,3,3,100000,{OFT},E8.5-4,20.0,Small
All,1,111111,"{AB, AVC, Atria, LV, OFT, RV}",100000,{OFT},7,3,3,100000,{OFT},E8.5-85,24.0,Small
All,1,111111,"{AB, AVC, Atria, LV, OFT, RV}",100000,{OFT},7,3,3,100000,{OFT},E8.5-128,54.0,Large
All,1,111111,"{AB, AVC, Atria, LV, OFT, RV}",100000,{OFT},7,3,3,100000,{OFT},E8.5-171,3.0,Small
All,1,111111,"{AB, AVC, Atria, LV, OFT, RV}",100000,{OFT},7,3,3,100000,{OFT},E8.5-236,5.0,Small
All,1,111111,"{AB, AVC, Atria, LV, OFT, RV}",100000,{OFT},7,3,3,100000,{OFT},E8.5-17,6.0,Small
All,1,111111,"{AB, AVC, Atria, LV, OFT, RV}",100000,{OFT},7,3,3,100000,{OFT},E8.5-199,6.0,Small
All,1,111111,"{AB, AVC, Atria, LV, OFT, RV}",100000,{OFT},7,3,3,100000,{OFT},E8.5-78,6.0,Small
All,1,111111,"{AB, AVC, Atria, LV, OFT, RV}",100000,{OFT},7,3,3,100000,{OFT},E8.5-220,7.0,Small
All,1,111111,"{AB, AVC, Atria, LV, OFT, RV}",100000,{OFT},7,3,3,100000,{OFT},E8.5-10,10.0,Small
All,1,111111,"{AB, AVC, Atria, LV, OFT, RV}",100000,{OFT},8,4,0,111111,"{AB, AVC, Atria, LV, OFT, RV}",E8.5-2,82.0,Large
All,1,111111,"{AB, AVC, Atria, LV, OFT, RV}",100000,{OFT},8,4,0,111111,"{AB, AVC, Atria, LV, OFT, RV}",E8.5-170,142.0,
All,1,111111,"{AB, AVC, Atria, LV, OFT, RV}",100000,{OFT},8,4,0,111111,"{AB, AVC, Atria, LV, OFT, RV}",E8.5-191,36.0,Large
All,1,111111,"{AB, AVC, Atria, LV, OFT, RV}",100000,{OFT},8,4,0,111111,"{AB, AVC, Atria, LV, OFT, RV}",E8.5-14,32.0,Large
All,1,111111,"{AB, AVC, Atria, LV, OFT, RV}",100000,{OFT},8,4,0,111111,"{AB, AVC, Atria, LV, OFT, RV}",E8.5-155,6.0,Small
All,1,111111,"{AB, AVC, Atria, LV, OFT, RV}",100000,{OFT},8,4,0,111111,"{AB, AVC, Atria, LV, OFT, RV}",E8.5-35,17.0,Small
All,1,111111,"{AB, AVC, Atria, LV, OFT, RV}",100000,{OFT},8,4,0,111111,"{AB, AVC, Atria, LV, OFT, RV}",E8.5-44,37.0,Large
All,1,111111,"{AB, AVC, Atria, LV, OFT, RV}",100000,{OFT},8,4,0,111111,"{AB, AVC, Atria, LV, OFT, RV}",E8.5-171,3.0,Small
All,1,111111,"{AB, AVC, Atria, LV, OFT, RV}",100000,{OFT},8,4,0,111111,"{AB, AVC, Atria, LV, OFT, RV}",E8.5-236,5.0,Small
All,1,111111,"{AB, AVC, Atria, LV, OFT, RV}",100000,{OFT},8,4,0,111111,"{AB, AVC, Atria, LV, OFT, RV}",E8.5-17,6.0,Small
All,1,111111,"{AB, AVC, Atria, LV, OFT, RV}",100000,{OFT},8,4,0,111111,"{AB, AVC, Atria, LV, OFT, RV}",E8.5-199,6.0,Small
All,1,111111,"{AB, AVC, Atria, LV, OFT, RV}",100000,{OFT},8,4,0,111111,"{AB, AVC, Atria, LV, OFT, RV}",E8.5-78,6.0,Small
All,1,111111,"{AB, AVC, Atria, LV, OFT, RV}",100000,{OFT},8,4,0,111111,"{AB, AVC, Atria, LV, OFT, RV}",E8.5-220,7.0,Small
All,1,111111,"{AB, AVC, Atria, LV, OFT, RV}",100000,{OFT},8,4,0,111111,"{AB, AVC, Atria, LV, OFT, RV}",E8.5-10,10.0,Small
All,1,111111,"{AB, AVC, Atria, LV, OFT, RV}",100000,{OFT},8,4,1,110101,"{AVC, Atria, OFT, RV}",E8.5-2,82.0,Large
All,1,111111,"{AB, AVC, Atria, LV, OFT, RV}",100000,{OFT},8,4,1,110101,"{AVC, Atria, OFT, RV}",E8.5-170,142.0,
All,1,111111,"{AB, AVC, Atria, LV, OFT, RV}",100000,{OFT},8,4,1,110101,"{AVC, Atria, OFT, RV}",E8.5-191,36.0,Large
All,1,111111,"{AB, AVC, Atria, LV, OFT, RV}",100000,{OFT},8,4,1,110101,"{AVC, Atria, OFT, RV}",E8.5-14,32.0,Large
All,1,111111,"{AB, AVC, Atria, LV, OFT, RV}",100000,{OFT},8,4,1,110101,"{AVC, Atria, OFT, RV}",E8.5-155,6.0,Small
All,1,111111,"{AB, AVC, Atria, LV, OFT, RV}",100000,{OFT},8,4,1,110101,"{AVC, Atria, OFT, RV}",E8.5-35,17.0,Small
All,1,111111,"{AB, AVC, Atria, LV, OFT, RV}",100000,{OFT},8,4,1,110101,"{AVC, Atria, OFT, RV}",E8.5-44,37.0,Large
All,1,111111,"{AB, AVC, Atria, LV, OFT, RV}",100000,{OFT},8,4,1,110101,"{AVC, Atria, OFT, RV}",E8.5-171,3.0,Small
All,1,111111,"{AB, AVC, Atria, LV, OFT, RV}",100000,{OFT},8,4,1,110101,"{AVC, Atria, OFT, RV}",E8.5-236,5.0,Small
All,1,111111,"{AB, AVC, Atria, LV, OFT, RV}",100000,{OFT},8,4,1,110101,"{AVC, Atria, OFT, RV}",E8.5-17,6.0,Small
All,1,111111,"{AB, AVC, Atria, LV, OFT, RV}",100000,{OFT},8,4,1,110101,"{AVC, Atria, OFT, RV}",E8.5-199,6.0,Small
All,1,111111,"{AB, AVC, Atria, LV, OFT, RV}",100000,{OFT},8,4,1,110101,"{AVC, Atria, OFT, RV}",E8.5-78,6.0,Small
All,1,111111,"{AB, AVC, Atria, LV, OFT, RV}",100000,{OFT},8,4,1,110101,"{AVC, Atria, OFT, RV}",E8.5-220,7.0,Small
All,1,111111,"{AB, AVC, Atria, LV, OFT, RV}",100000,{OFT},8,4,1,110101,"{AVC, Atria, OFT, RV}",E8.5-10,10.0,Small
All,1,111111,"{AB, AVC, Atria, LV, OFT, RV}",100000,{OFT},8,4,2,110001,"{Atria, OFT, RV}",E8.5-2,82.0,Large
All,1,111111,"{AB, AVC, Atria, LV, OFT, RV}",100000,{OFT},8,4,2,110001,"{Atria, OFT, RV}",E8.5-170,142.0,
All,1,111111,"{AB, AVC, Atria, LV, OFT, RV}",100000,{OFT},8,4,2,110001,"{Atria, OFT, RV}",E8.5-191,36.0,Large
All,1,111111,"{AB, AVC, Atria, LV, OFT, RV}",100000,{OFT},8,4,2,110001,"{Atria, OFT, RV}",E8.5-14,32.0,Large
All,1,111111,"{AB, AVC, Atria, LV, OFT, RV}",100000,{OFT},8,4,2,110001,"{Atria, OFT, RV}",E8.5-155,6.0,Small
All,1,111111,"{AB, AVC, Atria, LV, OFT, RV}",100000,{OFT},8,4,2,110001,"{Atria, OFT, RV}",E8.5-35,17.0,Small
All,1,111111,"{AB, AVC, Atria, LV, OFT, RV}",100000,{OFT},8,4,2,110001,"{Atria, OFT, RV}",E8.5-44,37.0,Large
All,1,111111,"{AB, AVC, Atria, LV, OFT, RV}",100000,{OFT},8,4,2,110001,"{Atria, OFT, RV}",E8.5-171,3.0,Small
All,1,111111,"{AB, AVC, Atria, LV, OFT, RV}",100000,{OFT},8,4,2,110001,"{Atria, OFT, RV}",E8.5-236,5.0,Small
All,1,111111,"{AB, AVC, Atria, LV, OFT, RV}",100000,{OFT},8,4,2,110001,"{Atria, OFT, RV}",E8.5-17,6.0,Small
All,1,111111,"{AB, AVC, Atria, LV, OFT, RV}",100000,{OFT},8,4,2,110001,"{Atria, OFT, RV}",E8.5-199,6.0,Small
All,1,111111,"{AB, AVC, Atria, LV, OFT, RV}",100000,{OFT},8,4,2,110001,"{Atria, OFT, RV}",E8.5-78,6.0,Small
All,1,111111,"{AB, AVC, Atria, LV, OFT, RV}",100000,{OFT},8,4,2,110001,"{Atria, OFT, RV}",E8.5-220,7.0,Small
All,1,111111,"{AB, AVC, Atria, LV, OFT, RV}",100000,{OFT},8,4,2,110001,"{Atria, OFT, RV}",E8.5-10,10.0,Small
All,1,111111,"{AB, AVC, Atria, LV, OFT, RV}",100000,{OFT},8,4,3,100001,"{Atria, OFT}",E8.5-2,82.0,Large
All,1,111111,"{AB, AVC, Atria, LV, OFT, RV}",100000,{OFT},8,4,3,100001,"{Atria, OFT}",E8.5-170,142.0,
All,1,111111,"{AB, AVC, Atria, LV, OFT, RV}",100000,{OFT},8,4,3,100001,"{Atria, OFT}",E8.5-191,36.0,Large
All,1,111111,"{AB, AVC, Atria, LV, OFT, RV}",100000,{OFT},8,4,3,100001,"{Atria, OFT}",E8.5-14,32.0,Large
All,1,111111,"{AB, AVC, Atria, LV, OFT, RV}",100000,{OFT},8,4,3,100001,"{Atria, OFT}",E8.5-155,6.0,Small
All,1,111111,"{AB, AVC, Atria, LV, OFT, RV}",100000,{OFT},8,4,3,100001,"{Atria, OFT}",E8.5-35,17.0,Small
All,1,111111,"{AB, AVC, Atria, LV, OFT, RV}",100000,{OFT},8,4,3,100001,"{Atria, OFT}",E8.5-44,37.0,Large
All,1,111111,"{AB, AVC, Atria, LV, OFT, RV}",100000,{OFT},8,4,3,100001,"{Atria, OFT}",E8.5-171,3.0,Small
All,1,111111,"{AB, AVC, Atria, LV, OFT, RV}",100000,{OFT},8,4,3,100001,"{Atria, OFT}",E8.5-236,5.0,Small
All,1,111111,"{AB, AVC, Atria, LV, OFT, RV}",100000,{OFT},8,4,3,100001,"{Atria, OFT}",E8.5-17,6.0,Small
All,1,111111,"{AB, AVC, Atria, LV, OFT, RV}",100000,{OFT},8,4,3,100001,"{Atria, OFT}",E8.5-199,6.0,Small
All,1,111111,"{AB, AVC, Atria, LV, OFT, RV}",100000,{OFT},8,4,3,100001,"{Atria, OFT}",E8.5-78,6.0,Small
All,1,111111,"{AB, AVC, Atria, LV, OFT, RV}",100000,{OFT},8,4,3,100001,"{Atria, OFT}",E8.5-220,7.0,Small
All,1,111111,"{AB, AVC, Atria, LV, OFT, RV}",100000,{OFT},8,4,3,100001,"{Atria, OFT}",E8.5-10,10.0,Small
All,1,111111,"{AB, AVC, Atria, LV, OFT, RV}",100000,{OFT},8,4,4,100000,{OFT},E8.5-2,82.0,Large
All,1,111111,"{AB, AVC, Atria, LV, OFT, RV}",100000,{OFT},8,4,4,100000,{OFT},E8.5-170,142.0,
All,1,111111,"{AB, AVC, Atria, LV, OFT, RV}",100000,{OFT},8,4,4,100000,{OFT},E8.5-191,36.0,Large
All,1,111111,"{AB, AVC, Atria, LV, OFT, RV}",100000,{OFT},8,4,4,100000,{OFT},E8.5-14,32.0,Large
All,1,111111,"{AB, AVC, Atria, LV, OFT, RV}",100000,{OFT},8,4,4,100000,{OFT},E8.5-155,6.0,Small
All,1,111111,"{AB, AVC, Atria, LV, OFT, RV}",100000,{OFT},8,4,4,100000,{OFT},E8.5-35,17.0,Small
All,1,111111,"{AB, AVC, Atria, LV, OFT, RV}",100000,{OFT},8,4,4,100000,{OFT},E8.5-44,37.0,Large
All,1,111111,"{AB, AVC, Atria, LV, OFT, RV}",100000,{OFT},8,4,4,100000,{OFT},E8.5-171,3.0,Small
All,1,111111,"{AB, AVC, Atria, LV, OFT, RV}",100000,{OFT},8,4,4,100000,{OFT},E8.5-236,5.0,Small
All,1,111111,"{AB, AVC, Atria, LV, OFT, RV}",100000,{OFT},8,4,4,100000,{OFT},E8.5-17,6.0,Small
All,1,111111,"{AB, AVC, Atria, LV, OFT, RV}",100000,{OFT},8,4,4,100000,{OFT},E8.5-199,6.0,Small
All,1,111111,"{AB, AVC, Atria, LV, OFT, RV}",100000,{OFT},8,4,4,100000,{OFT},E8.5-78,6.0,Small
All,1,111111,"{AB, AVC, Atria, LV, OFT, RV}",100000,{OFT},8,4,4,100000,{OFT},E8.5-220,7.0,Small
All,1,111111,"{AB, AVC, Atria, LV, OFT, RV}",100000,{OFT},8,4,4,100000,{OFT},E8.5-10,10.0,Small
All,1,111111,"{AB, AVC, Atria, LV, OFT, RV}",100000,{OFT},9,4,0,111111,"{AB, AVC, Atria, LV, OFT, RV}",E8.5-2,82.0,Large
All,1,111111,"{AB, AVC, Atria, LV, OFT, RV}",100000,{OFT},9,4,0,111111,"{AB, AVC, Atria, LV, OFT, RV}",E8.5-170,142.0,
All,1,111111,"{AB, AVC, Atria, LV, OFT, RV}",100000,{OFT},9,4,0,111111,"{AB, AVC, Atria, LV, OFT, RV}",E8.5-191,36.0,Large
All,1,111111,"{AB, AVC, Atria, LV, OFT, RV}",100000,{OFT},9,4,0,111111,"{AB, AVC, Atria, LV, OFT, RV}",E8.5-14,32.0,Large
All,1,111111,"{AB, AVC, Atria, LV, OFT, RV}",100000,{OFT},9,4,0,111111,"{AB, AVC, Atria, LV, OFT, RV}",E8.5-43,7.0,Small
All,1,111111,"{AB, AVC, Atria, LV, OFT, RV}",100000,{OFT},9,4,0,111111,"{AB, AVC, Atria, LV, OFT, RV}",E8.5-165,11.0,Small
All,1,111111,"{AB, AVC, Atria, LV, OFT, RV}",100000,{OFT},9,4,0,111111,"{AB, AVC, Atria, LV, OFT, RV}",E8.5-13,13.0,Small
All,1,111111,"{AB, AVC, Atria, LV, OFT, RV}",100000,{OFT},9,4,0,111111,"{AB, AVC, Atria, LV, OFT, RV}",E8.5-145,13.0,Small
All,1,111111,"{AB, AVC, Atria, LV, OFT, RV}",100000,{OFT},9,4,0,111111,"{AB, AVC, Atria, LV, OFT, RV}",E8.5-185,18.0,Small
All,1,111111,"{AB, AVC, Atria, LV, OFT, RV}",100000,{OFT},9,4,0,111111,"{AB, AVC, Atria, LV, OFT, RV}",E8.5-163,19.0,Small
All,1,111111,"{AB, AVC, Atria, LV, OFT, RV}",100000,{OFT},9,4,0,111111,"{AB, AVC, Atria, LV, OFT, RV}",E8.5-184,20.0,Small
All,1,111111,"{AB, AVC, Atria, LV, OFT, RV}",100000,{OFT},9,4,0,111111,"{AB, AVC, Atria, LV, OFT, RV}",E8.5-4,20.0,Small
All,1,111111,"{AB, AVC, Atria, LV, OFT, RV}",100000,{OFT},9,4,0,111111,"{AB, AVC, Atria, LV, OFT, RV}",E8.5-85,24.0,Small
All,1,111111,"{AB, AVC, Atria, LV, OFT, RV}",100000,{OFT},9,4,0,111111,"{AB, AVC, Atria, LV, OFT, RV}",E8.5-128,54.0,Large
All,1,111111,"{AB, AVC, Atria, LV, OFT, RV}",100000,{OFT},9,4,0,111111,"{AB, AVC, Atria, LV, OFT, RV}",E8.5-171,3.0,Small
All,1,111111,"{AB, AVC, Atria, LV, OFT, RV}",100000,{OFT},9,4,0,111111,"{AB, AVC, Atria, LV, OFT, RV}",E8.5-236,5.0,Small
All,1,111111,"{AB, AVC, Atria, LV, OFT, RV}",100000,{OFT},9,4,0,111111,"{AB, AVC, Atria, LV, OFT, RV}",E8.5-17,6.0,Small
All,1,111111,"{AB, AVC, Atria, LV, OFT, RV}",100000,{OFT},9,4,0,111111,"{AB, AVC, Atria, LV, OFT, RV}",E8.5-199,6.0,Small
All,1,111111,"{AB, AVC, Atria, LV, OFT, RV}",100000,{OFT},9,4,0,111111,"{AB, AVC, Atria, LV, OFT, RV}",E8.5-78,6.0,Small
All,1,111111,"{AB, AVC, Atria, LV, OFT, RV}",100000,{OFT},9,4,0,111111,"{AB, AVC, Atria, LV, OFT, RV}",E8.5-220,7.0,Small
All,1,111111,"{AB, AVC, Atria, LV, OFT, RV}",100000,{OFT},9,4,0,111111,"{AB, AVC, Atria, LV, OFT, RV}",E8.5-10,10.0,Small
All,1,111111,"{AB, AVC, Atria, LV, OFT, RV}",100000,{OFT},9,4,1,110101,"{AVC, Atria, OFT, RV}",E8.5-2,82.0,Large
All,1,111111,"{AB, AVC, Atria, LV, OFT, RV}",100000,{OFT},9,4,1,110101,"{AVC, Atria, OFT, RV}",E8.5-170,142.0,
All,1,111111,"{AB, AVC, Atria, LV, OFT, RV}",100000,{OFT},9,4,1,110101,"{AVC, Atria, OFT, RV}",E8.5-191,36.0,Large
All,1,111111,"{AB, AVC, Atria, LV, OFT, RV}",100000,{OFT},9,4,1,110101,"{AVC, Atria, OFT, RV}",E8.5-14,32.0,Large
All,1,111111,"{AB, AVC, Atria, LV, OFT, RV}",100000,{OFT},9,4,1,110101,"{AVC, Atria, OFT, RV}",E8.5-43,7.0,Small
All,1,111111,"{AB, AVC, Atria, LV, OFT, RV}",100000,{OFT},9,4,1,110101,"{AVC, Atria, OFT, RV}",E8.5-165,11.0,Small
All,1,111111,"{AB, AVC, Atria, LV, OFT, RV}",100000,{OFT},9,4,1,110101,"{AVC, Atria, OFT, RV}",E8.5-13,13.0,Small
All,1,111111,"{AB, AVC, Atria, LV, OFT, RV}",100000,{OFT},9,4,1,110101,"{AVC, Atria, OFT, RV}",E8.5-145,13.0,Small
All,1,111111,"{AB, AVC, Atria, LV, OFT, RV}",100000,{OFT},9,4,1,110101,"{AVC, Atria, OFT, RV}",E8.5-185,18.0,Small
All,1,111111,"{AB, AVC, Atria, LV, OFT, RV}",100000,{OFT},9,4,1,110101,"{AVC, Atria, OFT, RV}",E8.5-163,19.0,Small
All,1,111111,"{AB, AVC, Atria, LV, OFT, RV}",100000,{OFT},9,4,1,110101,"{AVC, Atria, OFT, RV}",E8.5-184,20.0,Small
All,1,111111,"{AB, AVC, Atria, LV, OFT, RV}",100000,{OFT},9,4,1,110101,"{AVC, Atria, OFT, RV}",E8.5-4,20.0,Small
All,1,111111,"{AB, AVC, Atria, LV, OFT, RV}",100000,{OFT},9,4,1,110101,"{AVC, Atria, OFT, RV}",E8.5-85,24.0,Small
All,1,111111,"{AB, AVC, Atria, LV, OFT, RV}",100000,{OFT},9,4,1,110101,"{AVC, Atria, OFT, RV}",E8.5-128,54.0,Large
All,1,111111,"{AB, AVC, Atria, LV, OFT, RV}",100000,{OFT},9,4,1,110101,"{AVC, Atria, OFT, RV}",E8.5-171,3.0,Small
All,1,111111,"{AB, AVC, Atria, LV, OFT, RV}",100000,{OFT},9,4,1,110101,"{AVC, Atria, OFT, RV}",E8.5-236,5.0,Small
All,1,111111,"{AB, AVC, Atria, LV, OFT, RV}",100000,{OFT},9,4,1,110101,"{AVC, Atria, OFT, RV}",E8.5-17,6.0,Small
All,1,111111,"{AB, AVC, Atria, LV, OFT, RV}",100000,{OFT},9,4,1,110101,"{AVC, Atria, OFT, RV}",E8.5-199,6.0,Small
All,1,111111,"{AB, AVC, Atria, LV, OFT, RV}",100000,{OFT},9,4,1,110101,"{AVC, Atria, OFT, RV}",E8.5-78,6.0,Small
All,1,111111,"{AB, AVC, Atria, LV, OFT, RV}",100000,{OFT},9,4,1,110101,"{AVC, Atria, OFT, RV}",E8.5-220,7.0,Small
All,1,111111,"{AB, AVC, Atria, LV, OFT, RV}",100000,{OFT},9,4,1,110101,"{AVC, Atria, OFT, RV}",E8.5-10,10.0,Small
All,1,111111,"{AB, AVC, Atria, LV, OFT, RV}",100000,{OFT},9,4,2,110001,"{Atria, OFT, RV}",E8.5-2,82.0,Large
All,1,111111,"{AB, AVC, Atria, LV, OFT, RV}",100000,{OFT},9,4,2,110001,"{Atria, OFT, RV}",E8.5-170,142.0,
All,1,111111,"{AB, AVC, Atria, LV, OFT, RV}",100000,{OFT},9,4,2,110001,"{Atria, OFT, RV}",E8.5-191,36.0,Large
All,1,111111,"{AB, AVC, Atria, LV, OFT, RV}",100000,{OFT},9,4,2,110001,"{Atria, OFT, RV}",E8.5-14,32.0,Large
All,1,111111,"{AB, AVC, Atria, LV, OFT, RV}",100000,{OFT},9,4,2,110001,"{Atria, OFT, RV}",E8.5-43,7.0,Small
All,1,111111,"{AB, AVC, Atria, LV, OFT, RV}",100000,{OFT},9,4,2,110001,"{Atria, OFT, RV}",E8.5-165,11.0,Small
All,1,111111,"{AB, AVC, Atria, LV, OFT, RV}",100000,{OFT},9,4,2,110001,"{Atria, OFT, RV}",E8.5-13,13.0,Small
All,1,111111,"{AB, AVC, Atria, LV, OFT, RV}",100000,{OFT},9,4,2,110001,"{Atria, OFT, RV}",E8.5-145,13.0,Small
All,1,111111,"{AB, AVC, Atria, LV, OFT, RV}",100000,{OFT},9,4,2,110001,"{Atria, OFT, RV}",E8.5-185,18.0,Small
All,1,111111,"{AB, AVC, Atria, LV, OFT, RV}",100000,{OFT},9,4,2,110001,"{Atria, OFT, RV}",E8.5-163,19.0,Small
All,1,111111,"{AB, AVC, Atria, LV, OFT, RV}",100000,{OFT},9,4,2,110001,"{Atria, OFT, RV}",E8.5-184,20.0,Small
All,1,111111,"{AB, AVC, Atria, LV, OFT, RV}",100000,{OFT},9,4,2,110001,"{Atria, OFT, RV}",E8.5-4,20.0,Small
All,1,111111,"{AB, AVC, Atria, LV, OFT, RV}",100000,{OFT},9,4,2,110001,"{Atria, OFT, RV}",E8.5-85,24.0,Small
All,1,111111,"{AB, AVC, Atria, LV, OFT, RV}",100000,{OFT},9,4,2,110001,"{Atria, OFT, RV}",E8.5-128,54.0,Large
All,1,111111,"{AB, AVC, Atria, LV, OFT, RV}",100000,{OFT},9,4,2,110001,"{Atria, OFT, RV}",E8.5-171,3.0,Small
All,1,111111,"{AB, AVC, Atria, LV, OFT, RV}",100000,{OFT},9,4,2,110001,"{Atria, OFT, RV}",E8.5-236,5.0,Small
All,1,111111,"{AB, AVC, Atria, LV, OFT, RV}",100000,{OFT},9,4,2,110001,"{Atria, OFT, RV}",E8.5-17,6.0,Small
All,1,111111,"{AB, AVC, Atria, LV, OFT, RV}",100000,{OFT},9,4,2,110001,"{Atria, OFT, RV}",E8.5-199,6.0,Small
All,1,111111,"{AB, AVC, Atria, LV, OFT, RV}",100000,{OFT},9,4,2,110001,"{Atria, OFT, RV}",E8.5-78,6.0,Small
All,1,111111,"{AB, AVC, Atria, LV, OFT, RV}",100000,{OFT},9,4,2,110001,"{Atria, OFT, RV}",E8.5-220,7.0,Small
All,1,111111,"{AB, AVC, Atria, LV, OFT, RV}",100000,{OFT},9,4,2,110001,"{Atria, OFT, RV}",E8.5-10,10.0,Small
All,1,111111,"{AB, AVC, Atria, LV, OFT, RV}",100000,{OFT},9,4,3,110000,"{OFT, RV}",E8.5-2,82.0,Large
All,1,111111,"{AB, AVC, Atria, LV, OFT, RV}",100000,{OFT},9,4,3,110000,"{OFT, RV}",E8.5-170,142.0,
All,1,111111,"{AB, AVC, Atria, LV, OFT, RV}",100000,{OFT},9,4,3,110000,"{OFT, RV}",E8.5-191,36.0,Large
All,1,111111,"{AB, AVC, Atria, LV, OFT, RV}",100000,{OFT},9,4,3,110000,"{OFT, RV}",E8.5-14,32.0,Large
All,1,111111,"{AB, AVC, Atria, LV, OFT, RV}",100000,{OFT},9,4,3,110000,"{OFT, RV}",E8.5-43,7.0,Small
All,1,111111,"{AB, AVC, Atria, LV, OFT, RV}",100000,{OFT},9,4,3,110000,"{OFT, RV}",E8.5-165,11.0,Small
All,1,111111,"{AB, AVC, Atria, LV, OFT, RV}",100000,{OFT},9,4,3,110000,"{OFT, RV}",E8.5-13,13.0,Small
All,1,111111,"{AB, AVC, Atria, LV, OFT, RV}",100000,{OFT},9,4,3,110000,"{OFT, RV}",E8.5-145,13.0,Small
All,1,111111,"{AB, AVC, Atria, LV, OFT, RV}",100000,{OFT},9,4,3,110000,"{OFT, RV}",E8.5-185,18.0,Small
All,1,111111,"{AB, AVC, Atria, LV, OFT, RV}",100000,{OFT},9,4,3,110000,"{OFT, RV}",E8.5-163,19.0,Small
All,1,111111,"{AB, AVC, Atria, LV, OFT, RV}",100000,{OFT},9,4,3,110000,"{OFT, RV}",E8.5-184,20.0,Small
All,1,111111,"{AB, AVC, Atria, LV, OFT, RV}",100000,{OFT},9,4,3,110000,"{OFT, RV}",E8.5-4,20.0,Small
All,1,111111,"{AB, AVC, Atria, LV, OFT, RV}",100000,{OFT},9,4,3,110000,"{OFT, RV}",E8.5-85,24.0,Small
All,1,111111,"{AB, AVC, Atria, LV, OFT, RV}",100000,{OFT},9,4,3,110000,"{OFT, RV}",E8.5-128,54.0,Large
All,1,111111,"{AB, AVC, Atria, LV, OFT, RV}",100000,{OFT},9,4,3,110000,"{OFT, RV}",E8.5-171,3.0,Small
All,1,111111,"{AB, AVC, Atria, LV, OFT, RV}",100000,{OFT},9,4,3,110000,"{OFT, RV}",E8.5-236,5.0,Small
All,1,111111,"{AB, AVC, Atria, LV, OFT, RV}",100000,{OFT},9,4,3,110000,"{OFT, RV}",E8.5-17,6.0,Small
All,1,111111,"{AB, AVC, Atria, LV, OFT, RV}",100000,{OFT},9,4,3,110000,"{OFT, RV}",E8.5-199,6.0,Small
All,1,111111,"{AB, AVC, Atria, LV, OFT, RV}",100000,{OFT},9,4,3,110000,"{OFT, RV}",E8.5-78,6.0,Small
All,1,111111,"{AB, AVC, Atria, LV, OFT, RV}",100000,{OFT},9,4,3,110000,"{OFT, RV}",E8.5-220,7.0,Small
All,1,111111,"{AB, AVC, Atria, LV, OFT, RV}",100000,{OFT},9,4,3,110000,"{OFT, RV}",E8.5-10,10.0,Small
All,1,111111,"{AB, AVC, Atria, LV, OFT, RV}",100000,{OFT},9,4,4,100000,{OFT},E8.5-2,82.0,Large
All,1,111111,"{AB, AVC, Atria, LV, OFT, RV}",100000,{OFT},9,4,4,100000,{OFT},E8.5-170,142.0,
All,1,111111,"{AB, AVC, Atria, LV, OFT, RV}",100000,{OFT},9,4,4,100000,{OFT},E8.5-191,36.0,Large
All,1,111111,"{AB, AVC, Atria, LV, OFT, RV}",100000,{OFT},9,4,4,100000,{OFT},E8.5-14,32.0,Large
All,1,111111,"{AB, AVC, Atria, LV, OFT, RV}",100000,{OFT},9,4,4,100000,{OFT},E8.5-43,7.0,Small
All,1,111111,"{AB, AVC, Atria, LV, OFT, RV}",100000,{OFT},9,4,4,100000,{OFT},E8.5-165,11.0,Small
All,1,111111,"{AB, AVC, Atria, LV, OFT, RV}",100000,{OFT},9,4,4,100000,{OFT},E8.5-13,13.0,Small
All,1,111111,"{AB, AVC, Atria, LV, OFT, RV}",100000,{OFT},9,4,4,100000,{OFT},E8.5-145,13.0,Small
All,1,111111,"{AB, AVC, Atria, LV, OFT, RV}",100000,{OFT},9,4,4,100000,{OFT},E8.5-185,18.0,Small
All,1,111111,"{AB, AVC, Atria, LV, OFT, RV}",100000,{OFT},9,4,4,100000,{OFT},E8.5-163,19.0,Small
All,1,111111,"{AB, AVC, Atria, LV, OFT, RV}",100000,{OFT},9,4,4,100000,{OFT},E8.5-184,20.0,Small
All,1,111111,"{AB, AVC, Atria, LV, OFT, RV}",100000,{OFT},9,4,4,100000,{OFT},E8.5-4,20.0,Small
All,1,111111,"{AB, AVC, Atria, LV, OFT, RV}",100000,{OFT},9,4,4,100000,{OFT},E8.5-85,24.0,Small
All,1,111111,"{AB, AVC, Atria, LV, OFT, RV}",100000,{OFT},9,4,4,100000,{OFT},E8.5-128,54.0,Large
All,1,111111,"{AB, AVC, Atria, LV, OFT, RV}",100000,{OFT},9,4,4,100000,{OFT},E8.5-171,3.0,Small
All,1,111111,"{AB, AVC, Atria, LV, OFT, RV}",100000,{OFT},9,4,4,100000,{OFT},E8.5-236,5.0,Small
All,1,111111,"{AB, AVC, Atria, LV, OFT, RV}",100000,{OFT},9,4,4,100000,{OFT},E8.5-17,6.0,Small
All,1,111111,"{AB, AVC, Atria, LV, OFT, RV}",100000,{OFT},9,4,4,100000,{OFT},E8.5-199,6.0,Small
All,1,111111,"{AB, AVC, Atria, LV, OFT, RV}",100000,{OFT},9,4,4,100000,{OFT},E8.5-78,6.0,Small
All,1,111111,"{AB, AVC, Atria, LV, OFT, RV}",100000,{OFT},9,4,4,100000,{OFT},E8.5-220,7.0,Small
All,1,111111,"{AB, AVC, Atria, LV, OFT, RV}",100000,{OFT},9,4,4,100000,{OFT},E8.5-10,10.0,Small
All,1,111111,"{AB, AVC, Atria, LV, OFT, RV}",100000,{OFT},10,3,0,111111,"{AB, AVC, Atria, LV, OFT, RV}",E8.5-2,82.0,Large
All,1,111111,"{AB, AVC, Atria, LV, OFT, RV}",100000,{OFT},10,3,0,111111,"{AB, AVC, Atria, LV, OFT, RV}",E8.5-170,142.0,
All,1,111111,"{AB, AVC, Atria, LV, OFT, RV}",100000,{OFT},10,3,0,111111,"{AB, AVC, Atria, LV, OFT, RV}",E8.5-191,36.0,Large
All,1,111111,"{AB, AVC, Atria, LV, OFT, RV}",100000,{OFT},10,3,0,111111,"{AB, AVC, Atria, LV, OFT, RV}",E8.5-14,32.0,Large
All,1,111111,"{AB, AVC, Atria, LV, OFT, RV}",100000,{OFT},10,3,0,111111,"{AB, AVC, Atria, LV, OFT, RV}",E8.5-171,3.0,Small
All,1,111111,"{AB, AVC, Atria, LV, OFT, RV}",100000,{OFT},10,3,0,111111,"{AB, AVC, Atria, LV, OFT, RV}",E8.5-236,5.0,Small
All,1,111111,"{AB, AVC, Atria, LV, OFT, RV}",100000,{OFT},10,3,0,111111,"{AB, AVC, Atria, LV, OFT, RV}",E8.5-17,6.0,Small
All,1,111111,"{AB, AVC, Atria, LV, OFT, RV}",100000,{OFT},10,3,0,111111,"{AB, AVC, Atria, LV, OFT, RV}",E8.5-199,6.0,Small
All,1,111111,"{AB, AVC, Atria, LV, OFT, RV}",100000,{OFT},10,3,0,111111,"{AB, AVC, Atria, LV, OFT, RV}",E8.5-78,6.0,Small
All,1,111111,"{AB, AVC, Atria, LV, OFT, RV}",100000,{OFT},10,3,0,111111,"{AB, AVC, Atria, LV, OFT, RV}",E8.5-220,7.0,Small
All,1,111111,"{AB, AVC, Atria, LV, OFT, RV}",100000,{OFT},10,3,0,111111,"{AB, AVC, Atria, LV, OFT, RV}",E8.5-10,10.0,Small
All,1,111111,"{AB, AVC, Atria, LV, OFT, RV}",100000,{OFT},10,3,1,110101,"{AVC, Atria, OFT, RV}",E8.5-2,82.0,Large
All,1,111111,"{AB, AVC, Atria, LV, OFT, RV}",100000,{OFT},10,3,1,110101,"{AVC, Atria, OFT, RV}",E8.5-170,142.0,
All,1,111111,"{AB, AVC, Atria, LV, OFT, RV}",100000,{OFT},10,3,1,110101,"{AVC, Atria, OFT, RV}",E8.5-191,36.0,Large
All,1,111111,"{AB, AVC, Atria, LV, OFT, RV}",100000,{OFT},10,3,1,110101,"{AVC, Atria, OFT, RV}",E8.5-14,32.0,Large
All,1,111111,"{AB, AVC, Atria, LV, OFT, RV}",100000,{OFT},10,3,1,110101,"{AVC, Atria, OFT, RV}",E8.5-171,3.0,Small
All,1,111111,"{AB, AVC, Atria, LV, OFT, RV}",100000,{OFT},10,3,1,110101,"{AVC, Atria, OFT, RV}",E8.5-236,5.0,Small
All,1,111111,"{AB, AVC, Atria, LV, OFT, RV}",100000,{OFT},10,3,1,110101,"{AVC, Atria, OFT, RV}",E8.5-17,6.0,Small
All,1,111111,"{AB, AVC, Atria, LV, OFT, RV}",100000,{OFT},10,3,1,110101,"{AVC, Atria, OFT, RV}",E8.5-199,6.0,Small
All,1,111111,"{AB, AVC, Atria, LV, OFT, RV}",100000,{OFT},10,3,1,110101,"{AVC, Atria, OFT, RV}",E8.5-78,6.0,Small
All,1,111111,"{AB, AVC, Atria, LV, OFT, RV}",100000,{OFT},10,3,1,110101,"{AVC, Atria, OFT, RV}",E8.5-220,7.0,Small
All,1,111111,"{AB, AVC, Atria, LV, OFT, RV}",100000,{OFT},10,3,1,110101,"{AVC, Atria, OFT, RV}",E8.5-10,10.0,Small
All,1,111111,"{AB, AVC, Atria, LV, OFT, RV}",100000,{OFT},10,3,2,110001,"{Atria, OFT, RV}",E8.5-2,82.0,Large
All,1,111111,"{AB, AVC, Atria, LV, OFT, RV}",100000,{OFT},10,3,2,110001,"{Atria, OFT, RV}",E8.5-170,142.0,
All,1,111111,"{AB, AVC, Atria, LV, OFT, RV}",100000,{OFT},10,3,2,110001,"{Atria, OFT, RV}",E8.5-191,36.0,Large
All,1,111111,"{AB, AVC, Atria, LV, OFT, RV}",100000,{OFT},10,3,2,110001,"{Atria, OFT, RV}",E8.5-14,32.0,Large
All,1,111111,"{AB, AVC, Atria, LV, OFT, RV}",100000,{OFT},10,3,2,110001,"{Atria, OFT, RV}",E8.5-171,3.0,Small
All,1,111111,"{AB, AVC, Atria, LV, OFT, RV}",100000,{OFT},10,3,2,110001,"{Atria, OFT, RV}",E8.5-236,5.0,Small
All,1,111111,"{AB, AVC, Atria, LV, OFT, RV}",100000,{OFT},10,3,2,110001,"{Atria, OFT, RV}",E8.5-17,6.0,Small
All,1,111111,"{AB, AVC, Atria, LV, OFT, RV}",100000,{OFT},10,3,2,110001,"{Atria, OFT, RV}",E8.5-199,6.0,Small
All,1,111111,"{AB, AVC, Atria, LV, OFT, RV}",100000,{OFT},10,3,2,110001,"{Atria, OFT, RV}",E8.5-78,6.0,Small
All,1,111111,"{AB, AVC, Atria, LV, OFT, RV}",100000,{OFT},10,3,2,110001,"{Atria, OFT, RV}",E8.5-220,7.0,Small
All,1,111111,"{AB, AVC, Atria, LV, OFT, RV}",100000,{OFT},10,3,2,110001,"{Atria, OFT, RV}",E8.5-10,10.0,Small
All,1,111111,"{AB, AVC, Atria, LV, OFT, RV}",100000,{OFT},10,3,3,100000,{OFT},E8.5-2,82.0,Large
All,1,111111,"{AB, AVC, Atria, LV, OFT, RV}",100000,{OFT},10,3,3,100000,{OFT},E8.5-170,142.0,
All,1,111111,"{AB, AVC, Atria, LV, OFT, RV}",100000,{OFT},10,3,3,100000,{OFT},E8.5-191,36.0,Large
All,1,111111,"{AB, AVC, Atria, LV, OFT, RV}",100000,{OFT},10,3,3,100000,{OFT},E8.5-14,32.0,Large
All,1,111111,"{AB, AVC, Atria, LV, OFT, RV}",100000,{OFT},10,3,3,100000,{OFT},E8.5-171,3.0,Small
All,1,111111,"{AB, AVC, Atria, LV, OFT, RV}",100000,{OFT},10,3,3,100000,{OFT},E8.5-236,5.0,Small
All,1,111111,"{AB, AVC, Atria, LV, OFT, RV}",100000,{OFT},10,3,3,100000,{OFT},E8.5-17,6.0,Small
All,1,111111,"{AB, AVC, Atria, LV, OFT, RV}",100000,{OFT},10,3,3,100000,{OFT},E8.5-199,6.0,Small
All,1,111111,"{AB, AVC, Atria, LV, OFT, RV}",100000,{OFT},10,3,3,100000,{OFT},E8.5-78,6.0,Small
All,1,111111,"{AB, AVC, Atria, LV, OFT, RV}",100000,{OFT},10,3,3,100000,{OFT},E8.5-220,7.0,Small
All,1,111111,"{AB, AVC, Atria, LV, OFT, RV}",100000,{OFT},10,3,3,100000,{OFT},E8.5-10,10.0,Small
All,1,111111,"{AB, AVC, Atria, LV, OFT, RV}",100000,{OFT},11,3,0,111111,"{AB, AVC, Atria, LV, OFT, RV}",E8.5-2,82.0,Large
All,1,111111,"{AB, AVC, Atria, LV, OFT, RV}",100000,{OFT},11,3,0,111111,"{AB, AVC, Atria, LV, OFT, RV}",E8.5-170,142.0,
All,1,111111,"{AB, AVC, Atria, LV, OFT, RV}",100000,{OFT},11,3,0,111111,"{AB, AVC, Atria, LV, OFT, RV}",E8.5-191,36.0,Large
All,1,111111,"{AB, AVC, Atria, LV, OFT, RV}",100000,{OFT},11,3,0,111111,"{AB, AVC, Atria, LV, OFT, RV}",E8.5-155,6.0,Small
All,1,111111,"{AB, AVC, Atria, LV, OFT, RV}",100000,{OFT},11,3,0,111111,"{AB, AVC, Atria, LV, OFT, RV}",E8.5-35,17.0,Small
All,1,111111,"{AB, AVC, Atria, LV, OFT, RV}",100000,{OFT},11,3,0,111111,"{AB, AVC, Atria, LV, OFT, RV}",E8.5-44,37.0,Large
All,1,111111,"{AB, AVC, Atria, LV, OFT, RV}",100000,{OFT},11,3,0,111111,"{AB, AVC, Atria, LV, OFT, RV}",E8.5-171,3.0,Small
All,1,111111,"{AB, AVC, Atria, LV, OFT, RV}",100000,{OFT},11,3,0,111111,"{AB, AVC, Atria, LV, OFT, RV}",E8.5-236,5.0,Small
All,1,111111,"{AB, AVC, Atria, LV, OFT, RV}",100000,{OFT},11,3,0,111111,"{AB, AVC, Atria, LV, OFT, RV}",E8.5-17,6.0,Small
All,1,111111,"{AB, AVC, Atria, LV, OFT, RV}",100000,{OFT},11,3,0,111111,"{AB, AVC, Atria, LV, OFT, RV}",E8.5-199,6.0,Small
All,1,111111,"{AB, AVC, Atria, LV, OFT, RV}",100000,{OFT},11,3,0,111111,"{AB, AVC, Atria, LV, OFT, RV}",E8.5-78,6.0,Small
All,1,111111,"{AB, AVC, Atria, LV, OFT, RV}",100000,{OFT},11,3,0,111111,"{AB, AVC, Atria, LV, OFT, RV}",E8.5-220,7.0,Small
All,1,111111,"{AB, AVC, Atria, LV, OFT, RV}",100000,{OFT},11,3,0,111111,"{AB, AVC, Atria, LV, OFT, RV}",E8.5-10,10.0,Small
All,1,111111,"{AB, AVC, Atria, LV, OFT, RV}",100000,{OFT},11,3,1,110101,"{AVC, Atria, OFT, RV}",E8.5-2,82.0,Large
All,1,111111,"{AB, AVC, Atria, LV, OFT, RV}",100000,{OFT},11,3,1,110101,"{AVC, Atria, OFT, RV}",E8.5-170,142.0,
All,1,111111,"{AB, AVC, Atria, LV, OFT, RV}",100000,{OFT},11,3,1,110101,"{AVC, Atria, OFT, RV}",E8.5-191,36.0,Large
All,1,111111,"{AB, AVC, Atria, LV, OFT, RV}",100000,{OFT},11,3,1,110101,"{AVC, Atria, OFT, RV}",E8.5-155,6.0,Small
All,1,111111,"{AB, AVC, Atria, LV, OFT, RV}",100000,{OFT},11,3,1,110101,"{AVC, Atria, OFT, RV}",E8.5-35,17.0,Small
All,1,111111,"{AB, AVC, Atria, LV, OFT, RV}",100000,{OFT},11,3,1,110101,"{AVC, Atria, OFT, RV}",E8.5-44,37.0,Large
All,1,111111,"{AB, AVC, Atria, LV, OFT, RV}",100000,{OFT},11,3,1,110101,"{AVC, Atria, OFT, RV}",E8.5-171,3.0,Small
All,1,111111,"{AB, AVC, Atria, LV, OFT, RV}",100000,{OFT},11,3,1,110101,"{AVC, Atria, OFT, RV}",E8.5-236,5.0,Small
All,1,111111,"{AB, AVC, Atria, LV, OFT, RV}",100000,{OFT},11,3,1,110101,"{AVC, Atria, OFT, RV}",E8.5-17,6.0,Small
All,1,111111,"{AB, AVC, Atria, LV, OFT, RV}",100000,{OFT},11,3,1,110101,"{AVC, Atria, OFT, RV}",E8.5-199,6.0,Small
All,1,111111,"{AB, AVC, Atria, LV, OFT, RV}",100000,{OFT},11,3,1,110101,"{AVC, Atria, OFT, RV}",E8.5-78,6.0,Small
All,1,111111,"{AB, AVC, Atria, LV, OFT, RV}",100000,{OFT},11,3,1,110101,"{AVC, Atria, OFT, RV}",E8.5-220,7.0,Small
All,1,111111,"{AB, AVC, Atria, LV, OFT, RV}",100000,{OFT},11,3,1,110101,"{AVC, Atria, OFT, RV}",E8.5-10,10.0,Small
All,1,111111,"{AB, AVC, Atria, LV, OFT, RV}",100000,{OFT},11,3,2,100001,"{Atria, OFT}",E8.5-2,82.0,Large
All,1,111111,"{AB, AVC, Atria, LV, OFT, RV}",100000,{OFT},11,3,2,100001,"{Atria, OFT}",E8.5-170,142.0,
All,1,111111,"{AB, AVC, Atria, LV, OFT, RV}",100000,{OFT},11,3,2,100001,"{Atria, OFT}",E8.5-191,36.0,Large
All,1,111111,"{AB, AVC, Atria, LV, OFT, RV}",100000,{OFT},11,3,2,100001,"{Atria, OFT}",E8.5-155,6.0,Small
All,1,111111,"{AB, AVC, Atria, LV, OFT, RV}",100000,{OFT},11,3,2,100001,"{Atria, OFT}",E8.5-35,17.0,Small
All,1,111111,"{AB, AVC, Atria, LV, OFT, RV}",100000,{OFT},11,3,2,100001,"{Atria, OFT}",E8.5-44,37.0,Large
All,1,111111,"{AB, AVC, Atria, LV, OFT, RV}",100000,{OFT},11,3,2,100001,"{Atria, OFT}",E8.5-171,3.0,Small
All,1,111111,"{AB, AVC, Atria, LV, OFT, RV}",100000,{OFT},11,3,2,100001,"{Atria, OFT}",E8.5-236,5.0,Small
All,1,111111,"{AB, AVC, Atria, LV, OFT, RV}",100000,{OFT},11,3,2,100001,"{Atria, OFT}",E8.5-17,6.0,Small
All,1,111111,"{AB, AVC, Atria, LV, OFT, RV}",100000,{OFT},11,3,2,100001,"{Atria, OFT}",E8.5-199,6.0,Small
All,1,111111,"{AB, AVC, Atria, LV, OFT, RV}",100000,{OFT},11,3,2,100001,"{Atria, OFT}",E8.5-78,6.0,Small
All,1,111111,"{AB, AVC, Atria, LV, OFT, RV}",100000,{OFT},11,3,2,100001,"{Atria, OFT}",E8.5-220,7.0,Small
All,1,111111,"{AB, AVC, Atria, LV, OFT, RV}",100000,{OFT},11,3,2,100001,"{Atria, OFT}",E8.5-10,10.0,Small
All,1,111111,"{AB, AVC, Atria, LV, OFT, RV}",100000,{OFT},11,3,3,100000,{OFT},E8.5-2,82.0,Large
All,1,111111,"{AB, AVC, Atria, LV, OFT, RV}",100000,{OFT},11,3,3,100000,{OFT},E8.5-170,142.0,
All,1,111111,"{AB, AVC, Atria, LV, OFT, RV}",100000,{OFT},11,3,3,100000,{OFT},E8.5-191,36.0,Large
All,1,111111,"{AB, AVC, Atria, LV, OFT, RV}",100000,{OFT},11,3,3,100000,{OFT},E8.5-155,6.0,Small
All,1,111111,"{AB, AVC, Atria, LV, OFT, RV}",100000,{OFT},11,3,3,100000,{OFT},E8.5-35,17.0,Small
All,1,111111,"{AB, AVC, Atria, LV, OFT, RV}",100000,{OFT},11,3,3,100000,{OFT},E8.5-44,37.0,Large
All,1,111111,"{AB, AVC, Atria, LV, OFT, RV}",100000,{OFT},11,3,3,100000,{OFT},E8.5-171,3.0,Small
All,1,111111,"{AB, AVC, Atria, LV, OFT, RV}",100000,{OFT},11,3,3,100000,{OFT},E8.5-236,5.0,Small
All,1,111111,"{AB, AVC, Atria, LV, OFT, RV}",100000,{OFT},11,3,3,100000,{OFT},E8.5-17,6.0,Small
All,1,111111,"{AB, AVC, Atria, LV, OFT, RV}",100000,{OFT},11,3,3,100000,{OFT},E8.5-199,6.0,Small
All,1,111111,"{AB, AVC, Atria, LV, OFT, RV}",100000,{OFT},11,3,3,100000,{OFT},E8.5-78,6.0,Small
All,1,111111,"{AB, AVC, Atria, LV, OFT, RV}",100000,{OFT},11,3,3,100000,{OFT},E8.5-220,7.0,Small
All,1,111111,"{AB, AVC, Atria, LV, OFT, RV}",100000,{OFT},11,3,3,100000,{OFT},E8.5-10,10.0,Small
All,1,111111,"{AB, AVC, Atria, LV, OFT, RV}",100000,{OFT},12,3,0,111111,"{AB, AVC, Atria, LV, OFT, RV}",E8.5-2,82.0,Large
All,1,111111,"{AB, AVC, Atria, LV, OFT, RV}",100000,{OFT},12,3,0,111111,"{AB, AVC, Atria, LV, OFT, RV}",E8.5-170,142.0,
All,1,111111,"{AB, AVC, Atria, LV, OFT, RV}",100000,{OFT},12,3,0,111111,"{AB, AVC, Atria, LV, OFT, RV}",E8.5-191,36.0,Large
All,1,111111,"{AB, AVC, Atria, LV, OFT, RV}",100000,{OFT},12,3,0,111111,"{AB, AVC, Atria, LV, OFT, RV}",E8.5-43,7.0,Small
All,1,111111,"{AB, AVC, Atria, LV, OFT, RV}",100000,{OFT},12,3,0,111111,"{AB, AVC, Atria, LV, OFT, RV}",E8.5-165,11.0,Small
All,1,111111,"{AB, AVC, Atria, LV, OFT, RV}",100000,{OFT},12,3,0,111111,"{AB, AVC, Atria, LV, OFT, RV}",E8.5-13,13.0,Small
All,1,111111,"{AB, AVC, Atria, LV, OFT, RV}",100000,{OFT},12,3,0,111111,"{AB, AVC, Atria, LV, OFT, RV}",E8.5-145,13.0,Small
All,1,111111,"{AB, AVC, Atria, LV, OFT, RV}",100000,{OFT},12,3,0,111111,"{AB, AVC, Atria, LV, OFT, RV}",E8.5-185,18.0,Small
All,1,111111,"{AB, AVC, Atria, LV, OFT, RV}",100000,{OFT},12,3,0,111111,"{AB, AVC, Atria, LV, OFT, RV}",E8.5-163,19.0,Small
All,1,111111,"{AB, AVC, Atria, LV, OFT, RV}",100000,{OFT},12,3,0,111111,"{AB, AVC, Atria, LV, OFT, RV}",E8.5-184,20.0,Small
All,1,111111,"{AB, AVC, Atria, LV, OFT, RV}",100000,{OFT},12,3,0,111111,"{AB, AVC, Atria, LV, OFT, RV}",E8.5-4,20.0,Small
All,1,111111,"{AB, AVC, Atria, LV, OFT, RV}",100000,{OFT},12,3,0,111111,"{AB, AVC, Atria, LV, OFT, RV}",E8.5-85,24.0,Small
All,1,111111,"{AB, AVC, Atria, LV, OFT, RV}",100000,{OFT},12,3,0,111111,"{AB, AVC, Atria, LV, OFT, RV}",E8.5-128,54.0,Large
All,1,111111,"{AB, AVC, Atria, LV, OFT, RV}",100000,{OFT},12,3,0,111111,"{AB, AVC, Atria, LV, OFT, RV}",E8.5-171,3.0,Small
All,1,111111,"{AB, AVC, Atria, LV, OFT, RV}",100000,{OFT},12,3,0,111111,"{AB, AVC, Atria, LV, OFT, RV}",E8.5-236,5.0,Small
All,1,111111,"{AB, AVC, Atria, LV, OFT, RV}",100000,{OFT},12,3,0,111111,"{AB, AVC, Atria, LV, OFT, RV}",E8.5-17,6.0,Small
All,1,111111,"{AB, AVC, Atria, LV, OFT, RV}",100000,{OFT},12,3,0,111111,"{AB, AVC, Atria, LV, OFT, RV}",E8.5-199,6.0,Small
All,1,111111,"{AB, AVC, Atria, LV, OFT, RV}",100000,{OFT},12,3,0,111111,"{AB, AVC, Atria, LV, OFT, RV}",E8.5-78,6.0,Small
All,1,111111,"{AB, AVC, Atria, LV, OFT, RV}",100000,{OFT},12,3,0,111111,"{AB, AVC, Atria, LV, OFT, RV}",E8.5-220,7.0,Small
All,1,111111,"{AB, AVC, Atria, LV, OFT, RV}",100000,{OFT},12,3,0,111111,"{AB, AVC, Atria, LV, OFT, RV}",E8.5-10,10.0,Small
All,1,111111,"{AB, AVC, Atria, LV, OFT, RV}",100000,{OFT},12,3,1,110101,"{AVC, Atria, OFT, RV}",E8.5-2,82.0,Large
All,1,111111,"{AB, AVC, Atria, LV, OFT, RV}",100000,{OFT},12,3,1,110101,"{AVC, Atria, OFT, RV}",E8.5-170,142.0,
All,1,111111,"{AB, AVC, Atria, LV, OFT, RV}",100000,{OFT},12,3,1,110101,"{AVC, Atria, OFT, RV}",E8.5-191,36.0,Large
All,1,111111,"{AB, AVC, Atria, LV, OFT, RV}",100000,{OFT},12,3,1,110101,"{AVC, Atria, OFT, RV}",E8.5-43,7.0,Small
All,1,111111,"{AB, AVC, Atria, LV, OFT, RV}",100000,{OFT},12,3,1,110101,"{AVC, Atria, OFT, RV}",E8.5-165,11.0,Small
All,1,111111,"{AB, AVC, Atria, LV, OFT, RV}",100000,{OFT},12,3,1,110101,"{AVC, Atria, OFT, RV}",E8.5-13,13.0,Small
All,1,111111,"{AB, AVC, Atria, LV, OFT, RV}",100000,{OFT},12,3,1,110101,"{AVC, Atria, OFT, RV}",E8.5-145,13.0,Small
All,1,111111,"{AB, AVC, Atria, LV, OFT, RV}",100000,{OFT},12,3,1,110101,"{AVC, Atria, OFT, RV}",E8.5-185,18.0,Small
All,1,111111,"{AB, AVC, Atria, LV, OFT, RV}",100000,{OFT},12,3,1,110101,"{AVC, Atria, OFT, RV}",E8.5-163,19.0,Small
All,1,111111,"{AB, AVC, Atria, LV, OFT, RV}",100000,{OFT},12,3,1,110101,"{AVC, Atria, OFT, RV}",E8.5-184,20.0,Small
All,1,111111,"{AB, AVC, Atria, LV, OFT, RV}",100000,{OFT},12,3,1,110101,"{AVC, Atria, OFT, RV}",E8.5-4,20.0,Small
All,1,111111,"{AB, AVC, Atria, LV, OFT, RV}",100000,{OFT},12,3,1,110101,"{AVC, Atria, OFT, RV}",E8.5-85,24.0,Small
All,1,111111,"{AB, AVC, Atria, LV, OFT, RV}",100000,{OFT},12,3,1,110101,"{AVC, Atria, OFT, RV}",E8.5-128,54.0,Large
All,1,111111,"{AB, AVC, Atria, LV, OFT, RV}",100000,{OFT},12,3,1,110101,"{AVC, Atria, OFT, RV}",E8.5-171,3.0,Small
All,1,111111,"{AB, AVC, Atria, LV, OFT, RV}",100000,{OFT},12,3,1,110101,"{AVC, Atria, OFT, RV}",E8.5-236,5.0,Small
All,1,111111,"{AB, AVC, Atria, LV, OFT, RV}",100000,{OFT},12,3,1,110101,"{AVC, Atria, OFT, RV}",E8.5-17,6.0,Small
All,1,111111,"{AB, AVC, Atria, LV, OFT, RV}",100000,{OFT},12,3,1,110101,"{AVC, Atria, OFT, RV}",E8.5-199,6.0,Small
All,1,111111,"{AB, AVC, Atria, LV, OFT, RV}",100000,{OFT},12,3,1,110101,"{AVC, Atria, OFT, RV}",E8.5-78,6.0,Small
All,1,111111,"{AB, AVC, Atria, LV, OFT, RV}",100000,{OFT},12,3,1,110101,"{AVC, Atria, OFT, RV}",E8.5-220,7.0,Small
All,1,111111,"{AB, AVC, Atria, LV, OFT, RV}",100000,{OFT},12,3,1,110101,"{AVC, Atria, OFT, RV}",E8.5-10,10.0,Small
All,1,111111,"{AB, AVC, Atria, LV, OFT, RV}",100000,{OFT},12,3,2,110000,"{OFT, RV}",E8.5-2,82.0,Large
All,1,111111,"{AB, AVC, Atria, LV, OFT, RV}",100000,{OFT},12,3,2,110000,"{OFT, RV}",E8.5-170,142.0,
All,1,111111,"{AB, AVC, Atria, LV, OFT, RV}",100000,{OFT},12,3,2,110000,"{OFT, RV}",E8.5-191,36.0,Large
All,1,111111,"{AB, AVC, Atria, LV, OFT, RV}",100000,{OFT},12,3,2,110000,"{OFT, RV}",E8.5-43,7.0,Small
All,1,111111,"{AB, AVC, Atria, LV, OFT, RV}",100000,{OFT},12,3,2,110000,"{OFT, RV}",E8.5-165,11.0,Small
All,1,111111,"{AB, AVC, Atria, LV, OFT, RV}",100000,{OFT},12,3,2,110000,"{OFT, RV}",E8.5-13,13.0,Small
All,1,111111,"{AB, AVC, Atria, LV, OFT, RV}",100000,{OFT},12,3,2,110000,"{OFT, RV}",E8.5-145,13.0,Small
All,1,111111,"{AB, AVC, Atria, LV, OFT, RV}",100000,{OFT},12,3,2,110000,"{OFT, RV}",E8.5-185,18.0,Small
All,1,111111,"{AB, AVC, Atria, LV, OFT, RV}",100000,{OFT},12,3,2,110000,"{OFT, RV}",E8.5-163,19.0,Small
All,1,111111,"{AB, AVC, Atria, LV, OFT, RV}",100000,{OFT},12,3,2,110000,"{OFT, RV}",E8.5-184,20.0,Small
All,1,111111,"{AB, AVC, Atria, LV, OFT, RV}",100000,{OFT},12,3,2,110000,"{OFT, RV}",E8.5-4,20.0,Small
All,1,111111,"{AB, AVC, Atria, LV, OFT, RV}",100000,{OFT},12,3,2,110000,"{OFT, RV}",E8.5-85,24.0,Small
All,1,111111,"{AB, AVC, Atria, LV, OFT, RV}",100000,{OFT},12,3,2,110000,"{OFT, RV}",E8.5-128,54.0,Large
All,1,111111,"{AB, AVC, Atria, LV, OFT, RV}",100000,{OFT},12,3,2,110000,"{OFT, RV}",E8.5-171,3.0,Small
All,1,111111,"{AB, AVC, Atria, LV, OFT, RV}",100000,{OFT},12,3,2,110000,"{OFT, RV}",E8.5-236,5.0,Small
All,1,111111,"{AB, AVC, Atria, LV, OFT, RV}",100000,{OFT},12,3,2,110000,"{OFT, RV}",E8.5-17,6.0,Small
All,1,111111,"{AB, AVC, Atria, LV, OFT, RV}",100000,{OFT},12,3,2,110000,"{OFT, RV}",E8.5-199,6.0,Small
All,1,111111,"{AB, AVC, Atria, LV, OFT, RV}",100000,{OFT},12,3,2,110000,"{OFT, RV}",E8.5-78,6.0,Small
All,1,111111,"{AB, AVC, Atria, LV, OFT, RV}",100000,{OFT},12,3,2,110000,"{OFT, RV}",E8.5-220,7.0,Small
All,1,111111,"{AB, AVC, Atria, LV, OFT, RV}",100000,{OFT},12,3,2,110000,"{OFT, RV}",E8.5-10,10.0,Small
All,1,111111,"{AB, AVC, Atria, LV, OFT, RV}",100000,{OFT},12,3,3,100000,{OFT},E8.5-2,82.0,Large
All,1,111111,"{AB, AVC, Atria, LV, OFT, RV}",100000,{OFT},12,3,3,100000,{OFT},E8.5-170,142.0,
All,1,111111,"{AB, AVC, Atria, LV, OFT, RV}",100000,{OFT},12,3,3,100000,{OFT},E8.5-191,36.0,Large
All,1,111111,"{AB, AVC, Atria, LV, OFT, RV}",100000,{OFT},12,3,3,100000,{OFT},E8.5-43,7.0,Small
All,1,111111,"{AB, AVC, Atria, LV, OFT, RV}",100000,{OFT},12,3,3,100000,{OFT},E8.5-165,11.0,Small
All,1,111111,"{AB, AVC, Atria, LV, OFT, RV}",100000,{OFT},12,3,3,100000,{OFT},E8.5-13,13.0,Small
All,1,111111,"{AB, AVC, Atria, LV, OFT, RV}",100000,{OFT},12,3,3,100000,{OFT},E8.5-145,13.0,Small
All,1,111111,"{AB, AVC, Atria, LV, OFT, RV}",100000,{OFT},12,3,3,100000,{OFT},E8.5-185,18.0,Small
All,1,111111,"{AB, AVC, Atria, LV, OFT, RV}",100000,{OFT},12,3,3,100000,{OFT},E8.5-163,19.0,Small
All,1,111111,"{AB, AVC, Atria, LV, OFT, RV}",100000,{OFT},12,3,3,100000,{OFT},E8.5-184,20.0,Small
All,1,111111,"{AB, AVC, Atria, LV, OFT, RV}",100000,{OFT},12,3,3,100000,{OFT},E8.5-4,20.0,Small
All,1,111111,"{AB, AVC, Atria, LV, OFT, RV}",100000,{OFT},12,3,3,100000,{OFT},E8.5-85,24.0,Small
All,1,111111,"{AB, AVC, Atria, LV, OFT, RV}",100000,{OFT},12,3,3,100000,{OFT},E8.5-128,54.0,Large
All,1,111111,"{AB, AVC, Atria, LV, OFT, RV}",100000,{OFT},12,3,3,100000,{OFT},E8.5-171,3.0,Small
All,1,111111,"{AB, AVC, Atria, LV, OFT, RV}",100000,{OFT},12,3,3,100000,{OFT},E8.5-236,5.0,Small
All,1,111111,"{AB, AVC, Atria, LV, OFT, RV}",100000,{OFT},12,3,3,100000,{OFT},E8.5-17,6.0,Small
All,1,111111,"{AB, AVC, Atria, LV, OFT, RV}",100000,{OFT},12,3,3,100000,{OFT},E8.5-199,6.0,Small
All,1,111111,"{AB, AVC, Atria, LV, OFT, RV}",100000,{OFT},12,3,3,100000,{OFT},E8.5-78,6.0,Small
All,1,111111,"{AB, AVC, Atria, LV, OFT, RV}",100000,{OFT},12,3,3,100000,{OFT},E8.5-220,7.0,Small
All,1,111111,"{AB, AVC, Atria, LV, OFT, RV}",100000,{OFT},12,3,3,100000,{OFT},E8.5-10,10.0,Small
All,1,111111,"{AB, AVC, Atria, LV, OFT, RV}",100000,{OFT},13,4,0,111111,"{AB, AVC, Atria, LV, OFT, RV}",E8.5-2,82.0,Large
All,1,111111,"{AB, AVC, Atria, LV, OFT, RV}",100000,{OFT},13,4,0,111111,"{AB, AVC, Atria, LV, OFT, RV}",E8.5-170,142.0,
All,1,111111,"{AB, AVC, Atria, LV, OFT, RV}",100000,{OFT},13,4,0,111111,"{AB, AVC, Atria, LV, OFT, RV}",E8.5-198,57.0,Large
All,1,111111,"{AB, AVC, Atria, LV, OFT, RV}",100000,{OFT},13,4,0,111111,"{AB, AVC, Atria, LV, OFT, RV}",E8.5-14,32.0,Large
All,1,111111,"{AB, AVC, Atria, LV, OFT, RV}",100000,{OFT},13,4,0,111111,"{AB, AVC, Atria, LV, OFT, RV}",E8.5-155,6.0,Small
All,1,111111,"{AB, AVC, Atria, LV, OFT, RV}",100000,{OFT},13,4,0,111111,"{AB, AVC, Atria, LV, OFT, RV}",E8.5-35,17.0,Small
All,1,111111,"{AB, AVC, Atria, LV, OFT, RV}",100000,{OFT},13,4,0,111111,"{AB, AVC, Atria, LV, OFT, RV}",E8.5-44,37.0,Large
All,1,111111,"{AB, AVC, Atria, LV, OFT, RV}",100000,{OFT},13,4,0,111111,"{AB, AVC, Atria, LV, OFT, RV}",E8.5-171,3.0,Small
All,1,111111,"{AB, AVC, Atria, LV, OFT, RV}",100000,{OFT},13,4,0,111111,"{AB, AVC, Atria, LV, OFT, RV}",E8.5-236,5.0,Small
All,1,111111,"{AB, AVC, Atria, LV, OFT, RV}",100000,{OFT},13,4,0,111111,"{AB, AVC, Atria, LV, OFT, RV}",E8.5-17,6.0,Small
All,1,111111,"{AB, AVC, Atria, LV, OFT, RV}",100000,{OFT},13,4,0,111111,"{AB, AVC, Atria, LV, OFT, RV}",E8.5-199,6.0,Small
All,1,111111,"{AB, AVC, Atria, LV, OFT, RV}",100000,{OFT},13,4,0,111111,"{AB, AVC, Atria, LV, OFT, RV}",E8.5-78,6.0,Small
All,1,111111,"{AB, AVC, Atria, LV, OFT, RV}",100000,{OFT},13,4,0,111111,"{AB, AVC, Atria, LV, OFT, RV}",E8.5-220,7.0,Small
All,1,111111,"{AB, AVC, Atria, LV, OFT, RV}",100000,{OFT},13,4,0,111111,"{AB, AVC, Atria, LV, OFT, RV}",E8.5-10,10.0,Small
All,1,111111,"{AB, AVC, Atria, LV, OFT, RV}",100000,{OFT},13,4,1,111001,"{Atria, LV, OFT, RV}",E8.5-2,82.0,Large
All,1,111111,"{AB, AVC, Atria, LV, OFT, RV}",100000,{OFT},13,4,1,111001,"{Atria, LV, OFT, RV}",E8.5-170,142.0,
All,1,111111,"{AB, AVC, Atria, LV, OFT, RV}",100000,{OFT},13,4,1,111001,"{Atria, LV, OFT, RV}",E8.5-198,57.0,Large
All,1,111111,"{AB, AVC, Atria, LV, OFT, RV}",100000,{OFT},13,4,1,111001,"{Atria, LV, OFT, RV}",E8.5-14,32.0,Large
All,1,111111,"{AB, AVC, Atria, LV, OFT, RV}",100000,{OFT},13,4,1,111001,"{Atria, LV, OFT, RV}",E8.5-155,6.0,Small
All,1,111111,"{AB, AVC, Atria, LV, OFT, RV}",100000,{OFT},13,4,1,111001,"{Atria, LV, OFT, RV}",E8.5-35,17.0,Small
All,1,111111,"{AB, AVC, Atria, LV, OFT, RV}",100000,{OFT},13,4,1,111001,"{Atria, LV, OFT, RV}",E8.5-44,37.0,Large
All,1,111111,"{AB, AVC, Atria, LV, OFT, RV}",100000,{OFT},13,4,1,111001,"{Atria, LV, OFT, RV}",E8.5-171,3.0,Small
All,1,111111,"{AB, AVC, Atria, LV, OFT, RV}",100000,{OFT},13,4,1,111001,"{Atria, LV, OFT, RV}",E8.5-236,5.0,Small
All,1,111111,"{AB, AVC, Atria, LV, OFT, RV}",100000,{OFT},13,4,1,111001,"{Atria, LV, OFT, RV}",E8.5-17,6.0,Small
All,1,111111,"{AB, AVC, Atria, LV, OFT, RV}",100000,{OFT},13,4,1,111001,"{Atria, LV, OFT, RV}",E8.5-199,6.0,Small
All,1,111111,"{AB, AVC, Atria, LV, OFT, RV}",100000,{OFT},13,4,1,111001,"{Atria, LV, OFT, RV}",E8.5-78,6.0,Small
All,1,111111,"{AB, AVC, Atria, LV, OFT, RV}",100000,{OFT},13,4,1,111001,"{Atria, LV, OFT, RV}",E8.5-220,7.0,Small
All,1,111111,"{AB, AVC, Atria, LV, OFT, RV}",100000,{OFT},13,4,1,111001,"{Atria, LV, OFT, RV}",E8.5-10,10.0,Small
All,1,111111,"{AB, AVC, Atria, LV, OFT, RV}",100000,{OFT},13,4,2,110001,"{Atria, OFT, RV}",E8.5-2,82.0,Large
All,1,111111,"{AB, AVC, Atria, LV, OFT, RV}",100000,{OFT},13,4,2,110001,"{Atria, OFT, RV}",E8.5-170,142.0,
All,1,111111,"{AB, AVC, Atria, LV, OFT, RV}",100000,{OFT},13,4,2,110001,"{Atria, OFT, RV}",E8.5-198,57.0,Large
All,1,111111,"{AB, AVC, Atria, LV, OFT, RV}",100000,{OFT},13,4,2,110001,"{Atria, OFT, RV}",E8.5-14,32.0,Large
All,1,111111,"{AB, AVC, Atria, LV, OFT, RV}",100000,{OFT},13,4,2,110001,"{Atria, OFT, RV}",E8.5-155,6.0,Small
All,1,111111,"{AB, AVC, Atria, LV, OFT, RV}",100000,{OFT},13,4,2,110001,"{Atria, OFT, RV}",E8.5-35,17.0,Small
All,1,111111,"{AB, AVC, Atria, LV, OFT, RV}",100000,{OFT},13,4,2,110001,"{Atria, OFT, RV}",E8.5-44,37.0,Large
All,1,111111,"{AB, AVC, Atria, LV, OFT, RV}",100000,{OFT},13,4,2,110001,"{Atria, OFT, RV}",E8.5-171,3.0,Small
All,1,111111,"{AB, AVC, Atria, LV, OFT, RV}",100000,{OFT},13,4,2,110001,"{Atria, OFT, RV}",E8.5-236,5.0,Small
All,1,111111,"{AB, AVC, Atria, LV, OFT, RV}",100000,{OFT},13,4,2,110001,"{Atria, OFT, RV}",E8.5-17,6.0,Small
All,1,111111,"{AB, AVC, Atria, LV, OFT, RV}",100000,{OFT},13,4,2,110001,"{Atria, OFT, RV}",E8.5-199,6.0,Small
All,1,111111,"{AB, AVC, Atria, LV, OFT, RV}",100000,{OFT},13,4,2,110001,"{Atria, OFT, RV}",E8.5-78,6.0,Small
All,1,111111,"{AB, AVC, Atria, LV, OFT, RV}",100000,{OFT},13,4,2,110001,"{Atria, OFT, RV}",E8.5-220,7.0,Small
All,1,111111,"{AB, AVC, Atria, LV, OFT, RV}",100000,{OFT},13,4,2,110001,"{Atria, OFT, RV}",E8.5-10,10.0,Small
All,1,111111,"{AB, AVC, Atria, LV, OFT, RV}",100000,{OFT},13,4,3,100001,"{Atria, OFT}",E8.5-2,82.0,Large
All,1,111111,"{AB, AVC, Atria, LV, OFT, RV}",100000,{OFT},13,4,3,100001,"{Atria, OFT}",E8.5-170,142.0,
All,1,111111,"{AB, AVC, Atria, LV, OFT, RV}",100000,{OFT},13,4,3,100001,"{Atria, OFT}",E8.5-198,57.0,Large
All,1,111111,"{AB, AVC, Atria, LV, OFT, RV}",100000,{OFT},13,4,3,100001,"{Atria, OFT}",E8.5-14,32.0,Large
All,1,111111,"{AB, AVC, Atria, LV, OFT, RV}",100000,{OFT},13,4,3,100001,"{Atria, OFT}",E8.5-155,6.0,Small
All,1,111111,"{AB, AVC, Atria, LV, OFT, RV}",100000,{OFT},13,4,3,100001,"{Atria, OFT}",E8.5-35,17.0,Small
All,1,111111,"{AB, AVC, Atria, LV, OFT, RV}",100000,{OFT},13,4,3,100001,"{Atria, OFT}",E8.5-44,37.0,Large
All,1,111111,"{AB, AVC, Atria, LV, OFT, RV}",100000,{OFT},13,4,3,100001,"{Atria, OFT}",E8.5-171,3.0,Small
All,1,111111,"{AB, AVC, Atria, LV, OFT, RV}",100000,{OFT},13,4,3,100001,"{Atria, OFT}",E8.5-236,5.0,Small
All,1,111111,"{AB, AVC, Atria, LV, OFT, RV}",100000,{OFT},13,4,3,100001,"{Atria, OFT}",E8.5-17,6.0,Small
All,1,111111,"{AB, AVC, Atria, LV, OFT, RV}",100000,{OFT},13,4,3,100001,"{Atria, OFT}",E8.5-199,6.0,Small
All,1,111111,"{AB, AVC, Atria, LV, OFT, RV}",100000,{OFT},13,4,3,100001,"{Atria, OFT}",E8.5-78,6.0,Small
All,1,111111,"{AB, AVC, Atria, LV, OFT, RV}",100000,{OFT},13,4,3,100001,"{Atria, OFT}",E8.5-220,7.0,Small
All,1,111111,"{AB, AVC, Atria, LV, OFT, RV}",100000,{OFT},13,4,3,100001,"{Atria, OFT}",E8.5-10,10.0,Small
All,1,111111,"{AB, AVC, Atria, LV, OFT, RV}",100000,{OFT},13,4,4,100000,{OFT},E8.5-2,82.0,Large
All,1,111111,"{AB, AVC, Atria, LV, OFT, RV}",100000,{OFT},13,4,4,100000,{OFT},E8.5-170,142.0,
All,1,111111,"{AB, AVC, Atria, LV, OFT, RV}",100000,{OFT},13,4,4,100000,{OFT},E8.5-198,57.0,Large
All,1,111111,"{AB, AVC, Atria, LV, OFT, RV}",100000,{OFT},13,4,4,100000,{OFT},E8.5-14,32.0,Large
All,1,111111,"{AB, AVC, Atria, LV, OFT, RV}",100000,{OFT},13,4,4,100000,{OFT},E8.5-155,6.0,Small
All,1,111111,"{AB, AVC, Atria, LV, OFT, RV}",100000,{OFT},13,4,4,100000,{OFT},E8.5-35,17.0,Small
All,1,111111,"{AB, AVC, Atria, LV, OFT, RV}",100000,{OFT},13,4,4,100000,{OFT},E8.5-44,37.0,Large
All,1,111111,"{AB, AVC, Atria, LV, OFT, RV}",100000,{OFT},13,4,4,100000,{OFT},E8.5-171,3.0,Small
All,1,111111,"{AB, AVC, Atria, LV, OFT, RV}",100000,{OFT},13,4,4,100000,{OFT},E8.5-236,5.0,Small
All,1,111111,"{AB, AVC, Atria, LV, OFT, RV}",100000,{OFT},13,4,4,100000,{OFT},E8.5-17,6.0,Small
All,1,111111,"{AB, AVC, Atria, LV, OFT, RV}",100000,{OFT},13,4,4,100000,{OFT},E8.5-199,6.0,Small
All,1,111111,"{AB, AVC, Atria, LV, OFT, RV}",100000,{OFT},13,4,4,100000,{OFT},E8.5-78,6.0,Small
All,1,111111,"{AB, AVC, Atria, LV, OFT, RV}",100000,{OFT},13,4,4,100000,{OFT},E8.5-220,7.0,Small
All,1,111111,"{AB, AVC, Atria, LV, OFT, RV}",100000,{OFT},13,4,4,100000,{OFT},E8.5-10,10.0,Small
All,1,111111,"{AB, AVC, Atria, LV, OFT, RV}",100000,{OFT},14,4,0,111111,"{AB, AVC, Atria, LV, OFT, RV}",E8.5-2,82.0,Large
All,1,111111,"{AB, AVC, Atria, LV, OFT, RV}",100000,{OFT},14,4,0,111111,"{AB, AVC, Atria, LV, OFT, RV}",E8.5-170,142.0,
All,1,111111,"{AB, AVC, Atria, LV, OFT, RV}",100000,{OFT},14,4,0,111111,"{AB, AVC, Atria, LV, OFT, RV}",E8.5-198,57.0,Large
All,1,111111,"{AB, AVC, Atria, LV, OFT, RV}",100000,{OFT},14,4,0,111111,"{AB, AVC, Atria, LV, OFT, RV}",E8.5-14,32.0,Large
All,1,111111,"{AB, AVC, Atria, LV, OFT, RV}",100000,{OFT},14,4,0,111111,"{AB, AVC, Atria, LV, OFT, RV}",E8.5-43,7.0,Small
All,1,111111,"{AB, AVC, Atria, LV, OFT, RV}",100000,{OFT},14,4,0,111111,"{AB, AVC, Atria, LV, OFT, RV}",E8.5-165,11.0,Small
All,1,111111,"{AB, AVC, Atria, LV, OFT, RV}",100000,{OFT},14,4,0,111111,"{AB, AVC, Atria, LV, OFT, RV}",E8.5-13,13.0,Small
All,1,111111,"{AB, AVC, Atria, LV, OFT, RV}",100000,{OFT},14,4,0,111111,"{AB, AVC, Atria, LV, OFT, RV}",E8.5-145,13.0,Small
All,1,111111,"{AB, AVC, Atria, LV, OFT, RV}",100000,{OFT},14,4,0,111111,"{AB, AVC, Atria, LV, OFT, RV}",E8.5-185,18.0,Small
All,1,111111,"{AB, AVC, Atria, LV, OFT, RV}",100000,{OFT},14,4,0,111111,"{AB, AVC, Atria, LV, OFT, RV}",E8.5-163,19.0,Small
All,1,111111,"{AB, AVC, Atria, LV, OFT, RV}",100000,{OFT},14,4,0,111111,"{AB, AVC, Atria, LV, OFT, RV}",E8.5-184,20.0,Small
All,1,111111,"{AB, AVC, Atria, LV, OFT, RV}",100000,{OFT},14,4,0,111111,"{AB, AVC, Atria, LV, OFT, RV}",E8.5-4,20.0,Small
All,1,111111,"{AB, AVC, Atria, LV, OFT, RV}",100000,{OFT},14,4,0,111111,"{AB, AVC, Atria, LV, OFT, RV}",E8.5-85,24.0,Small
All,1,111111,"{AB, AVC, Atria, LV, OFT, RV}",100000,{OFT},14,4,0,111111,"{AB, AVC, Atria, LV, OFT, RV}",E8.5-128,54.0,Large
All,1,111111,"{AB, AVC, Atria, LV, OFT, RV}",100000,{OFT},14,4,0,111111,"{AB, AVC, Atria, LV, OFT, RV}",E8.5-171,3.0,Small
All,1,111111,"{AB, AVC, Atria, LV, OFT, RV}",100000,{OFT},14,4,0,111111,"{AB, AVC, Atria, LV, OFT, RV}",E8.5-236,5.0,Small
All,1,111111,"{AB, AVC, Atria, LV, OFT, RV}",100000,{OFT},14,4,0,111111,"{AB, AVC, Atria, LV, OFT, RV}",E8.5-17,6.0,Small
All,1,111111,"{AB, AVC, Atria, LV, OFT, RV}",100000,{OFT},14,4,0,111111,"{AB, AVC, Atria, LV, OFT, RV}",E8.5-199,6.0,Small
All,1,111111,"{AB, AVC, Atria, LV, OFT, RV}",100000,{OFT},14,4,0,111111,"{AB, AVC, Atria, LV, OFT, RV}",E8.5-78,6.0,Small
All,1,111111,"{AB, AVC, Atria, LV, OFT, RV}",100000,{OFT},14,4,0,111111,"{AB, AVC, Atria, LV, OFT, RV}",E8.5-220,7.0,Small
All,1,111111,"{AB, AVC, Atria, LV, OFT, RV}",100000,{OFT},14,4,0,111111,"{AB, AVC, Atria, LV, OFT, RV}",E8.5-10,10.0,Small
All,1,111111,"{AB, AVC, Atria, LV, OFT, RV}",100000,{OFT},14,4,1,111001,"{Atria, LV, OFT, RV}",E8.5-2,82.0,Large
All,1,111111,"{AB, AVC, Atria, LV, OFT, RV}",100000,{OFT},14,4,1,111001,"{Atria, LV, OFT, RV}",E8.5-170,142.0,
All,1,111111,"{AB, AVC, Atria, LV, OFT, RV}",100000,{OFT},14,4,1,111001,"{Atria, LV, OFT, RV}",E8.5-198,57.0,Large
All,1,111111,"{AB, AVC, Atria, LV, OFT, RV}",100000,{OFT},14,4,1,111001,"{Atria, LV, OFT, RV}",E8.5-14,32.0,Large
All,1,111111,"{AB, AVC, Atria, LV, OFT, RV}",100000,{OFT},14,4,1,111001,"{Atria, LV, OFT, RV}",E8.5-43,7.0,Small
All,1,111111,"{AB, AVC, Atria, LV, OFT, RV}",100000,{OFT},14,4,1,111001,"{Atria, LV, OFT, RV}",E8.5-165,11.0,Small
All,1,111111,"{AB, AVC, Atria, LV, OFT, RV}",100000,{OFT},14,4,1,111001,"{Atria, LV, OFT, RV}",E8.5-13,13.0,Small
All,1,111111,"{AB, AVC, Atria, LV, OFT, RV}",100000,{OFT},14,4,1,111001,"{Atria, LV, OFT, RV}",E8.5-145,13.0,Small
All,1,111111,"{AB, AVC, Atria, LV, OFT, RV}",100000,{OFT},14,4,1,111001,"{Atria, LV, OFT, RV}",E8.5-185,18.0,Small
All,1,111111,"{AB, AVC, Atria, LV, OFT, RV}",100000,{OFT},14,4,1,111001,"{Atria, LV, OFT, RV}",E8.5-163,19.0,Small
All,1,111111,"{AB, AVC, Atria, LV, OFT, RV}",100000,{OFT},14,4,1,111001,"{Atria, LV, OFT, RV}",E8.5-184,20.0,Small
All,1,111111,"{AB, AVC, Atria, LV, OFT, RV}",100000,{OFT},14,4,1,111001,"{Atria, LV, OFT, RV}",E8.5-4,20.0,Small
All,1,111111,"{AB, AVC, Atria, LV, OFT, RV}",100000,{OFT},14,4,1,111001,"{Atria, LV, OFT, RV}",E8.5-85,24.0,Small
All,1,111111,"{AB, AVC, Atria, LV, OFT, RV}",100000,{OFT},14,4,1,111001,"{Atria, LV, OFT, RV}",E8.5-128,54.0,Large
All,1,111111,"{AB, AVC, Atria, LV, OFT, RV}",100000,{OFT},14,4,1,111001,"{Atria, LV, OFT, RV}",E8.5-171,3.0,Small
All,1,111111,"{AB, AVC, Atria, LV, OFT, RV}",100000,{OFT},14,4,1,111001,"{Atria, LV, OFT, RV}",E8.5-236,5.0,Small
All,1,111111,"{AB, AVC, Atria, LV, OFT, RV}",100000,{OFT},14,4,1,111001,"{Atria, LV, OFT, RV}",E8.5-17,6.0,Small
All,1,111111,"{AB, AVC, Atria, LV, OFT, RV}",100000,{OFT},14,4,1,111001,"{Atria, LV, OFT, RV}",E8.5-199,6.0,Small
All,1,111111,"{AB, AVC, Atria, LV, OFT, RV}",100000,{OFT},14,4,1,111001,"{Atria, LV, OFT, RV}",E8.5-78,6.0,Small
All,1,111111,"{AB, AVC, Atria, LV, OFT, RV}",100000,{OFT},14,4,1,111001,"{Atria, LV, OFT, RV}",E8.5-220,7.0,Small
All,1,111111,"{AB, AVC, Atria, LV, OFT, RV}",100000,{OFT},14,4,1,111001,"{Atria, LV, OFT, RV}",E8.5-10,10.0,Small
All,1,111111,"{AB, AVC, Atria, LV, OFT, RV}",100000,{OFT},14,4,2,110001,"{Atria, OFT, RV}",E8.5-2,82.0,Large
All,1,111111,"{AB, AVC, Atria, LV, OFT, RV}",100000,{OFT},14,4,2,110001,"{Atria, OFT, RV}",E8.5-170,142.0,
All,1,111111,"{AB, AVC, Atria, LV, OFT, RV}",100000,{OFT},14,4,2,110001,"{Atria, OFT, RV}",E8.5-198,57.0,Large
All,1,111111,"{AB, AVC, Atria, LV, OFT, RV}",100000,{OFT},14,4,2,110001,"{Atria, OFT, RV}",E8.5-14,32.0,Large
All,1,111111,"{AB, AVC, Atria, LV, OFT, RV}",100000,{OFT},14,4,2,110001,"{Atria, OFT, RV}",E8.5-43,7.0,Small
All,1,111111,"{AB, AVC, Atria, LV, OFT, RV}",100000,{OFT},14,4,2,110001,"{Atria, OFT, RV}",E8.5-165,11.0,Small
All,1,111111,"{AB, AVC, Atria, LV, OFT, RV}",100000,{OFT},14,4,2,110001,"{Atria, OFT, RV}",E8.5-13,13.0,Small
All,1,111111,"{AB, AVC, Atria, LV, OFT, RV}",100000,{OFT},14,4,2,110001,"{Atria, OFT, RV}",E8.5-145,13.0,Small
All,1,111111,"{AB, AVC, Atria, LV, OFT, RV}",100000,{OFT},14,4,2,110001,"{Atria, OFT, RV}",E8.5-185,18.0,Small
All,1,111111,"{AB, AVC, Atria, LV, OFT, RV}",100000,{OFT},14,4,2,110001,"{Atria, OFT, RV}",E8.5-163,19.0,Small
All,1,111111,"{AB, AVC, Atria, LV, OFT, RV}",100000,{OFT},14,4,2,110001,"{Atria, OFT, RV}",E8.5-184,20.0,Small
All,1,111111,"{AB, AVC, Atria, LV, OFT, RV}",100000,{OFT},14,4,2,110001,"{Atria, OFT, RV}",E8.5-4,20.0,Small
All,1,111111,"{AB, AVC, Atria, LV, OFT, RV}",100000,{OFT},14,4,2,110001,"{Atria, OFT, RV}",E8.5-85,24.0,Small
All,1,111111,"{AB, AVC, Atria, LV, OFT, RV}",100000,{OFT},14,4,2,110001,"{Atria, OFT, RV}",E8.5-128,54.0,Large
All,1,111111,"{AB, AVC, Atria, LV, OFT, RV}",100000,{OFT},14,4,2,110001,"{Atria, OFT, RV}",E8.5-171,3.0,Small
All,1,111111,"{AB, AVC, Atria, LV, OFT, RV}",100000,{OFT},14,4,2,110001,"{Atria, OFT, RV}",E8.5-236,5.0,Small
All,1,111111,"{AB, AVC, Atria, LV, OFT, RV}",100000,{OFT},14,4,2,110001,"{Atria, OFT, RV}",E8.5-17,6.0,Small
All,1,111111,"{AB, AVC, Atria, LV, OFT, RV}",100000,{OFT},14,4,2,110001,"{Atria, OFT, RV}",E8.5-199,6.0,Small
All,1,111111,"{AB, AVC, Atria, LV, OFT, RV}",100000,{OFT},14,4,2,110001,"{Atria, OFT, RV}",E8.5-78,6.0,Small
All,1,111111,"{AB, AVC, Atria, LV, OFT, RV}",100000,{OFT},14,4,2,110001,"{Atria, OFT, RV}",E8.5-220,7.0,Small
All,1,111111,"{AB, AVC, Atria, LV, OFT, RV}",100000,{OFT},14,4,2,110001,"{Atria, OFT, RV}",E8.5-10,10.0,Small
All,1,111111,"{AB, AVC, Atria, LV, OFT, RV}",100000,{OFT},14,4,3,110000,"{OFT, RV}",E8.5-2,82.0,Large
All,1,111111,"{AB, AVC, Atria, LV, OFT, RV}",100000,{OFT},14,4,3,110000,"{OFT, RV}",E8.5-170,142.0,
All,1,111111,"{AB, AVC, Atria, LV, OFT, RV}",100000,{OFT},14,4,3,110000,"{OFT, RV}",E8.5-198,57.0,Large
All,1,111111,"{AB, AVC, Atria, LV, OFT, RV}",100000,{OFT},14,4,3,110000,"{OFT, RV}",E8.5-14,32.0,Large
All,1,111111,"{AB, AVC, Atria, LV, OFT, RV}",100000,{OFT},14,4,3,110000,"{OFT, RV}",E8.5-43,7.0,Small
All,1,111111,"{AB, AVC, Atria, LV, OFT, RV}",100000,{OFT},14,4,3,110000,"{OFT, RV}",E8.5-165,11.0,Small
All,1,111111,"{AB, AVC, Atria, LV, OFT, RV}",100000,{OFT},14,4,3,110000,"{OFT, RV}",E8.5-13,13.0,Small
All,1,111111,"{AB, AVC, Atria, LV, OFT, RV}",100000,{OFT},14,4,3,110000,"{OFT, RV}",E8.5-145,13.0,Small
All,1,111111,"{AB, AVC, Atria, LV, OFT, RV}",100000,{OFT},14,4,3,110000,"{OFT, RV}",E8.5-185,18.0,Small
All,1,111111,"{AB, AVC, Atria, LV, OFT, RV}",100000,{OFT},14,4,3,110000,"{OFT, RV}",E8.5-163,19.0,Small
All,1,111111,"{AB, AVC, Atria, LV, OFT, RV}",100000,{OFT},14,4,3,110000,"{OFT, RV}",E8.5-184,20.0,Small
All,1,111111,"{AB, AVC, Atria, LV, OFT, RV}",100000,{OFT},14,4,3,110000,"{OFT, RV}",E8.5-4,20.0,Small
All,1,111111,"{AB, AVC, Atria, LV, OFT, RV}",100000,{OFT},14,4,3,110000,"{OFT, RV}",E8.5-85,24.0,Small
All,1,111111,"{AB, AVC, Atria, LV, OFT, RV}",100000,{OFT},14,4,3,110000,"{OFT, RV}",E8.5-128,54.0,Large
All,1,111111,"{AB, AVC, Atria, LV, OFT, RV}",100000,{OFT},14,4,3,110000,"{OFT, RV}",E8.5-171,3.0,Small
All,1,111111,"{AB, AVC, Atria, LV, OFT, RV}",100000,{OFT},14,4,3,110000,"{OFT, RV}",E8.5-236,5.0,Small
All,1,111111,"{AB, AVC, Atria, LV, OFT, RV}",100000,{OFT},14,4,3,110000,"{OFT, RV}",E8.5-17,6.0,Small
All,1,111111,"{AB, AVC, Atria, LV, OFT, RV}",100000,{OFT},14,4,3,110000,"{OFT, RV}",E8.5-199,6.0,Small
All,1,111111,"{AB, AVC, Atria, LV, OFT, RV}",100000,{OFT},14,4,3,110000,"{OFT, RV}",E8.5-78,6.0,Small
All,1,111111,"{AB, AVC, Atria, LV, OFT, RV}",100000,{OFT},14,4,3,110000,"{OFT, RV}",E8.5-220,7.0,Small
All,1,111111,"{AB, AVC, Atria, LV, OFT, RV}",100000,{OFT},14,4,3,110000,"{OFT, RV}",E8.5-10,10.0,Small
All,1,111111,"{AB, AVC, Atria, LV, OFT, RV}",100000,{OFT},14,4,4,100000,{OFT},E8.5-2,82.0,Large
All,1,111111,"{AB, AVC, Atria, LV, OFT, RV}",100000,{OFT},14,4,4,100000,{OFT},E8.5-170,142.0,
All,1,111111,"{AB, AVC, Atria, LV, OFT, RV}",100000,{OFT},14,4,4,100000,{OFT},E8.5-198,57.0,Large
All,1,111111,"{AB, AVC, Atria, LV, OFT, RV}",100000,{OFT},14,4,4,100000,{OFT},E8.5-14,32.0,Large
All,1,111111,"{AB, AVC, Atria, LV, OFT, RV}",100000,{OFT},14,4,4,100000,{OFT},E8.5-43,7.0,Small
All,1,111111,"{AB, AVC, Atria, LV, OFT, RV}",100000,{OFT},14,4,4,100000,{OFT},E8.5-165,11.0,Small
All,1,111111,"{AB, AVC, Atria, LV, OFT, RV}",100000,{OFT},14,4,4,100000,{OFT},E8.5-13,13.0,Small
All,1,111111,"{AB, AVC, Atria, LV, OFT, RV}",100000,{OFT},14,4,4,100000,{OFT},E8.5-145,13.0,Small
All,1,111111,"{AB, AVC, Atria, LV, OFT, RV}",100000,{OFT},14,4,4,100000,{OFT},E8.5-185,18.0,Small
All,1,111111,"{AB, AVC, Atria, LV, OFT, RV}",100000,{OFT},14,4,4,100000,{OFT},E8.5-163,19.0,Small
All,1,111111,"{AB, AVC, Atria, LV, OFT, RV}",100000,{OFT},14,4,4,100000,{OFT},E8.5-184,20.0,Small
All,1,111111,"{AB, AVC, Atria, LV, OFT, RV}",100000,{OFT},14,4,4,100000,{OFT},E8.5-4,20.0,Small
All,1,111111,"{AB, AVC, Atria, LV, OFT, RV}",100000,{OFT},14,4,4,100000,{OFT},E8.5-85,24.0,Small
All,1,111111,"{AB, AVC, Atria, LV, OFT, RV}",100000,{OFT},14,4,4,100000,{OFT},E8.5-128,54.0,Large
All,1,111111,"{AB, AVC, Atria, LV, OFT, RV}",100000,{OFT},14,4,4,100000,{OFT},E8.5-171,3.0,Small
All,1,111111,"{AB, AVC, Atria, LV, OFT, RV}",100000,{OFT},14,4,4,100000,{OFT},E8.5-236,5.0,Small
All,1,111111,"{AB, AVC, Atria, LV, OFT, RV}",100000,{OFT},14,4,4,100000,{OFT},E8.5-17,6.0,Small
All,1,111111,"{AB, AVC, Atria, LV, OFT, RV}",100000,{OFT},14,4,4,100000,{OFT},E8.5-199,6.0,Small
All,1,111111,"{AB, AVC, Atria, LV, OFT, RV}",100000,{OFT},14,4,4,100000,{OFT},E8.5-78,6.0,Small
All,1,111111,"{AB, AVC, Atria, LV, OFT, RV}",100000,{OFT},14,4,4,100000,{OFT},E8.5-220,7.0,Small
All,1,111111,"{AB, AVC, Atria, LV, OFT, RV}",100000,{OFT},14,4,4,100000,{OFT},E8.5-10,10.0,Small
All,1,111111,"{AB, AVC, Atria, LV, OFT, RV}",100000,{OFT},15,3,0,111111,"{AB, AVC, Atria, LV, OFT, RV}",E8.5-2,82.0,Large
All,1,111111,"{AB, AVC, Atria, LV, OFT, RV}",100000,{OFT},15,3,0,111111,"{AB, AVC, Atria, LV, OFT, RV}",E8.5-170,142.0,
All,1,111111,"{AB, AVC, Atria, LV, OFT, RV}",100000,{OFT},15,3,0,111111,"{AB, AVC, Atria, LV, OFT, RV}",E8.5-198,57.0,Large
All,1,111111,"{AB, AVC, Atria, LV, OFT, RV}",100000,{OFT},15,3,0,111111,"{AB, AVC, Atria, LV, OFT, RV}",E8.5-14,32.0,Large
All,1,111111,"{AB, AVC, Atria, LV, OFT, RV}",100000,{OFT},15,3,0,111111,"{AB, AVC, Atria, LV, OFT, RV}",E8.5-171,3.0,Small
All,1,111111,"{AB, AVC, Atria, LV, OFT, RV}",100000,{OFT},15,3,0,111111,"{AB, AVC, Atria, LV, OFT, RV}",E8.5-236,5.0,Small
All,1,111111,"{AB, AVC, Atria, LV, OFT, RV}",100000,{OFT},15,3,0,111111,"{AB, AVC, Atria, LV, OFT, RV}",E8.5-17,6.0,Small
All,1,111111,"{AB, AVC, Atria, LV, OFT, RV}",100000,{OFT},15,3,0,111111,"{AB, AVC, Atria, LV, OFT, RV}",E8.5-199,6.0,Small
All,1,111111,"{AB, AVC, Atria, LV, OFT, RV}",100000,{OFT},15,3,0,111111,"{AB, AVC, Atria, LV, OFT, RV}",E8.5-78,6.0,Small
All,1,111111,"{AB, AVC, Atria, LV, OFT, RV}",100000,{OFT},15,3,0,111111,"{AB, AVC, Atria, LV, OFT, RV}",E8.5-220,7.0,Small
All,1,111111,"{AB, AVC, Atria, LV, OFT, RV}",100000,{OFT},15,3,0,111111,"{AB, AVC, Atria, LV, OFT, RV}",E8.5-10,10.0,Small
All,1,111111,"{AB, AVC, Atria, LV, OFT, RV}",100000,{OFT},15,3,1,111001,"{Atria, LV, OFT, RV}",E8.5-2,82.0,Large
All,1,111111,"{AB, AVC, Atria, LV, OFT, RV}",100000,{OFT},15,3,1,111001,"{Atria, LV, OFT, RV}",E8.5-170,142.0,
All,1,111111,"{AB, AVC, Atria, LV, OFT, RV}",100000,{OFT},15,3,1,111001,"{Atria, LV, OFT, RV}",E8.5-198,57.0,Large
All,1,111111,"{AB, AVC, Atria, LV, OFT, RV}",100000,{OFT},15,3,1,111001,"{Atria, LV, OFT, RV}",E8.5-14,32.0,Large
All,1,111111,"{AB, AVC, Atria, LV, OFT, RV}",100000,{OFT},15,3,1,111001,"{Atria, LV, OFT, RV}",E8.5-171,3.0,Small
All,1,111111,"{AB, AVC, Atria, LV, OFT, RV}",100000,{OFT},15,3,1,111001,"{Atria, LV, OFT, RV}",E8.5-236,5.0,Small
All,1,111111,"{AB, AVC, Atria, LV, OFT, RV}",100000,{OFT},15,3,1,111001,"{Atria, LV, OFT, RV}",E8.5-17,6.0,Small
All,1,111111,"{AB, AVC, Atria, LV, OFT, RV}",100000,{OFT},15,3,1,111001,"{Atria, LV, OFT, RV}",E8.5-199,6.0,Small
All,1,111111,"{AB, AVC, Atria, LV, OFT, RV}",100000,{OFT},15,3,1,111001,"{Atria, LV, OFT, RV}",E8.5-78,6.0,Small
All,1,111111,"{AB, AVC, Atria, LV, OFT, RV}",100000,{OFT},15,3,1,111001,"{Atria, LV, OFT, RV}",E8.5-220,7.0,Small
All,1,111111,"{AB, AVC, Atria, LV, OFT, RV}",100000,{OFT},15,3,1,111001,"{Atria, LV, OFT, RV}",E8.5-10,10.0,Small
All,1,111111,"{AB, AVC, Atria, LV, OFT, RV}",100000,{OFT},15,3,2,110001,"{Atria, OFT, RV}",E8.5-2,82.0,Large
All,1,111111,"{AB, AVC, Atria, LV, OFT, RV}",100000,{OFT},15,3,2,110001,"{Atria, OFT, RV}",E8.5-170,142.0,
All,1,111111,"{AB, AVC, Atria, LV, OFT, RV}",100000,{OFT},15,3,2,110001,"{Atria, OFT, RV}",E8.5-198,57.0,Large
All,1,111111,"{AB, AVC, Atria, LV, OFT, RV}",100000,{OFT},15,3,2,110001,"{Atria, OFT, RV}",E8.5-14,32.0,Large
All,1,111111,"{AB, AVC, Atria, LV, OFT, RV}",100000,{OFT},15,3,2,110001,"{Atria, OFT, RV}",E8.5-171,3.0,Small
All,1,111111,"{AB, AVC, Atria, LV, OFT, RV}",100000,{OFT},15,3,2,110001,"{Atria, OFT, RV}",E8.5-236,5.0,Small
All,1,111111,"{AB, AVC, Atria, LV, OFT, RV}",100000,{OFT},15,3,2,110001,"{Atria, OFT, RV}",E8.5-17,6.0,Small
All,1,111111,"{AB, AVC, Atria, LV, OFT, RV}",100000,{OFT},15,3,2,110001,"{Atria, OFT, RV}",E8.5-199,6.0,Small
All,1,111111,"{AB, AVC, Atria, LV, OFT, RV}",100000,{OFT},15,3,2,110001,"{Atria, OFT, RV}",E8.5-78,6.0,Small
All,1,111111,"{AB, AVC, Atria, LV, OFT, RV}",100000,{OFT},15,3,2,110001,"{Atria, OFT, RV}",E8.5-220,7.0,Small
All,1,111111,"{AB, AVC, Atria, LV, OFT, RV}",100000,{OFT},15,3,2,110001,"{Atria, OFT, RV}",E8.5-10,10.0,Small
All,1,111111,"{AB, AVC, Atria, LV, OFT, RV}",100000,{OFT},15,3,3,100000,{OFT},E8.5-2,82.0,Large
All,1,111111,"{AB, AVC, Atria, LV, OFT, RV}",100000,{OFT},15,3,3,100000,{OFT},E8.5-170,142.0,
All,1,111111,"{AB, AVC, Atria, LV, OFT, RV}",100000,{OFT},15,3,3,100000,{OFT},E8.5-198,57.0,Large
All,1,111111,"{AB, AVC, Atria, LV, OFT, RV}",100000,{OFT},15,3,3,100000,{OFT},E8.5-14,32.0,Large
All,1,111111,"{AB, AVC, Atria, LV, OFT, RV}",100000,{OFT},15,3,3,100000,{OFT},E8.5-171,3.0,Small
All,1,111111,"{AB, AVC, Atria, LV, OFT, RV}",100000,{OFT},15,3,3,100000,{OFT},E8.5-236,5.0,Small
All,1,111111,"{AB, AVC, Atria, LV, OFT, RV}",100000,{OFT},15,3,3,100000,{OFT},E8.5-17,6.0,Small
All,1,111111,"{AB, AVC, Atria, LV, OFT, RV}",100000,{OFT},15,3,3,100000,{OFT},E8.5-199,6.0,Small
All,1,111111,"{AB, AVC, Atria, LV, OFT, RV}",100000,{OFT},15,3,3,100000,{OFT},E8.5-78,6.0,Small
All,1,111111,"{AB, AVC, Atria, LV, OFT, RV}",100000,{OFT},15,3,3,100000,{OFT},E8.5-220,7.0,Small
All,1,111111,"{AB, AVC, Atria, LV, OFT, RV}",100000,{OFT},15,3,3,100000,{OFT},E8.5-10,10.0,Small
All,1,111111,"{AB, AVC, Atria, LV, OFT, RV}",100000,{OFT},16,3,0,111111,"{AB, AVC, Atria, LV, OFT, RV}",E8.5-2,82.0,Large
All,1,111111,"{AB, AVC, Atria, LV, OFT, RV}",100000,{OFT},16,3,0,111111,"{AB, AVC, Atria, LV, OFT, RV}",E8.5-170,142.0,
All,1,111111,"{AB, AVC, Atria, LV, OFT, RV}",100000,{OFT},16,3,0,111111,"{AB, AVC, Atria, LV, OFT, RV}",E8.5-198,57.0,Large
All,1,111111,"{AB, AVC, Atria, LV, OFT, RV}",100000,{OFT},16,3,0,111111,"{AB, AVC, Atria, LV, OFT, RV}",E8.5-155,6.0,Small
All,1,111111,"{AB, AVC, Atria, LV, OFT, RV}",100000,{OFT},16,3,0,111111,"{AB, AVC, Atria, LV, OFT, RV}",E8.5-35,17.0,Small
All,1,111111,"{AB, AVC, Atria, LV, OFT, RV}",100000,{OFT},16,3,0,111111,"{AB, AVC, Atria, LV, OFT, RV}",E8.5-44,37.0,Large
All,1,111111,"{AB, AVC, Atria, LV, OFT, RV}",100000,{OFT},16,3,0,111111,"{AB, AVC, Atria, LV, OFT, RV}",E8.5-171,3.0,Small
All,1,111111,"{AB, AVC, Atria, LV, OFT, RV}",100000,{OFT},16,3,0,111111,"{AB, AVC, Atria, LV, OFT, RV}",E8.5-236,5.0,Small
All,1,111111,"{AB, AVC, Atria, LV, OFT, RV}",100000,{OFT},16,3,0,111111,"{AB, AVC, Atria, LV, OFT, RV}",E8.5-17,6.0,Small
All,1,111111,"{AB, AVC, Atria, LV, OFT, RV}",100000,{OFT},16,3,0,111111,"{AB, AVC, Atria, LV, OFT, RV}",E8.5-199,6.0,Small
All,1,111111,"{AB, AVC, Atria, LV, OFT, RV}",100000,{OFT},16,3,0,111111,"{AB, AVC, Atria, LV, OFT, RV}",E8.5-78,6.0,Small
All,1,111111,"{AB, AVC, Atria, LV, OFT, RV}",100000,{OFT},16,3,0,111111,"{AB, AVC, Atria, LV, OFT, RV}",E8.5-220,7.0,Small
All,1,111111,"{AB, AVC, Atria, LV, OFT, RV}",100000,{OFT},16,3,0,111111,"{AB, AVC, Atria, LV, OFT, RV}",E8.5-10,10.0,Small
All,1,111111,"{AB, AVC, Atria, LV, OFT, RV}",100000,{OFT},16,3,1,111001,"{Atria, LV, OFT, RV}",E8.5-2,82.0,Large
All,1,111111,"{AB, AVC, Atria, LV, OFT, RV}",100000,{OFT},16,3,1,111001,"{Atria, LV, OFT, RV}",E8.5-170,142.0,
All,1,111111,"{AB, AVC, Atria, LV, OFT, RV}",100000,{OFT},16,3,1,111001,"{Atria, LV, OFT, RV}",E8.5-198,57.0,Large
All,1,111111,"{AB, AVC, Atria, LV, OFT, RV}",100000,{OFT},16,3,1,111001,"{Atria, LV, OFT, RV}",E8.5-155,6.0,Small
All,1,111111,"{AB, AVC, Atria, LV, OFT, RV}",100000,{OFT},16,3,1,111001,"{Atria, LV, OFT, RV}",E8.5-35,17.0,Small
All,1,111111,"{AB, AVC, Atria, LV, OFT, RV}",100000,{OFT},16,3,1,111001,"{Atria, LV, OFT, RV}",E8.5-44,37.0,Large
All,1,111111,"{AB, AVC, Atria, LV, OFT, RV}",100000,{OFT},16,3,1,111001,"{Atria, LV, OFT, RV}",E8.5-171,3.0,Small
All,1,111111,"{AB, AVC, Atria, LV, OFT, RV}",100000,{OFT},16,3,1,111001,"{Atria, LV, OFT, RV}",E8.5-236,5.0,Small
All,1,111111,"{AB, AVC, Atria, LV, OFT, RV}",100000,{OFT},16,3,1,111001,"{Atria, LV, OFT, RV}",E8.5-17,6.0,Small
All,1,111111,"{AB, AVC, Atria, LV, OFT, RV}",100000,{OFT},16,3,1,111001,"{Atria, LV, OFT, RV}",E8.5-199,6.0,Small
All,1,111111,"{AB, AVC, Atria, LV, OFT, RV}",100000,{OFT},16,3,1,111001,"{Atria, LV, OFT, RV}",E8.5-78,6.0,Small
All,1,111111,"{AB, AVC, Atria, LV, OFT, RV}",100000,{OFT},16,3,1,111001,"{Atria, LV, OFT, RV}",E8.5-220,7.0,Small
All,1,111111,"{AB, AVC, Atria, LV, OFT, RV}",100000,{OFT},16,3,1,111001,"{Atria, LV, OFT, RV}",E8.5-10,10.0,Small
All,1,111111,"{AB, AVC, Atria, LV, OFT, RV}",100000,{OFT},16,3,2,100001,"{Atria, OFT}",E8.5-2,82.0,Large
All,1,111111,"{AB, AVC, Atria, LV, OFT, RV}",100000,{OFT},16,3,2,100001,"{Atria, OFT}",E8.5-170,142.0,
All,1,111111,"{AB, AVC, Atria, LV, OFT, RV}",100000,{OFT},16,3,2,100001,"{Atria, OFT}",E8.5-198,57.0,Large
All,1,111111,"{AB, AVC, Atria, LV, OFT, RV}",100000,{OFT},16,3,2,100001,"{Atria, OFT}",E8.5-155,6.0,Small
All,1,111111,"{AB, AVC, Atria, LV, OFT, RV}",100000,{OFT},16,3,2,100001,"{Atria, OFT}",E8.5-35,17.0,Small
All,1,111111,"{AB, AVC, Atria, LV, OFT, RV}",100000,{OFT},16,3,2,100001,"{Atria, OFT}",E8.5-44,37.0,Large
All,1,111111,"{AB, AVC, Atria, LV, OFT, RV}",100000,{OFT},16,3,2,100001,"{Atria, OFT}",E8.5-171,3.0,Small
All,1,111111,"{AB, AVC, Atria, LV, OFT, RV}",100000,{OFT},16,3,2,100001,"{Atria, OFT}",E8.5-236,5.0,Small
All,1,111111,"{AB, AVC, Atria, LV, OFT, RV}",100000,{OFT},16,3,2,100001,"{Atria, OFT}",E8.5-17,6.0,Small
All,1,111111,"{AB, AVC, Atria, LV, OFT, RV}",100000,{OFT},16,3,2,100001,"{Atria, OFT}",E8.5-199,6.0,Small
All,1,111111,"{AB, AVC, Atria, LV, OFT, RV}",100000,{OFT},16,3,2,100001,"{Atria, OFT}",E8.5-78,6.0,Small
All,1,111111,"{AB, AVC, Atria, LV, OFT, RV}",100000,{OFT},16,3,2,100001,"{Atria, OFT}",E8.5-220,7.0,Small
All,1,111111,"{AB, AVC, Atria, LV, OFT, RV}",100000,{OFT},16,3,2,100001,"{Atria, OFT}",E8.5-10,10.0,Small
All,1,111111,"{AB, AVC, Atria, LV, OFT, RV}",100000,{OFT},16,3,3,100000,{OFT},E8.5-2,82.0,Large
All,1,111111,"{AB, AVC, Atria, LV, OFT, RV}",100000,{OFT},16,3,3,100000,{OFT},E8.5-170,142.0,
All,1,111111,"{AB, AVC, Atria, LV, OFT, RV}",100000,{OFT},16,3,3,100000,{OFT},E8.5-198,57.0,Large
All,1,111111,"{AB, AVC, Atria, LV, OFT, RV}",100000,{OFT},16,3,3,100000,{OFT},E8.5-155,6.0,Small
All,1,111111,"{AB, AVC, Atria, LV, OFT, RV}",100000,{OFT},16,3,3,100000,{OFT},E8.5-35,17.0,Small
All,1,111111,"{AB, AVC, Atria, LV, OFT, RV}",100000,{OFT},16,3,3,100000,{OFT},E8.5-44,37.0,Large
All,1,111111,"{AB, AVC, Atria, LV, OFT, RV}",100000,{OFT},16,3,3,100000,{OFT},E8.5-171,3.0,Small
All,1,111111,"{AB, AVC, Atria, LV, OFT, RV}",100000,{OFT},16,3,3,100000,{OFT},E8.5-236,5.0,Small
All,1,111111,"{AB, AVC, Atria, LV, OFT, RV}",100000,{OFT},16,3,3,100000,{OFT},E8.5-17,6.0,Small
All,1,111111,"{AB, AVC, Atria, LV, OFT, RV}",100000,{OFT},16,3,3,100000,{OFT},E8.5-199,6.0,Small
All,1,111111,"{AB, AVC, Atria, LV, OFT, RV}",100000,{OFT},16,3,3,100000,{OFT},E8.5-78,6.0,Small
All,1,111111,"{AB, AVC, Atria, LV, OFT, RV}",100000,{OFT},16,3,3,100000,{OFT},E8.5-220,7.0,Small
All,1,111111,"{AB, AVC, Atria, LV, OFT, RV}",100000,{OFT},16,3,3,100000,{OFT},E8.5-10,10.0,Small
All,1,111111,"{AB, AVC, Atria, LV, OFT, RV}",100000,{OFT},17,3,0,111111,"{AB, AVC, Atria, LV, OFT, RV}",E8.5-2,82.0,Large
All,1,111111,"{AB, AVC, Atria, LV, OFT, RV}",100000,{OFT},17,3,0,111111,"{AB, AVC, Atria, LV, OFT, RV}",E8.5-170,142.0,
All,1,111111,"{AB, AVC, Atria, LV, OFT, RV}",100000,{OFT},17,3,0,111111,"{AB, AVC, Atria, LV, OFT, RV}",E8.5-198,57.0,Large
All,1,111111,"{AB, AVC, Atria, LV, OFT, RV}",100000,{OFT},17,3,0,111111,"{AB, AVC, Atria, LV, OFT, RV}",E8.5-43,7.0,Small
All,1,111111,"{AB, AVC, Atria, LV, OFT, RV}",100000,{OFT},17,3,0,111111,"{AB, AVC, Atria, LV, OFT, RV}",E8.5-165,11.0,Small
All,1,111111,"{AB, AVC, Atria, LV, OFT, RV}",100000,{OFT},17,3,0,111111,"{AB, AVC, Atria, LV, OFT, RV}",E8.5-13,13.0,Small
All,1,111111,"{AB, AVC, Atria, LV, OFT, RV}",100000,{OFT},17,3,0,111111,"{AB, AVC, Atria, LV, OFT, RV}",E8.5-145,13.0,Small
All,1,111111,"{AB, AVC, Atria, LV, OFT, RV}",100000,{OFT},17,3,0,111111,"{AB, AVC, Atria, LV, OFT, RV}",E8.5-185,18.0,Small
All,1,111111,"{AB, AVC, Atria, LV, OFT, RV}",100000,{OFT},17,3,0,111111,"{AB, AVC, Atria, LV, OFT, RV}",E8.5-163,19.0,Small
All,1,111111,"{AB, AVC, Atria, LV, OFT, RV}",100000,{OFT},17,3,0,111111,"{AB, AVC, Atria, LV, OFT, RV}",E8.5-184,20.0,Small
All,1,111111,"{AB, AVC, Atria, LV, OFT, RV}",100000,{OFT},17,3,0,111111,"{AB, AVC, Atria, LV, OFT, RV}",E8.5-4,20.0,Small
All,1,111111,"{AB, AVC, Atria, LV, OFT, RV}",100000,{OFT},17,3,0,111111,"{AB, AVC, Atria, LV, OFT, RV}",E8.5-85,24.0,Small
All,1,111111,"{AB, AVC, Atria, LV, OFT, RV}",100000,{OFT},17,3,0,111111,"{AB, AVC, Atria, LV, OFT, RV}",E8.5-128,54.0,Large
All,1,111111,"{AB, AVC, Atria, LV, OFT, RV}",100000,{OFT},17,3,0,111111,"{AB, AVC, Atria, LV, OFT, RV}",E8.5-171,3.0,Small
All,1,111111,"{AB, AVC, Atria, LV, OFT, RV}",100000,{OFT},17,3,0,111111,"{AB, AVC, Atria, LV, OFT, RV}",E8.5-236,5.0,Small
All,1,111111,"{AB, AVC, Atria, LV, OFT, RV}",100000,{OFT},17,3,0,111111,"{AB, AVC, Atria, LV, OFT, RV}",E8.5-17,6.0,Small
All,1,111111,"{AB, AVC, Atria, LV, OFT, RV}",100000,{OFT},17,3,0,111111,"{AB, AVC, Atria, LV, OFT, RV}",E8.5-199,6.0,Small
All,1,111111,"{AB, AVC, Atria, LV, OFT, RV}",100000,{OFT},17,3,0,111111,"{AB, AVC, Atria, LV, OFT, RV}",E8.5-78,6.0,Small
All,1,111111,"{AB, AVC, Atria, LV, OFT, RV}",100000,{OFT},17,3,0,111111,"{AB, AVC, Atria, LV, OFT, RV}",E8.5-220,7.0,Small
All,1,111111,"{AB, AVC, Atria, LV, OFT, RV}",100000,{OFT},17,3,0,111111,"{AB, AVC, Atria, LV, OFT, RV}",E8.5-10,10.0,Small
All,1,111111,"{AB, AVC, Atria, LV, OFT, RV}",100000,{OFT},17,3,1,111001,"{Atria, LV, OFT, RV}",E8.5-2,82.0,Large
All,1,111111,"{AB, AVC, Atria, LV, OFT, RV}",100000,{OFT},17,3,1,111001,"{Atria, LV, OFT, RV}",E8.5-170,142.0,
All,1,111111,"{AB, AVC, Atria, LV, OFT, RV}",100000,{OFT},17,3,1,111001,"{Atria, LV, OFT, RV}",E8.5-198,57.0,Large
All,1,111111,"{AB, AVC, Atria, LV, OFT, RV}",100000,{OFT},17,3,1,111001,"{Atria, LV, OFT, RV}",E8.5-43,7.0,Small
All,1,111111,"{AB, AVC, Atria, LV, OFT, RV}",100000,{OFT},17,3,1,111001,"{Atria, LV, OFT, RV}",E8.5-165,11.0,Small
All,1,111111,"{AB, AVC, Atria, LV, OFT, RV}",100000,{OFT},17,3,1,111001,"{Atria, LV, OFT, RV}",E8.5-13,13.0,Small
All,1,111111,"{AB, AVC, Atria, LV, OFT, RV}",100000,{OFT},17,3,1,111001,"{Atria, LV, OFT, RV}",E8.5-145,13.0,Small
All,1,111111,"{AB, AVC, Atria, LV, OFT, RV}",100000,{OFT},17,3,1,111001,"{Atria, LV, OFT, RV}",E8.5-185,18.0,Small
All,1,111111,"{AB, AVC, Atria, LV, OFT, RV}",100000,{OFT},17,3,1,111001,"{Atria, LV, OFT, RV}",E8.5-163,19.0,Small
All,1,111111,"{AB, AVC, Atria, LV, OFT, RV}",100000,{OFT},17,3,1,111001,"{Atria, LV, OFT, RV}",E8.5-184,20.0,Small
All,1,111111,"{AB, AVC, Atria, LV, OFT, RV}",100000,{OFT},17,3,1,111001,"{Atria, LV, OFT, RV}",E8.5-4,20.0,Small
All,1,111111,"{AB, AVC, Atria, LV, OFT, RV}",100000,{OFT},17,3,1,111001,"{Atria, LV, OFT, RV}",E8.5-85,24.0,Small
All,1,111111,"{AB, AVC, Atria, LV, OFT, RV}",100000,{OFT},17,3,1,111001,"{Atria, LV, OFT, RV}",E8.5-128,54.0,Large
All,1,111111,"{AB, AVC, Atria, LV, OFT, RV}",100000,{OFT},17,3,1,111001,"{Atria, LV, OFT, RV}",E8.5-171,3.0,Small
All,1,111111,"{AB, AVC, Atria, LV, OFT, RV}",100000,{OFT},17,3,1,111001,"{Atria, LV, OFT, RV}",E8.5-236,5.0,Small
All,1,111111,"{AB, AVC, Atria, LV, OFT, RV}",100000,{OFT},17,3,1,111001,"{Atria, LV, OFT, RV}",E8.5-17,6.0,Small
All,1,111111,"{AB, AVC, Atria, LV, OFT, RV}",100000,{OFT},17,3,1,111001,"{Atria, LV, OFT, RV}",E8.5-199,6.0,Small
All,1,111111,"{AB, AVC, Atria, LV, OFT, RV}",100000,{OFT},17,3,1,111001,"{Atria, LV, OFT, RV}",E8.5-78,6.0,Small
All,1,111111,"{AB, AVC, Atria, LV, OFT, RV}",100000,{OFT},17,3,1,111001,"{Atria, LV, OFT, RV}",E8.5-220,7.0,Small
All,1,111111,"{AB, AVC, Atria, LV, OFT, RV}",100000,{OFT},17,3,1,111001,"{Atria, LV, OFT, RV}",E8.5-10,10.0,Small
All,1,111111,"{AB, AVC, Atria, LV, OFT, RV}",100000,{OFT},17,3,2,110000,"{OFT, RV}",E8.5-2,82.0,Large
All,1,111111,"{AB, AVC, Atria, LV, OFT, RV}",100000,{OFT},17,3,2,110000,"{OFT, RV}",E8.5-170,142.0,
All,1,111111,"{AB, AVC, Atria, LV, OFT, RV}",100000,{OFT},17,3,2,110000,"{OFT, RV}",E8.5-198,57.0,Large
All,1,111111,"{AB, AVC, Atria, LV, OFT, RV}",100000,{OFT},17,3,2,110000,"{OFT, RV}",E8.5-43,7.0,Small
All,1,111111,"{AB, AVC, Atria, LV, OFT, RV}",100000,{OFT},17,3,2,110000,"{OFT, RV}",E8.5-165,11.0,Small
All,1,111111,"{AB, AVC, Atria, LV, OFT, RV}",100000,{OFT},17,3,2,110000,"{OFT, RV}",E8.5-13,13.0,Small
All,1,111111,"{AB, AVC, Atria, LV, OFT, RV}",100000,{OFT},17,3,2,110000,"{OFT, RV}",E8.5-145,13.0,Small
All,1,111111,"{AB, AVC, Atria, LV, OFT, RV}",100000,{OFT},17,3,2,110000,"{OFT, RV}",E8.5-185,18.0,Small
All,1,111111,"{AB, AVC, Atria, LV, OFT, RV}",100000,{OFT},17,3,2,110000,"{OFT, RV}",E8.5-163,19.0,Small
All,1,111111,"{AB, AVC, Atria, LV, OFT, RV}",100000,{OFT},17,3,2,110000,"{OFT, RV}",E8.5-184,20.0,Small
All,1,111111,"{AB, AVC, Atria, LV, OFT, RV}",100000,{OFT},17,3,2,110000,"{OFT, RV}",E8.5-4,20.0,Small
All,1,111111,"{AB, AVC, Atria, LV, OFT, RV}",100000,{OFT},17,3,2,110000,"{OFT, RV}",E8.5-85,24.0,Small
All,1,111111,"{AB, AVC, Atria, LV, OFT, RV}",100000,{OFT},17,3,2,110000,"{OFT, RV}",E8.5-128,54.0,Large
All,1,111111,"{AB, AVC, Atria, LV, OFT, RV}",100000,{OFT},17,3,2,110000,"{OFT, RV}",E8.5-171,3.0,Small
All,1,111111,"{AB, AVC, Atria, LV, OFT, RV}",100000,{OFT},17,3,2,110000,"{OFT, RV}",E8.5-236,5.0,Small
All,1,111111,"{AB, AVC, Atria, LV, OFT, RV}",100000,{OFT},17,3,2,110000,"{OFT, RV}",E8.5-17,6.0,Small
All,1,111111,"{AB, AVC, Atria, LV, OFT, RV}",100000,{OFT},17,3,2,110000,"{OFT, RV}",E8.5-199,6.0,Small
All,1,111111,"{AB, AVC, Atria, LV, OFT, RV}",100000,{OFT},17,3,2,110000,"{OFT, RV}",E8.5-78,6.0,Small
All,1,111111,"{AB, AVC, Atria, LV, OFT, RV}",100000,{OFT},17,3,2,110000,"{OFT, RV}",E8.5-220,7.0,Small
All,1,111111,"{AB, AVC, Atria, LV, OFT, RV}",100000,{OFT},17,3,2,110000,"{OFT, RV}",E8.5-10,10.0,Small
All,1,111111,"{AB, AVC, Atria, LV, OFT, RV}",100000,{OFT},17,3,3,100000,{OFT},E8.5-2,82.0,Large
All,1,111111,"{AB, AVC, Atria, LV, OFT, RV}",100000,{OFT},17,3,3,100000,{OFT},E8.5-170,142.0,
All,1,111111,"{AB, AVC, Atria, LV, OFT, RV}",100000,{OFT},17,3,3,100000,{OFT},E8.5-198,57.0,Large
All,1,111111,"{AB, AVC, Atria, LV, OFT, RV}",100000,{OFT},17,3,3,100000,{OFT},E8.5-43,7.0,Small
All,1,111111,"{AB, AVC, Atria, LV, OFT, RV}",100000,{OFT},17,3,3,100000,{OFT},E8.5-165,11.0,Small
All,1,111111,"{AB, AVC, Atria, LV, OFT, RV}",100000,{OFT},17,3,3,100000,{OFT},E8.5-13,13.0,Small
All,1,111111,"{AB, AVC, Atria, LV, OFT, RV}",100000,{OFT},17,3,3,100000,{OFT},E8.5-145,13.0,Small
All,1,111111,"{AB, AVC, Atria, LV, OFT, RV}",100000,{OFT},17,3,3,100000,{OFT},E8.5-185,18.0,Small
All,1,111111,"{AB, AVC, Atria, LV, OFT, RV}",100000,{OFT},17,3,3,100000,{OFT},E8.5-163,19.0,Small
All,1,111111,"{AB, AVC, Atria, LV, OFT, RV}",100000,{OFT},17,3,3,100000,{OFT},E8.5-184,20.0,Small
All,1,111111,"{AB, AVC, Atria, LV, OFT, RV}",100000,{OFT},17,3,3,100000,{OFT},E8.5-4,20.0,Small
All,1,111111,"{AB, AVC, Atria, LV, OFT, RV}",100000,{OFT},17,3,3,100000,{OFT},E8.5-85,24.0,Small
All,1,111111,"{AB, AVC, Atria, LV, OFT, RV}",100000,{OFT},17,3,3,100000,{OFT},E8.5-128,54.0,Large
All,1,111111,"{AB, AVC, Atria, LV, OFT, RV}",100000,{OFT},17,3,3,100000,{OFT},E8.5-171,3.0,Small
All,1,111111,"{AB, AVC, Atria, LV, OFT, RV}",100000,{OFT},17,3,3,100000,{OFT},E8.5-236,5.0,Small
All,1,111111,"{AB, AVC, Atria, LV, OFT, RV}",100000,{OFT},17,3,3,100000,{OFT},E8.5-17,6.0,Small
All,1,111111,"{AB, AVC, Atria, LV, OFT, RV}",100000,{OFT},17,3,3,100000,{OFT},E8.5-199,6.0,Small
All,1,111111,"{AB, AVC, Atria, LV, OFT, RV}",100000,{OFT},17,3,3,100000,{OFT},E8.5-78,6.0,Small
All,1,111111,"{AB, AVC, Atria, LV, OFT, RV}",100000,{OFT},17,3,3,100000,{OFT},E8.5-220,7.0,Small
All,1,111111,"{AB, AVC, Atria, LV, OFT, RV}",100000,{OFT},17,3,3,100000,{OFT},E8.5-10,10.0,Small
All,1,111111,"{AB, AVC, Atria, LV, OFT, RV}",001000,{LV},1,4,0,111111,"{AB, AVC, Atria, LV, OFT, RV}",E8.5-2,82.0,Large
All,1,111111,"{AB, AVC, Atria, LV, OFT, RV}",001000,{LV},1,4,0,111111,"{AB, AVC, Atria, LV, OFT, RV}",E8.5-170,142.0,
All,1,111111,"{AB, AVC, Atria, LV, OFT, RV}",001000,{LV},1,4,0,111111,"{AB, AVC, Atria, LV, OFT, RV}",E8.5-156,48.0,Large
All,1,111111,"{AB, AVC, Atria, LV, OFT, RV}",001000,{LV},1,4,0,111111,"{AB, AVC, Atria, LV, OFT, RV}",E8.5-237,85.0,Large
All,1,111111,"{AB, AVC, Atria, LV, OFT, RV}",001000,{LV},1,4,0,111111,"{AB, AVC, Atria, LV, OFT, RV}",E8.5-25,91.0,Large
All,1,111111,"{AB, AVC, Atria, LV, OFT, RV}",001000,{LV},1,4,0,111111,"{AB, AVC, Atria, LV, OFT, RV}",E8.5-166,36.0,Large
All,1,111111,"{AB, AVC, Atria, LV, OFT, RV}",001000,{LV},1,4,0,111111,"{AB, AVC, Atria, LV, OFT, RV}",E8.5-77,35.0,Large
All,1,111111,"{AB, AVC, Atria, LV, OFT, RV}",001000,{LV},1,4,0,111111,"{AB, AVC, Atria, LV, OFT, RV}",E8.5-124,4.0,Small
All,1,111111,"{AB, AVC, Atria, LV, OFT, RV}",001000,{LV},1,4,0,111111,"{AB, AVC, Atria, LV, OFT, RV}",E8.5-23,4.0,Small
All,1,111111,"{AB, AVC, Atria, LV, OFT, RV}",001000,{LV},1,4,0,111111,"{AB, AVC, Atria, LV, OFT, RV}",E8.5-57,4.0,Small
All,1,111111,"{AB, AVC, Atria, LV, OFT, RV}",001000,{LV},1,4,0,111111,"{AB, AVC, Atria, LV, OFT, RV}",E8.5-208,5.0,Small
All,1,111111,"{AB, AVC, Atria, LV, OFT, RV}",001000,{LV},1,4,0,111111,"{AB, AVC, Atria, LV, OFT, RV}",E8.5-22,8.0,Small
All,1,111111,"{AB, AVC, Atria, LV, OFT, RV}",001000,{LV},1,4,0,111111,"{AB, AVC, Atria, LV, OFT, RV}",E8.5-62,8.0,Small
All,1,111111,"{AB, AVC, Atria, LV, OFT, RV}",001000,{LV},1,4,0,111111,"{AB, AVC, Atria, LV, OFT, RV}",E8.5-89,8.0,Small
All,1,111111,"{AB, AVC, Atria, LV, OFT, RV}",001000,{LV},1,4,0,111111,"{AB, AVC, Atria, LV, OFT, RV}",E8.5-132,8.0,Small
All,1,111111,"{AB, AVC, Atria, LV, OFT, RV}",001000,{LV},1,4,0,111111,"{AB, AVC, Atria, LV, OFT, RV}",E8.5-98,11.0,Small
All,1,111111,"{AB, AVC, Atria, LV, OFT, RV}",001000,{LV},1,4,0,111111,"{AB, AVC, Atria, LV, OFT, RV}",E8.5-159,12.0,Small
All,1,111111,"{AB, AVC, Atria, LV, OFT, RV}",001000,{LV},1,4,0,111111,"{AB, AVC, Atria, LV, OFT, RV}",E8.5-162,16.0,Small
All,1,111111,"{AB, AVC, Atria, LV, OFT, RV}",001000,{LV},1,4,0,111111,"{AB, AVC, Atria, LV, OFT, RV}",E8.5-153,27.0,Small
All,1,111111,"{AB, AVC, Atria, LV, OFT, RV}",001000,{LV},1,4,0,111111,"{AB, AVC, Atria, LV, OFT, RV}",E8.5-180,30.0,Small
All,1,111111,"{AB, AVC, Atria, LV, OFT, RV}",001000,{LV},1,4,1,011111,"{AB, AVC, Atria, LV, RV}",E8.5-2,82.0,Large
All,1,111111,"{AB, AVC, Atria, LV, OFT, RV}",001000,{LV},1,4,1,011111,"{AB, AVC, Atria, LV, RV}",E8.5-170,142.0,
All,1,111111,"{AB, AVC, Atria, LV, OFT, RV}",001000,{LV},1,4,1,011111,"{AB, AVC, Atria, LV, RV}",E8.5-156,48.0,Large
All,1,111111,"{AB, AVC, Atria, LV, OFT, RV}",001000,{LV},1,4,1,011111,"{AB, AVC, Atria, LV, RV}",E8.5-237,85.0,Large
All,1,111111,"{AB, AVC, Atria, LV, OFT, RV}",001000,{LV},1,4,1,011111,"{AB, AVC, Atria, LV, RV}",E8.5-25,91.0,Large
All,1,111111,"{AB, AVC, Atria, LV, OFT, RV}",001000,{LV},1,4,1,011111,"{AB, AVC, Atria, LV, RV}",E8.5-166,36.0,Large
All,1,111111,"{AB, AVC, Atria, LV, OFT, RV}",001000,{LV},1,4,1,011111,"{AB, AVC, Atria, LV, RV}",E8.5-77,35.0,Large
All,1,111111,"{AB, AVC, Atria, LV, OFT, RV}",001000,{LV},1,4,1,011111,"{AB, AVC, Atria, LV, RV}",E8.5-124,4.0,Small
All,1,111111,"{AB, AVC, Atria, LV, OFT, RV}",001000,{LV},1,4,1,011111,"{AB, AVC, Atria, LV, RV}",E8.5-23,4.0,Small
All,1,111111,"{AB, AVC, Atria, LV, OFT, RV}",001000,{LV},1,4,1,011111,"{AB, AVC, Atria, LV, RV}",E8.5-57,4.0,Small
All,1,111111,"{AB, AVC, Atria, LV, OFT, RV}",001000,{LV},1,4,1,011111,"{AB, AVC, Atria, LV, RV}",E8.5-208,5.0,Small
All,1,111111,"{AB, AVC, Atria, LV, OFT, RV}",001000,{LV},1,4,1,011111,"{AB, AVC, Atria, LV, RV}",E8.5-22,8.0,Small
All,1,111111,"{AB, AVC, Atria, LV, OFT, RV}",001000,{LV},1,4,1,011111,"{AB, AVC, Atria, LV, RV}",E8.5-62,8.0,Small
All,1,111111,"{AB, AVC, Atria, LV, OFT, RV}",001000,{LV},1,4,1,011111,"{AB, AVC, Atria, LV, RV}",E8.5-89,8.0,Small
All,1,111111,"{AB, AVC, Atria, LV, OFT, RV}",001000,{LV},1,4,1,011111,"{AB, AVC, Atria, LV, RV}",E8.5-132,8.0,Small
All,1,111111,"{AB, AVC, Atria, LV, OFT, RV}",001000,{LV},1,4,1,011111,"{AB, AVC, Atria, LV, RV}",E8.5-98,11.0,Small
All,1,111111,"{AB, AVC, Atria, LV, OFT, RV}",001000,{LV},1,4,1,011111,"{AB, AVC, Atria, LV, RV}",E8.5-159,12.0,Small
All,1,111111,"{AB, AVC, Atria, LV, OFT, RV}",001000,{LV},1,4,1,011111,"{AB, AVC, Atria, LV, RV}",E8.5-162,16.0,Small
All,1,111111,"{AB, AVC, Atria, LV, OFT, RV}",001000,{LV},1,4,1,011111,"{AB, AVC, Atria, LV, RV}",E8.5-153,27.0,Small
All,1,111111,"{AB, AVC, Atria, LV, OFT, RV}",001000,{LV},1,4,1,011111,"{AB, AVC, Atria, LV, RV}",E8.5-180,30.0,Small
All,1,111111,"{AB, AVC, Atria, LV, OFT, RV}",001000,{LV},1,4,2,011101,"{AVC, Atria, LV, RV}",E8.5-2,82.0,Large
All,1,111111,"{AB, AVC, Atria, LV, OFT, RV}",001000,{LV},1,4,2,011101,"{AVC, Atria, LV, RV}",E8.5-170,142.0,
All,1,111111,"{AB, AVC, Atria, LV, OFT, RV}",001000,{LV},1,4,2,011101,"{AVC, Atria, LV, RV}",E8.5-156,48.0,Large
All,1,111111,"{AB, AVC, Atria, LV, OFT, RV}",001000,{LV},1,4,2,011101,"{AVC, Atria, LV, RV}",E8.5-237,85.0,Large
All,1,111111,"{AB, AVC, Atria, LV, OFT, RV}",001000,{LV},1,4,2,011101,"{AVC, Atria, LV, RV}",E8.5-25,91.0,Large
All,1,111111,"{AB, AVC, Atria, LV, OFT, RV}",001000,{LV},1,4,2,011101,"{AVC, Atria, LV, RV}",E8.5-166,36.0,Large
All,1,111111,"{AB, AVC, Atria, LV, OFT, RV}",001000,{LV},1,4,2,011101,"{AVC, Atria, LV, RV}",E8.5-77,35.0,Large
All,1,111111,"{AB, AVC, Atria, LV, OFT, RV}",001000,{LV},1,4,2,011101,"{AVC, Atria, LV, RV}",E8.5-124,4.0,Small
All,1,111111,"{AB, AVC, Atria, LV, OFT, RV}",001000,{LV},1,4,2,011101,"{AVC, Atria, LV, RV}",E8.5-23,4.0,Small
All,1,111111,"{AB, AVC, Atria, LV, OFT, RV}",001000,{LV},1,4,2,011101,"{AVC, Atria, LV, RV}",E8.5-57,4.0,Small
All,1,111111,"{AB, AVC, Atria, LV, OFT, RV}",001000,{LV},1,4,2,011101,"{AVC, Atria, LV, RV}",E8.5-208,5.0,Small
All,1,111111,"{AB, AVC, Atria, LV, OFT, RV}",001000,{LV},1,4,2,011101,"{AVC, Atria, LV, RV}",E8.5-22,8.0,Small
All,1,111111,"{AB, AVC, Atria, LV, OFT, RV}",001000,{LV},1,4,2,011101,"{AVC, Atria, LV, RV}",E8.5-62,8.0,Small
All,1,111111,"{AB, AVC, Atria, LV, OFT, RV}",001000,{LV},1,4,2,011101,"{AVC, Atria, LV, RV}",E8.5-89,8.0,Small
All,1,111111,"{AB, AVC, Atria, LV, OFT, RV}",001000,{LV},1,4,2,011101,"{AVC, Atria, LV, RV}",E8.5-132,8.0,Small
All,1,111111,"{AB, AVC, Atria, LV, OFT, RV}",001000,{LV},1,4,2,011101,"{AVC, Atria, LV, RV}",E8.5-98,11.0,Small
All,1,111111,"{AB, AVC, Atria, LV, OFT, RV}",001000,{LV},1,4,2,011101,"{AVC, Atria, LV, RV}",E8.5-159,12.0,Small
All,1,111111,"{AB, AVC, Atria, LV, OFT, RV}",001000,{LV},1,4,2,011101,"{AVC, Atria, LV, RV}",E8.5-162,16.0,Small
All,1,111111,"{AB, AVC, Atria, LV, OFT, RV}",001000,{LV},1,4,2,011101,"{AVC, Atria, LV, RV}",E8.5-153,27.0,Small
All,1,111111,"{AB, AVC, Atria, LV, OFT, RV}",001000,{LV},1,4,2,011101,"{AVC, Atria, LV, RV}",E8.5-180,30.0,Small
All,1,111111,"{AB, AVC, Atria, LV, OFT, RV}",001000,{LV},1,4,3,001101,"{AVC, Atria, LV}",E8.5-2,82.0,Large
All,1,111111,"{AB, AVC, Atria, LV, OFT, RV}",001000,{LV},1,4,3,001101,"{AVC, Atria, LV}",E8.5-170,142.0,
All,1,111111,"{AB, AVC, Atria, LV, OFT, RV}",001000,{LV},1,4,3,001101,"{AVC, Atria, LV}",E8.5-156,48.0,Large
All,1,111111,"{AB, AVC, Atria, LV, OFT, RV}",001000,{LV},1,4,3,001101,"{AVC, Atria, LV}",E8.5-237,85.0,Large
All,1,111111,"{AB, AVC, Atria, LV, OFT, RV}",001000,{LV},1,4,3,001101,"{AVC, Atria, LV}",E8.5-25,91.0,Large
All,1,111111,"{AB, AVC, Atria, LV, OFT, RV}",001000,{LV},1,4,3,001101,"{AVC, Atria, LV}",E8.5-166,36.0,Large
All,1,111111,"{AB, AVC, Atria, LV, OFT, RV}",001000,{LV},1,4,3,001101,"{AVC, Atria, LV}",E8.5-77,35.0,Large
All,1,111111,"{AB, AVC, Atria, LV, OFT, RV}",001000,{LV},1,4,3,001101,"{AVC, Atria, LV}",E8.5-124,4.0,Small
All,1,111111,"{AB, AVC, Atria, LV, OFT, RV}",001000,{LV},1,4,3,001101,"{AVC, Atria, LV}",E8.5-23,4.0,Small
All,1,111111,"{AB, AVC, Atria, LV, OFT, RV}",001000,{LV},1,4,3,001101,"{AVC, Atria, LV}",E8.5-57,4.0,Small
All,1,111111,"{AB, AVC, Atria, LV, OFT, RV}",001000,{LV},1,4,3,001101,"{AVC, Atria, LV}",E8.5-208,5.0,Small
All,1,111111,"{AB, AVC, Atria, LV, OFT, RV}",001000,{LV},1,4,3,001101,"{AVC, Atria, LV}",E8.5-22,8.0,Small
All,1,111111,"{AB, AVC, Atria, LV, OFT, RV}",001000,{LV},1,4,3,001101,"{AVC, Atria, LV}",E8.5-62,8.0,Small
All,1,111111,"{AB, AVC, Atria, LV, OFT, RV}",001000,{LV},1,4,3,001101,"{AVC, Atria, LV}",E8.5-89,8.0,Small
All,1,111111,"{AB, AVC, Atria, LV, OFT, RV}",001000,{LV},1,4,3,001101,"{AVC, Atria, LV}",E8.5-132,8.0,Small
All,1,111111,"{AB, AVC, Atria, LV, OFT, RV}",001000,{LV},1,4,3,001101,"{AVC, Atria, LV}",E8.5-98,11.0,Small
All,1,111111,"{AB, AVC, Atria, LV, OFT, RV}",001000,{LV},1,4,3,001101,"{AVC, Atria, LV}",E8.5-159,12.0,Small
All,1,111111,"{AB, AVC, Atria, LV, OFT, RV}",001000,{LV},1,4,3,001101,"{AVC, Atria, LV}",E8.5-162,16.0,Small
All,1,111111,"{AB, AVC, Atria, LV, OFT, RV}",001000,{LV},1,4,3,001101,"{AVC, Atria, LV}",E8.5-153,27.0,Small
All,1,111111,"{AB, AVC, Atria, LV, OFT, RV}",001000,{LV},1,4,3,001101,"{AVC, Atria, LV}",E8.5-180,30.0,Small
All,1,111111,"{AB, AVC, Atria, LV, OFT, RV}",001000,{LV},1,4,4,001000,{LV},E8.5-2,82.0,Large
All,1,111111,"{AB, AVC, Atria, LV, OFT, RV}",001000,{LV},1,4,4,001000,{LV},E8.5-170,142.0,
All,1,111111,"{AB, AVC, Atria, LV, OFT, RV}",001000,{LV},1,4,4,001000,{LV},E8.5-156,48.0,Large
All,1,111111,"{AB, AVC, Atria, LV, OFT, RV}",001000,{LV},1,4,4,001000,{LV},E8.5-237,85.0,Large
All,1,111111,"{AB, AVC, Atria, LV, OFT, RV}",001000,{LV},1,4,4,001000,{LV},E8.5-25,91.0,Large
All,1,111111,"{AB, AVC, Atria, LV, OFT, RV}",001000,{LV},1,4,4,001000,{LV},E8.5-166,36.0,Large
All,1,111111,"{AB, AVC, Atria, LV, OFT, RV}",001000,{LV},1,4,4,001000,{LV},E8.5-77,35.0,Large
All,1,111111,"{AB, AVC, Atria, LV, OFT, RV}",001000,{LV},1,4,4,001000,{LV},E8.5-124,4.0,Small
All,1,111111,"{AB, AVC, Atria, LV, OFT, RV}",001000,{LV},1,4,4,001000,{LV},E8.5-23,4.0,Small
All,1,111111,"{AB, AVC, Atria, LV, OFT, RV}",001000,{LV},1,4,4,001000,{LV},E8.5-57,4.0,Small
All,1,111111,"{AB, AVC, Atria, LV, OFT, RV}",001000,{LV},1,4,4,001000,{LV},E8.5-208,5.0,Small
All,1,111111,"{AB, AVC, Atria, LV, OFT, RV}",001000,{LV},1,4,4,001000,{LV},E8.5-22,8.0,Small
All,1,111111,"{AB, AVC, Atria, LV, OFT, RV}",001000,{LV},1,4,4,001000,{LV},E8.5-62,8.0,Small
All,1,111111,"{AB, AVC, Atria, LV, OFT, RV}",001000,{LV},1,4,4,001000,{LV},E8.5-89,8.0,Small
All,1,111111,"{AB, AVC, Atria, LV, OFT, RV}",001000,{LV},1,4,4,001000,{LV},E8.5-132,8.0,Small
All,1,111111,"{AB, AVC, Atria, LV, OFT, RV}",001000,{LV},1,4,4,001000,{LV},E8.5-98,11.0,Small
All,1,111111,"{AB, AVC, Atria, LV, OFT, RV}",001000,{LV},1,4,4,001000,{LV},E8.5-159,12.0,Small
All,1,111111,"{AB, AVC, Atria, LV, OFT, RV}",001000,{LV},1,4,4,001000,{LV},E8.5-162,16.0,Small
All,1,111111,"{AB, AVC, Atria, LV, OFT, RV}",001000,{LV},1,4,4,001000,{LV},E8.5-153,27.0,Small
All,1,111111,"{AB, AVC, Atria, LV, OFT, RV}",001000,{LV},1,4,4,001000,{LV},E8.5-180,30.0,Small
All,1,111111,"{AB, AVC, Atria, LV, OFT, RV}",001000,{LV},2,4,0,111111,"{AB, AVC, Atria, LV, OFT, RV}",E8.5-2,82.0,Large
All,1,111111,"{AB, AVC, Atria, LV, OFT, RV}",001000,{LV},2,4,0,111111,"{AB, AVC, Atria, LV, OFT, RV}",E8.5-170,142.0,
All,1,111111,"{AB, AVC, Atria, LV, OFT, RV}",001000,{LV},2,4,0,111111,"{AB, AVC, Atria, LV, OFT, RV}",E8.5-156,48.0,Large
All,1,111111,"{AB, AVC, Atria, LV, OFT, RV}",001000,{LV},2,4,0,111111,"{AB, AVC, Atria, LV, OFT, RV}",E8.5-237,85.0,Large
All,1,111111,"{AB, AVC, Atria, LV, OFT, RV}",001000,{LV},2,4,0,111111,"{AB, AVC, Atria, LV, OFT, RV}",E8.5-25,91.0,Large
All,1,111111,"{AB, AVC, Atria, LV, OFT, RV}",001000,{LV},2,4,0,111111,"{AB, AVC, Atria, LV, OFT, RV}",E8.5-166,36.0,Large
All,1,111111,"{AB, AVC, Atria, LV, OFT, RV}",001000,{LV},2,4,0,111111,"{AB, AVC, Atria, LV, OFT, RV}",E8.5-181,21.0,Small
All,1,111111,"{AB, AVC, Atria, LV, OFT, RV}",001000,{LV},2,4,0,111111,"{AB, AVC, Atria, LV, OFT, RV}",E8.5-175,24.0,Small
All,1,111111,"{AB, AVC, Atria, LV, OFT, RV}",001000,{LV},2,4,0,111111,"{AB, AVC, Atria, LV, OFT, RV}",E8.5-96,42.0,Large
All,1,111111,"{AB, AVC, Atria, LV, OFT, RV}",001000,{LV},2,4,0,111111,"{AB, AVC, Atria, LV, OFT, RV}",E8.5-124,4.0,Small
All,1,111111,"{AB, AVC, Atria, LV, OFT, RV}",001000,{LV},2,4,0,111111,"{AB, AVC, Atria, LV, OFT, RV}",E8.5-23,4.0,Small
All,1,111111,"{AB, AVC, Atria, LV, OFT, RV}",001000,{LV},2,4,0,111111,"{AB, AVC, Atria, LV, OFT, RV}",E8.5-57,4.0,Small
All,1,111111,"{AB, AVC, Atria, LV, OFT, RV}",001000,{LV},2,4,0,111111,"{AB, AVC, Atria, LV, OFT, RV}",E8.5-208,5.0,Small
All,1,111111,"{AB, AVC, Atria, LV, OFT, RV}",001000,{LV},2,4,0,111111,"{AB, AVC, Atria, LV, OFT, RV}",E8.5-22,8.0,Small
All,1,111111,"{AB, AVC, Atria, LV, OFT, RV}",001000,{LV},2,4,0,111111,"{AB, AVC, Atria, LV, OFT, RV}",E8.5-62,8.0,Small
All,1,111111,"{AB, AVC, Atria, LV, OFT, RV}",001000,{LV},2,4,0,111111,"{AB, AVC, Atria, LV, OFT, RV}",E8.5-89,8.0,Small
All,1,111111,"{AB, AVC, Atria, LV, OFT, RV}",001000,{LV},2,4,0,111111,"{AB, AVC, Atria, LV, OFT, RV}",E8.5-132,8.0,Small
All,1,111111,"{AB, AVC, Atria, LV, OFT, RV}",001000,{LV},2,4,0,111111,"{AB, AVC, Atria, LV, OFT, RV}",E8.5-98,11.0,Small
All,1,111111,"{AB, AVC, Atria, LV, OFT, RV}",001000,{LV},2,4,0,111111,"{AB, AVC, Atria, LV, OFT, RV}",E8.5-159,12.0,Small
All,1,111111,"{AB, AVC, Atria, LV, OFT, RV}",001000,{LV},2,4,0,111111,"{AB, AVC, Atria, LV, OFT, RV}",E8.5-162,16.0,Small
All,1,111111,"{AB, AVC, Atria, LV, OFT, RV}",001000,{LV},2,4,0,111111,"{AB, AVC, Atria, LV, OFT, RV}",E8.5-153,27.0,Small
All,1,111111,"{AB, AVC, Atria, LV, OFT, RV}",001000,{LV},2,4,0,111111,"{AB, AVC, Atria, LV, OFT, RV}",E8.5-180,30.0,Small
All,1,111111,"{AB, AVC, Atria, LV, OFT, RV}",001000,{LV},2,4,1,011111,"{AB, AVC, Atria, LV, RV}",E8.5-2,82.0,Large
All,1,111111,"{AB, AVC, Atria, LV, OFT, RV}",001000,{LV},2,4,1,011111,"{AB, AVC, Atria, LV, RV}",E8.5-170,142.0,
All,1,111111,"{AB, AVC, Atria, LV, OFT, RV}",001000,{LV},2,4,1,011111,"{AB, AVC, Atria, LV, RV}",E8.5-156,48.0,Large
All,1,111111,"{AB, AVC, Atria, LV, OFT, RV}",001000,{LV},2,4,1,011111,"{AB, AVC, Atria, LV, RV}",E8.5-237,85.0,Large
All,1,111111,"{AB, AVC, Atria, LV, OFT, RV}",001000,{LV},2,4,1,011111,"{AB, AVC, Atria, LV, RV}",E8.5-25,91.0,Large
All,1,111111,"{AB, AVC, Atria, LV, OFT, RV}",001000,{LV},2,4,1,011111,"{AB, AVC, Atria, LV, RV}",E8.5-166,36.0,Large
All,1,111111,"{AB, AVC, Atria, LV, OFT, RV}",001000,{LV},2,4,1,011111,"{AB, AVC, Atria, LV, RV}",E8.5-181,21.0,Small
All,1,111111,"{AB, AVC, Atria, LV, OFT, RV}",001000,{LV},2,4,1,011111,"{AB, AVC, Atria, LV, RV}",E8.5-175,24.0,Small
All,1,111111,"{AB, AVC, Atria, LV, OFT, RV}",001000,{LV},2,4,1,011111,"{AB, AVC, Atria, LV, RV}",E8.5-96,42.0,Large
All,1,111111,"{AB, AVC, Atria, LV, OFT, RV}",001000,{LV},2,4,1,011111,"{AB, AVC, Atria, LV, RV}",E8.5-124,4.0,Small
All,1,111111,"{AB, AVC, Atria, LV, OFT, RV}",001000,{LV},2,4,1,011111,"{AB, AVC, Atria, LV, RV}",E8.5-23,4.0,Small
All,1,111111,"{AB, AVC, Atria, LV, OFT, RV}",001000,{LV},2,4,1,011111,"{AB, AVC, Atria, LV, RV}",E8.5-57,4.0,Small
All,1,111111,"{AB, AVC, Atria, LV, OFT, RV}",001000,{LV},2,4,1,011111,"{AB, AVC, Atria, LV, RV}",E8.5-208,5.0,Small
All,1,111111,"{AB, AVC, Atria, LV, OFT, RV}",001000,{LV},2,4,1,011111,"{AB, AVC, Atria, LV, RV}",E8.5-22,8.0,Small
All,1,111111,"{AB, AVC, Atria, LV, OFT, RV}",001000,{LV},2,4,1,011111,"{AB, AVC, Atria, LV, RV}",E8.5-62,8.0,Small
All,1,111111,"{AB, AVC, Atria, LV, OFT, RV}",001000,{LV},2,4,1,011111,"{AB, AVC, Atria, LV, RV}",E8.5-89,8.0,Small
All,1,111111,"{AB, AVC, Atria, LV, OFT, RV}",001000,{LV},2,4,1,011111,"{AB, AVC, Atria, LV, RV}",E8.5-132,8.0,Small
All,1,111111,"{AB, AVC, Atria, LV, OFT, RV}",001000,{LV},2,4,1,011111,"{AB, AVC, Atria, LV, RV}",E8.5-98,11.0,Small
All,1,111111,"{AB, AVC, Atria, LV, OFT, RV}",001000,{LV},2,4,1,011111,"{AB, AVC, Atria, LV, RV}",E8.5-159,12.0,Small
All,1,111111,"{AB, AVC, Atria, LV, OFT, RV}",001000,{LV},2,4,1,011111,"{AB, AVC, Atria, LV, RV}",E8.5-162,16.0,Small
All,1,111111,"{AB, AVC, Atria, LV, OFT, RV}",001000,{LV},2,4,1,011111,"{AB, AVC, Atria, LV, RV}",E8.5-153,27.0,Small
All,1,111111,"{AB, AVC, Atria, LV, OFT, RV}",001000,{LV},2,4,1,011111,"{AB, AVC, Atria, LV, RV}",E8.5-180,30.0,Small
All,1,111111,"{AB, AVC, Atria, LV, OFT, RV}",001000,{LV},2,4,2,011101,"{AVC, Atria, LV, RV}",E8.5-2,82.0,Large
All,1,111111,"{AB, AVC, Atria, LV, OFT, RV}",001000,{LV},2,4,2,011101,"{AVC, Atria, LV, RV}",E8.5-170,142.0,
All,1,111111,"{AB, AVC, Atria, LV, OFT, RV}",001000,{LV},2,4,2,011101,"{AVC, Atria, LV, RV}",E8.5-156,48.0,Large
All,1,111111,"{AB, AVC, Atria, LV, OFT, RV}",001000,{LV},2,4,2,011101,"{AVC, Atria, LV, RV}",E8.5-237,85.0,Large
All,1,111111,"{AB, AVC, Atria, LV, OFT, RV}",001000,{LV},2,4,2,011101,"{AVC, Atria, LV, RV}",E8.5-25,91.0,Large
All,1,111111,"{AB, AVC, Atria, LV, OFT, RV}",001000,{LV},2,4,2,011101,"{AVC, Atria, LV, RV}",E8.5-166,36.0,Large
All,1,111111,"{AB, AVC, Atria, LV, OFT, RV}",001000,{LV},2,4,2,011101,"{AVC, Atria, LV, RV}",E8.5-181,21.0,Small
All,1,111111,"{AB, AVC, Atria, LV, OFT, RV}",001000,{LV},2,4,2,011101,"{AVC, Atria, LV, RV}",E8.5-175,24.0,Small
All,1,111111,"{AB, AVC, Atria, LV, OFT, RV}",001000,{LV},2,4,2,011101,"{AVC, Atria, LV, RV}",E8.5-96,42.0,Large
All,1,111111,"{AB, AVC, Atria, LV, OFT, RV}",001000,{LV},2,4,2,011101,"{AVC, Atria, LV, RV}",E8.5-124,4.0,Small
All,1,111111,"{AB, AVC, Atria, LV, OFT, RV}",001000,{LV},2,4,2,011101,"{AVC, Atria, LV, RV}",E8.5-23,4.0,Small
All,1,111111,"{AB, AVC, Atria, LV, OFT, RV}",001000,{LV},2,4,2,011101,"{AVC, Atria, LV, RV}",E8.5-57,4.0,Small
All,1,111111,"{AB, AVC, Atria, LV, OFT, RV}",001000,{LV},2,4,2,011101,"{AVC, Atria, LV, RV}",E8.5-208,5.0,Small
All,1,111111,"{AB, AVC, Atria, LV, OFT, RV}",001000,{LV},2,4,2,011101,"{AVC, Atria, LV, RV}",E8.5-22,8.0,Small
All,1,111111,"{AB, AVC, Atria, LV, OFT, RV}",001000,{LV},2,4,2,011101,"{AVC, Atria, LV, RV}",E8.5-62,8.0,Small
All,1,111111,"{AB, AVC, Atria, LV, OFT, RV}",001000,{LV},2,4,2,011101,"{AVC, Atria, LV, RV}",E8.5-89,8.0,Small
All,1,111111,"{AB, AVC, Atria, LV, OFT, RV}",001000,{LV},2,4,2,011101,"{AVC, Atria, LV, RV}",E8.5-132,8.0,Small
All,1,111111,"{AB, AVC, Atria, LV, OFT, RV}",001000,{LV},2,4,2,011101,"{AVC, Atria, LV, RV}",E8.5-98,11.0,Small
All,1,111111,"{AB, AVC, Atria, LV, OFT, RV}",001000,{LV},2,4,2,011101,"{AVC, Atria, LV, RV}",E8.5-159,12.0,Small
All,1,111111,"{AB, AVC, Atria, LV, OFT, RV}",001000,{LV},2,4,2,011101,"{AVC, Atria, LV, RV}",E8.5-162,16.0,Small
All,1,111111,"{AB, AVC, Atria, LV, OFT, RV}",001000,{LV},2,4,2,011101,"{AVC, Atria, LV, RV}",E8.5-153,27.0,Small
All,1,111111,"{AB, AVC, Atria, LV, OFT, RV}",001000,{LV},2,4,2,011101,"{AVC, Atria, LV, RV}",E8.5-180,30.0,Small
All,1,111111,"{AB, AVC, Atria, LV, OFT, RV}",001000,{LV},2,4,3,011000,"{LV, RV}",E8.5-2,82.0,Large
All,1,111111,"{AB, AVC, Atria, LV, OFT, RV}",001000,{LV},2,4,3,011000,"{LV, RV}",E8.5-170,142.0,
All,1,111111,"{AB, AVC, Atria, LV, OFT, RV}",001000,{LV},2,4,3,011000,"{LV, RV}",E8.5-156,48.0,Large
All,1,111111,"{AB, AVC, Atria, LV, OFT, RV}",001000,{LV},2,4,3,011000,"{LV, RV}",E8.5-237,85.0,Large
All,1,111111,"{AB, AVC, Atria, LV, OFT, RV}",001000,{LV},2,4,3,011000,"{LV, RV}",E8.5-25,91.0,Large
All,1,111111,"{AB, AVC, Atria, LV, OFT, RV}",001000,{LV},2,4,3,011000,"{LV, RV}",E8.5-166,36.0,Large
All,1,111111,"{AB, AVC, Atria, LV, OFT, RV}",001000,{LV},2,4,3,011000,"{LV, RV}",E8.5-181,21.0,Small
All,1,111111,"{AB, AVC, Atria, LV, OFT, RV}",001000,{LV},2,4,3,011000,"{LV, RV}",E8.5-175,24.0,Small
All,1,111111,"{AB, AVC, Atria, LV, OFT, RV}",001000,{LV},2,4,3,011000,"{LV, RV}",E8.5-96,42.0,Large
All,1,111111,"{AB, AVC, Atria, LV, OFT, RV}",001000,{LV},2,4,3,011000,"{LV, RV}",E8.5-124,4.0,Small
All,1,111111,"{AB, AVC, Atria, LV, OFT, RV}",001000,{LV},2,4,3,011000,"{LV, RV}",E8.5-23,4.0,Small
All,1,111111,"{AB, AVC, Atria, LV, OFT, RV}",001000,{LV},2,4,3,011000,"{LV, RV}",E8.5-57,4.0,Small
All,1,111111,"{AB, AVC, Atria, LV, OFT, RV}",001000,{LV},2,4,3,011000,"{LV, RV}",E8.5-208,5.0,Small
All,1,111111,"{AB, AVC, Atria, LV, OFT, RV}",001000,{LV},2,4,3,011000,"{LV, RV}",E8.5-22,8.0,Small
All,1,111111,"{AB, AVC, Atria, LV, OFT, RV}",001000,{LV},2,4,3,011000,"{LV, RV}",E8.5-62,8.0,Small
All,1,111111,"{AB, AVC, Atria, LV, OFT, RV}",001000,{LV},2,4,3,011000,"{LV, RV}",E8.5-89,8.0,Small
All,1,111111,"{AB, AVC, Atria, LV, OFT, RV}",001000,{LV},2,4,3,011000,"{LV, RV}",E8.5-132,8.0,Small
All,1,111111,"{AB, AVC, Atria, LV, OFT, RV}",001000,{LV},2,4,3,011000,"{LV, RV}",E8.5-98,11.0,Small
All,1,111111,"{AB, AVC, Atria, LV, OFT, RV}",001000,{LV},2,4,3,011000,"{LV, RV}",E8.5-159,12.0,Small
All,1,111111,"{AB, AVC, Atria, LV, OFT, RV}",001000,{LV},2,4,3,011000,"{LV, RV}",E8.5-162,16.0,Small
All,1,111111,"{AB, AVC, Atria, LV, OFT, RV}",001000,{LV},2,4,3,011000,"{LV, RV}",E8.5-153,27.0,Small
All,1,111111,"{AB, AVC, Atria, LV, OFT, RV}",001000,{LV},2,4,3,011000,"{LV, RV}",E8.5-180,30.0,Small
All,1,111111,"{AB, AVC, Atria, LV, OFT, RV}",001000,{LV},2,4,4,001000,{LV},E8.5-2,82.0,Large
All,1,111111,"{AB, AVC, Atria, LV, OFT, RV}",001000,{LV},2,4,4,001000,{LV},E8.5-170,142.0,
All,1,111111,"{AB, AVC, Atria, LV, OFT, RV}",001000,{LV},2,4,4,001000,{LV},E8.5-156,48.0,Large
All,1,111111,"{AB, AVC, Atria, LV, OFT, RV}",001000,{LV},2,4,4,001000,{LV},E8.5-237,85.0,Large
All,1,111111,"{AB, AVC, Atria, LV, OFT, RV}",001000,{LV},2,4,4,001000,{LV},E8.5-25,91.0,Large
All,1,111111,"{AB, AVC, Atria, LV, OFT, RV}",001000,{LV},2,4,4,001000,{LV},E8.5-166,36.0,Large
All,1,111111,"{AB, AVC, Atria, LV, OFT, RV}",001000,{LV},2,4,4,001000,{LV},E8.5-181,21.0,Small
All,1,111111,"{AB, AVC, Atria, LV, OFT, RV}",001000,{LV},2,4,4,001000,{LV},E8.5-175,24.0,Small
All,1,111111,"{AB, AVC, Atria, LV, OFT, RV}",001000,{LV},2,4,4,001000,{LV},E8.5-96,42.0,Large
All,1,111111,"{AB, AVC, Atria, LV, OFT, RV}",001000,{LV},2,4,4,001000,{LV},E8.5-124,4.0,Small
All,1,111111,"{AB, AVC, Atria, LV, OFT, RV}",001000,{LV},2,4,4,001000,{LV},E8.5-23,4.0,Small
All,1,111111,"{AB, AVC, Atria, LV, OFT, RV}",001000,{LV},2,4,4,001000,{LV},E8.5-57,4.0,Small
All,1,111111,"{AB, AVC, Atria, LV, OFT, RV}",001000,{LV},2,4,4,001000,{LV},E8.5-208,5.0,Small
All,1,111111,"{AB, AVC, Atria, LV, OFT, RV}",001000,{LV},2,4,4,001000,{LV},E8.5-22,8.0,Small
All,1,111111,"{AB, AVC, Atria, LV, OFT, RV}",001000,{LV},2,4,4,001000,{LV},E8.5-62,8.0,Small
All,1,111111,"{AB, AVC, Atria, LV, OFT, RV}",001000,{LV},2,4,4,001000,{LV},E8.5-89,8.0,Small
All,1,111111,"{AB, AVC, Atria, LV, OFT, RV}",001000,{LV},2,4,4,001000,{LV},E8.5-132,8.0,Small
All,1,111111,"{AB, AVC, Atria, LV, OFT, RV}",001000,{LV},2,4,4,001000,{LV},E8.5-98,11.0,Small
All,1,111111,"{AB, AVC, Atria, LV, OFT, RV}",001000,{LV},2,4,4,001000,{LV},E8.5-159,12.0,Small
All,1,111111,"{AB, AVC, Atria, LV, OFT, RV}",001000,{LV},2,4,4,001000,{LV},E8.5-162,16.0,Small
All,1,111111,"{AB, AVC, Atria, LV, OFT, RV}",001000,{LV},2,4,4,001000,{LV},E8.5-153,27.0,Small
All,1,111111,"{AB, AVC, Atria, LV, OFT, RV}",001000,{LV},2,4,4,001000,{LV},E8.5-180,30.0,Small
All,1,111111,"{AB, AVC, Atria, LV, OFT, RV}",001000,{LV},3,3,0,111111,"{AB, AVC, Atria, LV, OFT, RV}",E8.5-2,82.0,Large
All,1,111111,"{AB, AVC, Atria, LV, OFT, RV}",001000,{LV},3,3,0,111111,"{AB, AVC, Atria, LV, OFT, RV}",E8.5-170,142.0,
All,1,111111,"{AB, AVC, Atria, LV, OFT, RV}",001000,{LV},3,3,0,111111,"{AB, AVC, Atria, LV, OFT, RV}",E8.5-156,48.0,Large
All,1,111111,"{AB, AVC, Atria, LV, OFT, RV}",001000,{LV},3,3,0,111111,"{AB, AVC, Atria, LV, OFT, RV}",E8.5-237,85.0,Large
All,1,111111,"{AB, AVC, Atria, LV, OFT, RV}",001000,{LV},3,3,0,111111,"{AB, AVC, Atria, LV, OFT, RV}",E8.5-25,91.0,Large
All,1,111111,"{AB, AVC, Atria, LV, OFT, RV}",001000,{LV},3,3,0,111111,"{AB, AVC, Atria, LV, OFT, RV}",E8.5-77,35.0,Large
All,1,111111,"{AB, AVC, Atria, LV, OFT, RV}",001000,{LV},3,3,0,111111,"{AB, AVC, Atria, LV, OFT, RV}",E8.5-124,4.0,Small
All,1,111111,"{AB, AVC, Atria, LV, OFT, RV}",001000,{LV},3,3,0,111111,"{AB, AVC, Atria, LV, OFT, RV}",E8.5-23,4.0,Small
All,1,111111,"{AB, AVC, Atria, LV, OFT, RV}",001000,{LV},3,3,0,111111,"{AB, AVC, Atria, LV, OFT, RV}",E8.5-57,4.0,Small
All,1,111111,"{AB, AVC, Atria, LV, OFT, RV}",001000,{LV},3,3,0,111111,"{AB, AVC, Atria, LV, OFT, RV}",E8.5-208,5.0,Small
All,1,111111,"{AB, AVC, Atria, LV, OFT, RV}",001000,{LV},3,3,0,111111,"{AB, AVC, Atria, LV, OFT, RV}",E8.5-22,8.0,Small
All,1,111111,"{AB, AVC, Atria, LV, OFT, RV}",001000,{LV},3,3,0,111111,"{AB, AVC, Atria, LV, OFT, RV}",E8.5-62,8.0,Small
All,1,111111,"{AB, AVC, Atria, LV, OFT, RV}",001000,{LV},3,3,0,111111,"{AB, AVC, Atria, LV, OFT, RV}",E8.5-89,8.0,Small
All,1,111111,"{AB, AVC, Atria, LV, OFT, RV}",001000,{LV},3,3,0,111111,"{AB, AVC, Atria, LV, OFT, RV}",E8.5-132,8.0,Small
All,1,111111,"{AB, AVC, Atria, LV, OFT, RV}",001000,{LV},3,3,0,111111,"{AB, AVC, Atria, LV, OFT, RV}",E8.5-98,11.0,Small
All,1,111111,"{AB, AVC, Atria, LV, OFT, RV}",001000,{LV},3,3,0,111111,"{AB, AVC, Atria, LV, OFT, RV}",E8.5-159,12.0,Small
All,1,111111,"{AB, AVC, Atria, LV, OFT, RV}",001000,{LV},3,3,0,111111,"{AB, AVC, Atria, LV, OFT, RV}",E8.5-162,16.0,Small
All,1,111111,"{AB, AVC, Atria, LV, OFT, RV}",001000,{LV},3,3,0,111111,"{AB, AVC, Atria, LV, OFT, RV}",E8.5-153,27.0,Small
All,1,111111,"{AB, AVC, Atria, LV, OFT, RV}",001000,{LV},3,3,0,111111,"{AB, AVC, Atria, LV, OFT, RV}",E8.5-180,30.0,Small
All,1,111111,"{AB, AVC, Atria, LV, OFT, RV}",001000,{LV},3,3,1,011111,"{AB, AVC, Atria, LV, RV}",E8.5-2,82.0,Large
All,1,111111,"{AB, AVC, Atria, LV, OFT, RV}",001000,{LV},3,3,1,011111,"{AB, AVC, Atria, LV, RV}",E8.5-170,142.0,
All,1,111111,"{AB, AVC, Atria, LV, OFT, RV}",001000,{LV},3,3,1,011111,"{AB, AVC, Atria, LV, RV}",E8.5-156,48.0,Large
All,1,111111,"{AB, AVC, Atria, LV, OFT, RV}",001000,{LV},3,3,1,011111,"{AB, AVC, Atria, LV, RV}",E8.5-237,85.0,Large
All,1,111111,"{AB, AVC, Atria, LV, OFT, RV}",001000,{LV},3,3,1,011111,"{AB, AVC, Atria, LV, RV}",E8.5-25,91.0,Large
All,1,111111,"{AB, AVC, Atria, LV, OFT, RV}",001000,{LV},3,3,1,011111,"{AB, AVC, Atria, LV, RV}",E8.5-77,35.0,Large
All,1,111111,"{AB, AVC, Atria, LV, OFT, RV}",001000,{LV},3,3,1,011111,"{AB, AVC, Atria, LV, RV}",E8.5-124,4.0,Small
All,1,111111,"{AB, AVC, Atria, LV, OFT, RV}",001000,{LV},3,3,1,011111,"{AB, AVC, Atria, LV, RV}",E8.5-23,4.0,Small
All,1,111111,"{AB, AVC, Atria, LV, OFT, RV}",001000,{LV},3,3,1,011111,"{AB, AVC, Atria, LV, RV}",E8.5-57,4.0,Small
All,1,111111,"{AB, AVC, Atria, LV, OFT, RV}",001000,{LV},3,3,1,011111,"{AB, AVC, Atria, LV, RV}",E8.5-208,5.0,Small
All,1,111111,"{AB, AVC, Atria, LV, OFT, RV}",001000,{LV},3,3,1,011111,"{AB, AVC, Atria, LV, RV}",E8.5-22,8.0,Small
All,1,111111,"{AB, AVC, Atria, LV, OFT, RV}",001000,{LV},3,3,1,011111,"{AB, AVC, Atria, LV, RV}",E8.5-62,8.0,Small
All,1,111111,"{AB, AVC, Atria, LV, OFT, RV}",001000,{LV},3,3,1,011111,"{AB, AVC, Atria, LV, RV}",E8.5-89,8.0,Small
All,1,111111,"{AB, AVC, Atria, LV, OFT, RV}",001000,{LV},3,3,1,011111,"{AB, AVC, Atria, LV, RV}",E8.5-132,8.0,Small
All,1,111111,"{AB, AVC, Atria, LV, OFT, RV}",001000,{LV},3,3,1,011111,"{AB, AVC, Atria, LV, RV}",E8.5-98,11.0,Small
All,1,111111,"{AB, AVC, Atria, LV, OFT, RV}",001000,{LV},3,3,1,011111,"{AB, AVC, Atria, LV, RV}",E8.5-159,12.0,Small
All,1,111111,"{AB, AVC, Atria, LV, OFT, RV}",001000,{LV},3,3,1,011111,"{AB, AVC, Atria, LV, RV}",E8.5-162,16.0,Small
All,1,111111,"{AB, AVC, Atria, LV, OFT, RV}",001000,{LV},3,3,1,011111,"{AB, AVC, Atria, LV, RV}",E8.5-153,27.0,Small
All,1,111111,"{AB, AVC, Atria, LV, OFT, RV}",001000,{LV},3,3,1,011111,"{AB, AVC, Atria, LV, RV}",E8.5-180,30.0,Small
All,1,111111,"{AB, AVC, Atria, LV, OFT, RV}",001000,{LV},3,3,2,001101,"{AVC, Atria, LV}",E8.5-2,82.0,Large
All,1,111111,"{AB, AVC, Atria, LV, OFT, RV}",001000,{LV},3,3,2,001101,"{AVC, Atria, LV}",E8.5-170,142.0,
All,1,111111,"{AB, AVC, Atria, LV, OFT, RV}",001000,{LV},3,3,2,001101,"{AVC, Atria, LV}",E8.5-156,48.0,Large
All,1,111111,"{AB, AVC, Atria, LV, OFT, RV}",001000,{LV},3,3,2,001101,"{AVC, Atria, LV}",E8.5-237,85.0,Large
All,1,111111,"{AB, AVC, Atria, LV, OFT, RV}",001000,{LV},3,3,2,001101,"{AVC, Atria, LV}",E8.5-25,91.0,Large
All,1,111111,"{AB, AVC, Atria, LV, OFT, RV}",001000,{LV},3,3,2,001101,"{AVC, Atria, LV}",E8.5-77,35.0,Large
All,1,111111,"{AB, AVC, Atria, LV, OFT, RV}",001000,{LV},3,3,2,001101,"{AVC, Atria, LV}",E8.5-124,4.0,Small
All,1,111111,"{AB, AVC, Atria, LV, OFT, RV}",001000,{LV},3,3,2,001101,"{AVC, Atria, LV}",E8.5-23,4.0,Small
All,1,111111,"{AB, AVC, Atria, LV, OFT, RV}",001000,{LV},3,3,2,001101,"{AVC, Atria, LV}",E8.5-57,4.0,Small
All,1,111111,"{AB, AVC, Atria, LV, OFT, RV}",001000,{LV},3,3,2,001101,"{AVC, Atria, LV}",E8.5-208,5.0,Small
All,1,111111,"{AB, AVC, Atria, LV, OFT, RV}",001000,{LV},3,3,2,001101,"{AVC, Atria, LV}",E8.5-22,8.0,Small
All,1,111111,"{AB, AVC, Atria, LV, OFT, RV}",001000,{LV},3,3,2,001101,"{AVC, Atria, LV}",E8.5-62,8.0,Small
All,1,111111,"{AB, AVC, Atria, LV, OFT, RV}",001000,{LV},3,3,2,001101,"{AVC, Atria, LV}",E8.5-89,8.0,Small
All,1,111111,"{AB, AVC, Atria, LV, OFT, RV}",001000,{LV},3,3,2,001101,"{AVC, Atria, LV}",E8.5-132,8.0,Small
All,1,111111,"{AB, AVC, Atria, LV, OFT, RV}",001000,{LV},3,3,2,001101,"{AVC, Atria, LV}",E8.5-98,11.0,Small
All,1,111111,"{AB, AVC, Atria, LV, OFT, RV}",001000,{LV},3,3,2,001101,"{AVC, Atria, LV}",E8.5-159,12.0,Small
All,1,111111,"{AB, AVC, Atria, LV, OFT, RV}",001000,{LV},3,3,2,001101,"{AVC, Atria, LV}",E8.5-162,16.0,Small
All,1,111111,"{AB, AVC, Atria, LV, OFT, RV}",001000,{LV},3,3,2,001101,"{AVC, Atria, LV}",E8.5-153,27.0,Small
All,1,111111,"{AB, AVC, Atria, LV, OFT, RV}",001000,{LV},3,3,2,001101,"{AVC, Atria, LV}",E8.5-180,30.0,Small
All,1,111111,"{AB, AVC, Atria, LV, OFT, RV}",001000,{LV},3,3,3,001000,{LV},E8.5-2,82.0,Large
All,1,111111,"{AB, AVC, Atria, LV, OFT, RV}",001000,{LV},3,3,3,001000,{LV},E8.5-170,142.0,
All,1,111111,"{AB, AVC, Atria, LV, OFT, RV}",001000,{LV},3,3,3,001000,{LV},E8.5-156,48.0,Large
All,1,111111,"{AB, AVC, Atria, LV, OFT, RV}",001000,{LV},3,3,3,001000,{LV},E8.5-237,85.0,Large
All,1,111111,"{AB, AVC, Atria, LV, OFT, RV}",001000,{LV},3,3,3,001000,{LV},E8.5-25,91.0,Large
All,1,111111,"{AB, AVC, Atria, LV, OFT, RV}",001000,{LV},3,3,3,001000,{LV},E8.5-77,35.0,Large
All,1,111111,"{AB, AVC, Atria, LV, OFT, RV}",001000,{LV},3,3,3,001000,{LV},E8.5-124,4.0,Small
All,1,111111,"{AB, AVC, Atria, LV, OFT, RV}",001000,{LV},3,3,3,001000,{LV},E8.5-23,4.0,Small
All,1,111111,"{AB, AVC, Atria, LV, OFT, RV}",001000,{LV},3,3,3,001000,{LV},E8.5-57,4.0,Small
All,1,111111,"{AB, AVC, Atria, LV, OFT, RV}",001000,{LV},3,3,3,001000,{LV},E8.5-208,5.0,Small
All,1,111111,"{AB, AVC, Atria, LV, OFT, RV}",001000,{LV},3,3,3,001000,{LV},E8.5-22,8.0,Small
All,1,111111,"{AB, AVC, Atria, LV, OFT, RV}",001000,{LV},3,3,3,001000,{LV},E8.5-62,8.0,Small
All,1,111111,"{AB, AVC, Atria, LV, OFT, RV}",001000,{LV},3,3,3,001000,{LV},E8.5-89,8.0,Small
All,1,111111,"{AB, AVC, Atria, LV, OFT, RV}",001000,{LV},3,3,3,001000,{LV},E8.5-132,8.0,Small
All,1,111111,"{AB, AVC, Atria, LV, OFT, RV}",001000,{LV},3,3,3,001000,{LV},E8.5-98,11.0,Small
All,1,111111,"{AB, AVC, Atria, LV, OFT, RV}",001000,{LV},3,3,3,001000,{LV},E8.5-159,12.0,Small
All,1,111111,"{AB, AVC, Atria, LV, OFT, RV}",001000,{LV},3,3,3,001000,{LV},E8.5-162,16.0,Small
All,1,111111,"{AB, AVC, Atria, LV, OFT, RV}",001000,{LV},3,3,3,001000,{LV},E8.5-153,27.0,Small
All,1,111111,"{AB, AVC, Atria, LV, OFT, RV}",001000,{LV},3,3,3,001000,{LV},E8.5-180,30.0,Small
All,1,111111,"{AB, AVC, Atria, LV, OFT, RV}",001000,{LV},4,4,0,111111,"{AB, AVC, Atria, LV, OFT, RV}",E8.5-2,82.0,Large
All,1,111111,"{AB, AVC, Atria, LV, OFT, RV}",001000,{LV},4,4,0,111111,"{AB, AVC, Atria, LV, OFT, RV}",E8.5-170,142.0,
All,1,111111,"{AB, AVC, Atria, LV, OFT, RV}",001000,{LV},4,4,0,111111,"{AB, AVC, Atria, LV, OFT, RV}",E8.5-156,48.0,Large
All,1,111111,"{AB, AVC, Atria, LV, OFT, RV}",001000,{LV},4,4,0,111111,"{AB, AVC, Atria, LV, OFT, RV}",E8.5-237,85.0,Large
All,1,111111,"{AB, AVC, Atria, LV, OFT, RV}",001000,{LV},4,4,0,111111,"{AB, AVC, Atria, LV, OFT, RV}",E8.5-25,91.0,Large
All,1,111111,"{AB, AVC, Atria, LV, OFT, RV}",001000,{LV},4,4,0,111111,"{AB, AVC, Atria, LV, OFT, RV}",E8.5-215,41.0,Large
All,1,111111,"{AB, AVC, Atria, LV, OFT, RV}",001000,{LV},4,4,0,111111,"{AB, AVC, Atria, LV, OFT, RV}",E8.5-102,42.0,Large
All,1,111111,"{AB, AVC, Atria, LV, OFT, RV}",001000,{LV},4,4,0,111111,"{AB, AVC, Atria, LV, OFT, RV}",E8.5-181,21.0,Small
All,1,111111,"{AB, AVC, Atria, LV, OFT, RV}",001000,{LV},4,4,0,111111,"{AB, AVC, Atria, LV, OFT, RV}",E8.5-175,24.0,Small
All,1,111111,"{AB, AVC, Atria, LV, OFT, RV}",001000,{LV},4,4,0,111111,"{AB, AVC, Atria, LV, OFT, RV}",E8.5-96,42.0,Large
All,1,111111,"{AB, AVC, Atria, LV, OFT, RV}",001000,{LV},4,4,0,111111,"{AB, AVC, Atria, LV, OFT, RV}",E8.5-124,4.0,Small
All,1,111111,"{AB, AVC, Atria, LV, OFT, RV}",001000,{LV},4,4,0,111111,"{AB, AVC, Atria, LV, OFT, RV}",E8.5-23,4.0,Small
All,1,111111,"{AB, AVC, Atria, LV, OFT, RV}",001000,{LV},4,4,0,111111,"{AB, AVC, Atria, LV, OFT, RV}",E8.5-57,4.0,Small
All,1,111111,"{AB, AVC, Atria, LV, OFT, RV}",001000,{LV},4,4,0,111111,"{AB, AVC, Atria, LV, OFT, RV}",E8.5-208,5.0,Small
All,1,111111,"{AB, AVC, Atria, LV, OFT, RV}",001000,{LV},4,4,0,111111,"{AB, AVC, Atria, LV, OFT, RV}",E8.5-22,8.0,Small
All,1,111111,"{AB, AVC, Atria, LV, OFT, RV}",001000,{LV},4,4,0,111111,"{AB, AVC, Atria, LV, OFT, RV}",E8.5-62,8.0,Small
All,1,111111,"{AB, AVC, Atria, LV, OFT, RV}",001000,{LV},4,4,0,111111,"{AB, AVC, Atria, LV, OFT, RV}",E8.5-89,8.0,Small
All,1,111111,"{AB, AVC, Atria, LV, OFT, RV}",001000,{LV},4,4,0,111111,"{AB, AVC, Atria, LV, OFT, RV}",E8.5-132,8.0,Small
All,1,111111,"{AB, AVC, Atria, LV, OFT, RV}",001000,{LV},4,4,0,111111,"{AB, AVC, Atria, LV, OFT, RV}",E8.5-98,11.0,Small
All,1,111111,"{AB, AVC, Atria, LV, OFT, RV}",001000,{LV},4,4,0,111111,"{AB, AVC, Atria, LV, OFT, RV}",E8.5-159,12.0,Small
All,1,111111,"{AB, AVC, Atria, LV, OFT, RV}",001000,{LV},4,4,0,111111,"{AB, AVC, Atria, LV, OFT, RV}",E8.5-162,16.0,Small
All,1,111111,"{AB, AVC, Atria, LV, OFT, RV}",001000,{LV},4,4,0,111111,"{AB, AVC, Atria, LV, OFT, RV}",E8.5-153,27.0,Small
All,1,111111,"{AB, AVC, Atria, LV, OFT, RV}",001000,{LV},4,4,0,111111,"{AB, AVC, Atria, LV, OFT, RV}",E8.5-180,30.0,Small
All,1,111111,"{AB, AVC, Atria, LV, OFT, RV}",001000,{LV},4,4,1,011111,"{AB, AVC, Atria, LV, RV}",E8.5-2,82.0,Large
All,1,111111,"{AB, AVC, Atria, LV, OFT, RV}",001000,{LV},4,4,1,011111,"{AB, AVC, Atria, LV, RV}",E8.5-170,142.0,
All,1,111111,"{AB, AVC, Atria, LV, OFT, RV}",001000,{LV},4,4,1,011111,"{AB, AVC, Atria, LV, RV}",E8.5-156,48.0,Large
All,1,111111,"{AB, AVC, Atria, LV, OFT, RV}",001000,{LV},4,4,1,011111,"{AB, AVC, Atria, LV, RV}",E8.5-237,85.0,Large
All,1,111111,"{AB, AVC, Atria, LV, OFT, RV}",001000,{LV},4,4,1,011111,"{AB, AVC, Atria, LV, RV}",E8.5-25,91.0,Large
All,1,111111,"{AB, AVC, Atria, LV, OFT, RV}",001000,{LV},4,4,1,011111,"{AB, AVC, Atria, LV, RV}",E8.5-215,41.0,Large
All,1,111111,"{AB, AVC, Atria, LV, OFT, RV}",001000,{LV},4,4,1,011111,"{AB, AVC, Atria, LV, RV}",E8.5-102,42.0,Large
All,1,111111,"{AB, AVC, Atria, LV, OFT, RV}",001000,{LV},4,4,1,011111,"{AB, AVC, Atria, LV, RV}",E8.5-181,21.0,Small
All,1,111111,"{AB, AVC, Atria, LV, OFT, RV}",001000,{LV},4,4,1,011111,"{AB, AVC, Atria, LV, RV}",E8.5-175,24.0,Small
All,1,111111,"{AB, AVC, Atria, LV, OFT, RV}",001000,{LV},4,4,1,011111,"{AB, AVC, Atria, LV, RV}",E8.5-96,42.0,Large
All,1,111111,"{AB, AVC, Atria, LV, OFT, RV}",001000,{LV},4,4,1,011111,"{AB, AVC, Atria, LV, RV}",E8.5-124,4.0,Small
All,1,111111,"{AB, AVC, Atria, LV, OFT, RV}",001000,{LV},4,4,1,011111,"{AB, AVC, Atria, LV, RV}",E8.5-23,4.0,Small
All,1,111111,"{AB, AVC, Atria, LV, OFT, RV}",001000,{LV},4,4,1,011111,"{AB, AVC, Atria, LV, RV}",E8.5-57,4.0,Small
All,1,111111,"{AB, AVC, Atria, LV, OFT, RV}",001000,{LV},4,4,1,011111,"{AB, AVC, Atria, LV, RV}",E8.5-208,5.0,Small
All,1,111111,"{AB, AVC, Atria, LV, OFT, RV}",001000,{LV},4,4,1,011111,"{AB, AVC, Atria, LV, RV}",E8.5-22,8.0,Small
All,1,111111,"{AB, AVC, Atria, LV, OFT, RV}",001000,{LV},4,4,1,011111,"{AB, AVC, Atria, LV, RV}",E8.5-62,8.0,Small
All,1,111111,"{AB, AVC, Atria, LV, OFT, RV}",001000,{LV},4,4,1,011111,"{AB, AVC, Atria, LV, RV}",E8.5-89,8.0,Small
All,1,111111,"{AB, AVC, Atria, LV, OFT, RV}",001000,{LV},4,4,1,011111,"{AB, AVC, Atria, LV, RV}",E8.5-132,8.0,Small
All,1,111111,"{AB, AVC, Atria, LV, OFT, RV}",001000,{LV},4,4,1,011111,"{AB, AVC, Atria, LV, RV}",E8.5-98,11.0,Small
All,1,111111,"{AB, AVC, Atria, LV, OFT, RV}",001000,{LV},4,4,1,011111,"{AB, AVC, Atria, LV, RV}",E8.5-159,12.0,Small
All,1,111111,"{AB, AVC, Atria, LV, OFT, RV}",001000,{LV},4,4,1,011111,"{AB, AVC, Atria, LV, RV}",E8.5-162,16.0,Small
All,1,111111,"{AB, AVC, Atria, LV, OFT, RV}",001000,{LV},4,4,1,011111,"{AB, AVC, Atria, LV, RV}",E8.5-153,27.0,Small
All,1,111111,"{AB, AVC, Atria, LV, OFT, RV}",001000,{LV},4,4,1,011111,"{AB, AVC, Atria, LV, RV}",E8.5-180,30.0,Small
All,1,111111,"{AB, AVC, Atria, LV, OFT, RV}",001000,{LV},4,4,2,011100,"{AVC, LV, RV}",E8.5-2,82.0,Large
All,1,111111,"{AB, AVC, Atria, LV, OFT, RV}",001000,{LV},4,4,2,011100,"{AVC, LV, RV}",E8.5-170,142.0,
All,1,111111,"{AB, AVC, Atria, LV, OFT, RV}",001000,{LV},4,4,2,011100,"{AVC, LV, RV}",E8.5-156,48.0,Large
All,1,111111,"{AB, AVC, Atria, LV, OFT, RV}",001000,{LV},4,4,2,011100,"{AVC, LV, RV}",E8.5-237,85.0,Large
All,1,111111,"{AB, AVC, Atria, LV, OFT, RV}",001000,{LV},4,4,2,011100,"{AVC, LV, RV}",E8.5-25,91.0,Large
All,1,111111,"{AB, AVC, Atria, LV, OFT, RV}",001000,{LV},4,4,2,011100,"{AVC, LV, RV}",E8.5-215,41.0,Large
All,1,111111,"{AB, AVC, Atria, LV, OFT, RV}",001000,{LV},4,4,2,011100,"{AVC, LV, RV}",E8.5-102,42.0,Large
All,1,111111,"{AB, AVC, Atria, LV, OFT, RV}",001000,{LV},4,4,2,011100,"{AVC, LV, RV}",E8.5-181,21.0,Small
All,1,111111,"{AB, AVC, Atria, LV, OFT, RV}",001000,{LV},4,4,2,011100,"{AVC, LV, RV}",E8.5-175,24.0,Small
All,1,111111,"{AB, AVC, Atria, LV, OFT, RV}",001000,{LV},4,4,2,011100,"{AVC, LV, RV}",E8.5-96,42.0,Large
All,1,111111,"{AB, AVC, Atria, LV, OFT, RV}",001000,{LV},4,4,2,011100,"{AVC, LV, RV}",E8.5-124,4.0,Small
All,1,111111,"{AB, AVC, Atria, LV, OFT, RV}",001000,{LV},4,4,2,011100,"{AVC, LV, RV}",E8.5-23,4.0,Small
All,1,111111,"{AB, AVC, Atria, LV, OFT, RV}",001000,{LV},4,4,2,011100,"{AVC, LV, RV}",E8.5-57,4.0,Small
All,1,111111,"{AB, AVC, Atria, LV, OFT, RV}",001000,{LV},4,4,2,011100,"{AVC, LV, RV}",E8.5-208,5.0,Small
All,1,111111,"{AB, AVC, Atria, LV, OFT, RV}",001000,{LV},4,4,2,011100,"{AVC, LV, RV}",E8.5-22,8.0,Small
All,1,111111,"{AB, AVC, Atria, LV, OFT, RV}",001000,{LV},4,4,2,011100,"{AVC, LV, RV}",E8.5-62,8.0,Small
All,1,111111,"{AB, AVC, Atria, LV, OFT, RV}",001000,{LV},4,4,2,011100,"{AVC, LV, RV}",E8.5-89,8.0,Small
All,1,111111,"{AB, AVC, Atria, LV, OFT, RV}",001000,{LV},4,4,2,011100,"{AVC, LV, RV}",E8.5-132,8.0,Small
All,1,111111,"{AB, AVC, Atria, LV, OFT, RV}",001000,{LV},4,4,2,011100,"{AVC, LV, RV}",E8.5-98,11.0,Small
All,1,111111,"{AB, AVC, Atria, LV, OFT, RV}",001000,{LV},4,4,2,011100,"{AVC, LV, RV}",E8.5-159,12.0,Small
All,1,111111,"{AB, AVC, Atria, LV, OFT, RV}",001000,{LV},4,4,2,011100,"{AVC, LV, RV}",E8.5-162,16.0,Small
All,1,111111,"{AB, AVC, Atria, LV, OFT, RV}",001000,{LV},4,4,2,011100,"{AVC, LV, RV}",E8.5-153,27.0,Small
All,1,111111,"{AB, AVC, Atria, LV, OFT, RV}",001000,{LV},4,4,2,011100,"{AVC, LV, RV}",E8.5-180,30.0,Small
All,1,111111,"{AB, AVC, Atria, LV, OFT, RV}",001000,{LV},4,4,3,011000,"{LV, RV}",E8.5-2,82.0,Large
All,1,111111,"{AB, AVC, Atria, LV, OFT, RV}",001000,{LV},4,4,3,011000,"{LV, RV}",E8.5-170,142.0,
All,1,111111,"{AB, AVC, Atria, LV, OFT, RV}",001000,{LV},4,4,3,011000,"{LV, RV}",E8.5-156,48.0,Large
All,1,111111,"{AB, AVC, Atria, LV, OFT, RV}",001000,{LV},4,4,3,011000,"{LV, RV}",E8.5-237,85.0,Large
All,1,111111,"{AB, AVC, Atria, LV, OFT, RV}",001000,{LV},4,4,3,011000,"{LV, RV}",E8.5-25,91.0,Large
All,1,111111,"{AB, AVC, Atria, LV, OFT, RV}",001000,{LV},4,4,3,011000,"{LV, RV}",E8.5-215,41.0,Large
All,1,111111,"{AB, AVC, Atria, LV, OFT, RV}",001000,{LV},4,4,3,011000,"{LV, RV}",E8.5-102,42.0,Large
All,1,111111,"{AB, AVC, Atria, LV, OFT, RV}",001000,{LV},4,4,3,011000,"{LV, RV}",E8.5-181,21.0,Small
All,1,111111,"{AB, AVC, Atria, LV, OFT, RV}",001000,{LV},4,4,3,011000,"{LV, RV}",E8.5-175,24.0,Small
All,1,111111,"{AB, AVC, Atria, LV, OFT, RV}",001000,{LV},4,4,3,011000,"{LV, RV}",E8.5-96,42.0,Large
All,1,111111,"{AB, AVC, Atria, LV, OFT, RV}",001000,{LV},4,4,3,011000,"{LV, RV}",E8.5-124,4.0,Small
All,1,111111,"{AB, AVC, Atria, LV, OFT, RV}",001000,{LV},4,4,3,011000,"{LV, RV}",E8.5-23,4.0,Small
All,1,111111,"{AB, AVC, Atria, LV, OFT, RV}",001000,{LV},4,4,3,011000,"{LV, RV}",E8.5-57,4.0,Small
All,1,111111,"{AB, AVC, Atria, LV, OFT, RV}",001000,{LV},4,4,3,011000,"{LV, RV}",E8.5-208,5.0,Small
All,1,111111,"{AB, AVC, Atria, LV, OFT, RV}",001000,{LV},4,4,3,011000,"{LV, RV}",E8.5-22,8.0,Small
All,1,111111,"{AB, AVC, Atria, LV, OFT, RV}",001000,{LV},4,4,3,011000,"{LV, RV}",E8.5-62,8.0,Small
All,1,111111,"{AB, AVC, Atria, LV, OFT, RV}",001000,{LV},4,4,3,011000,"{LV, RV}",E8.5-89,8.0,Small
All,1,111111,"{AB, AVC, Atria, LV, OFT, RV}",001000,{LV},4,4,3,011000,"{LV, RV}",E8.5-132,8.0,Small
All,1,111111,"{AB, AVC, Atria, LV, OFT, RV}",001000,{LV},4,4,3,011000,"{LV, RV}",E8.5-98,11.0,Small
All,1,111111,"{AB, AVC, Atria, LV, OFT, RV}",001000,{LV},4,4,3,011000,"{LV, RV}",E8.5-159,12.0,Small
All,1,111111,"{AB, AVC, Atria, LV, OFT, RV}",001000,{LV},4,4,3,011000,"{LV, RV}",E8.5-162,16.0,Small
All,1,111111,"{AB, AVC, Atria, LV, OFT, RV}",001000,{LV},4,4,3,011000,"{LV, RV}",E8.5-153,27.0,Small
All,1,111111,"{AB, AVC, Atria, LV, OFT, RV}",001000,{LV},4,4,3,011000,"{LV, RV}",E8.5-180,30.0,Small
All,1,111111,"{AB, AVC, Atria, LV, OFT, RV}",001000,{LV},4,4,4,001000,{LV},E8.5-2,82.0,Large
All,1,111111,"{AB, AVC, Atria, LV, OFT, RV}",001000,{LV},4,4,4,001000,{LV},E8.5-170,142.0,
All,1,111111,"{AB, AVC, Atria, LV, OFT, RV}",001000,{LV},4,4,4,001000,{LV},E8.5-156,48.0,Large
All,1,111111,"{AB, AVC, Atria, LV, OFT, RV}",001000,{LV},4,4,4,001000,{LV},E8.5-237,85.0,Large
All,1,111111,"{AB, AVC, Atria, LV, OFT, RV}",001000,{LV},4,4,4,001000,{LV},E8.5-25,91.0,Large
All,1,111111,"{AB, AVC, Atria, LV, OFT, RV}",001000,{LV},4,4,4,001000,{LV},E8.5-215,41.0,Large
All,1,111111,"{AB, AVC, Atria, LV, OFT, RV}",001000,{LV},4,4,4,001000,{LV},E8.5-102,42.0,Large
All,1,111111,"{AB, AVC, Atria, LV, OFT, RV}",001000,{LV},4,4,4,001000,{LV},E8.5-181,21.0,Small
All,1,111111,"{AB, AVC, Atria, LV, OFT, RV}",001000,{LV},4,4,4,001000,{LV},E8.5-175,24.0,Small
All,1,111111,"{AB, AVC, Atria, LV, OFT, RV}",001000,{LV},4,4,4,001000,{LV},E8.5-96,42.0,Large
All,1,111111,"{AB, AVC, Atria, LV, OFT, RV}",001000,{LV},4,4,4,001000,{LV},E8.5-124,4.0,Small
All,1,111111,"{AB, AVC, Atria, LV, OFT, RV}",001000,{LV},4,4,4,001000,{LV},E8.5-23,4.0,Small
All,1,111111,"{AB, AVC, Atria, LV, OFT, RV}",001000,{LV},4,4,4,001000,{LV},E8.5-57,4.0,Small
All,1,111111,"{AB, AVC, Atria, LV, OFT, RV}",001000,{LV},4,4,4,001000,{LV},E8.5-208,5.0,Small
All,1,111111,"{AB, AVC, Atria, LV, OFT, RV}",001000,{LV},4,4,4,001000,{LV},E8.5-22,8.0,Small
All,1,111111,"{AB, AVC, Atria, LV, OFT, RV}",001000,{LV},4,4,4,001000,{LV},E8.5-62,8.0,Small
All,1,111111,"{AB, AVC, Atria, LV, OFT, RV}",001000,{LV},4,4,4,001000,{LV},E8.5-89,8.0,Small
All,1,111111,"{AB, AVC, Atria, LV, OFT, RV}",001000,{LV},4,4,4,001000,{LV},E8.5-132,8.0,Small
All,1,111111,"{AB, AVC, Atria, LV, OFT, RV}",001000,{LV},4,4,4,001000,{LV},E8.5-98,11.0,Small
All,1,111111,"{AB, AVC, Atria, LV, OFT, RV}",001000,{LV},4,4,4,001000,{LV},E8.5-159,12.0,Small
All,1,111111,"{AB, AVC, Atria, LV, OFT, RV}",001000,{LV},4,4,4,001000,{LV},E8.5-162,16.0,Small
All,1,111111,"{AB, AVC, Atria, LV, OFT, RV}",001000,{LV},4,4,4,001000,{LV},E8.5-153,27.0,Small
All,1,111111,"{AB, AVC, Atria, LV, OFT, RV}",001000,{LV},4,4,4,001000,{LV},E8.5-180,30.0,Small
All,1,111111,"{AB, AVC, Atria, LV, OFT, RV}",001000,{LV},5,3,0,111111,"{AB, AVC, Atria, LV, OFT, RV}",E8.5-2,82.0,Large
All,1,111111,"{AB, AVC, Atria, LV, OFT, RV}",001000,{LV},5,3,0,111111,"{AB, AVC, Atria, LV, OFT, RV}",E8.5-170,142.0,
All,1,111111,"{AB, AVC, Atria, LV, OFT, RV}",001000,{LV},5,3,0,111111,"{AB, AVC, Atria, LV, OFT, RV}",E8.5-156,48.0,Large
All,1,111111,"{AB, AVC, Atria, LV, OFT, RV}",001000,{LV},5,3,0,111111,"{AB, AVC, Atria, LV, OFT, RV}",E8.5-237,85.0,Large
All,1,111111,"{AB, AVC, Atria, LV, OFT, RV}",001000,{LV},5,3,0,111111,"{AB, AVC, Atria, LV, OFT, RV}",E8.5-25,91.0,Large
All,1,111111,"{AB, AVC, Atria, LV, OFT, RV}",001000,{LV},5,3,0,111111,"{AB, AVC, Atria, LV, OFT, RV}",E8.5-215,41.0,Large
All,1,111111,"{AB, AVC, Atria, LV, OFT, RV}",001000,{LV},5,3,0,111111,"{AB, AVC, Atria, LV, OFT, RV}",E8.5-102,42.0,Large
All,1,111111,"{AB, AVC, Atria, LV, OFT, RV}",001000,{LV},5,3,0,111111,"{AB, AVC, Atria, LV, OFT, RV}",E8.5-124,4.0,Small
All,1,111111,"{AB, AVC, Atria, LV, OFT, RV}",001000,{LV},5,3,0,111111,"{AB, AVC, Atria, LV, OFT, RV}",E8.5-23,4.0,Small
All,1,111111,"{AB, AVC, Atria, LV, OFT, RV}",001000,{LV},5,3,0,111111,"{AB, AVC, Atria, LV, OFT, RV}",E8.5-57,4.0,Small
All,1,111111,"{AB, AVC, Atria, LV, OFT, RV}",001000,{LV},5,3,0,111111,"{AB, AVC, Atria, LV, OFT, RV}",E8.5-208,5.0,Small
All,1,111111,"{AB, AVC, Atria, LV, OFT, RV}",001000,{LV},5,3,0,111111,"{AB, AVC, Atria, LV, OFT, RV}",E8.5-22,8.0,Small
All,1,111111,"{AB, AVC, Atria, LV, OFT, RV}",001000,{LV},5,3,0,111111,"{AB, AVC, Atria, LV, OFT, RV}",E8.5-62,8.0,Small
All,1,111111,"{AB, AVC, Atria, LV, OFT, RV}",001000,{LV},5,3,0,111111,"{AB, AVC, Atria, LV, OFT, RV}",E8.5-89,8.0,Small
All,1,111111,"{AB, AVC, Atria, LV, OFT, RV}",001000,{LV},5,3,0,111111,"{AB, AVC, Atria, LV, OFT, RV}",E8.5-132,8.0,Small
All,1,111111,"{AB, AVC, Atria, LV, OFT, RV}",001000,{LV},5,3,0,111111,"{AB, AVC, Atria, LV, OFT, RV}",E8.5-98,11.0,Small
All,1,111111,"{AB, AVC, Atria, LV, OFT, RV}",001000,{LV},5,3,0,111111,"{AB, AVC, Atria, LV, OFT, RV}",E8.5-159,12.0,Small
All,1,111111,"{AB, AVC, Atria, LV, OFT, RV}",001000,{LV},5,3,0,111111,"{AB, AVC, Atria, LV, OFT, RV}",E8.5-162,16.0,Small
All,1,111111,"{AB, AVC, Atria, LV, OFT, RV}",001000,{LV},5,3,0,111111,"{AB, AVC, Atria, LV, OFT, RV}",E8.5-153,27.0,Small
All,1,111111,"{AB, AVC, Atria, LV, OFT, RV}",001000,{LV},5,3,0,111111,"{AB, AVC, Atria, LV, OFT, RV}",E8.5-180,30.0,Small
All,1,111111,"{AB, AVC, Atria, LV, OFT, RV}",001000,{LV},5,3,1,011111,"{AB, AVC, Atria, LV, RV}",E8.5-2,82.0,Large
All,1,111111,"{AB, AVC, Atria, LV, OFT, RV}",001000,{LV},5,3,1,011111,"{AB, AVC, Atria, LV, RV}",E8.5-170,142.0,
All,1,111111,"{AB, AVC, Atria, LV, OFT, RV}",001000,{LV},5,3,1,011111,"{AB, AVC, Atria, LV, RV}",E8.5-156,48.0,Large
All,1,111111,"{AB, AVC, Atria, LV, OFT, RV}",001000,{LV},5,3,1,011111,"{AB, AVC, Atria, LV, RV}",E8.5-237,85.0,Large
All,1,111111,"{AB, AVC, Atria, LV, OFT, RV}",001000,{LV},5,3,1,011111,"{AB, AVC, Atria, LV, RV}",E8.5-25,91.0,Large
All,1,111111,"{AB, AVC, Atria, LV, OFT, RV}",001000,{LV},5,3,1,011111,"{AB, AVC, Atria, LV, RV}",E8.5-215,41.0,Large
All,1,111111,"{AB, AVC, Atria, LV, OFT, RV}",001000,{LV},5,3,1,011111,"{AB, AVC, Atria, LV, RV}",E8.5-102,42.0,Large
All,1,111111,"{AB, AVC, Atria, LV, OFT, RV}",001000,{LV},5,3,1,011111,"{AB, AVC, Atria, LV, RV}",E8.5-124,4.0,Small
All,1,111111,"{AB, AVC, Atria, LV, OFT, RV}",001000,{LV},5,3,1,011111,"{AB, AVC, Atria, LV, RV}",E8.5-23,4.0,Small
All,1,111111,"{AB, AVC, Atria, LV, OFT, RV}",001000,{LV},5,3,1,011111,"{AB, AVC, Atria, LV, RV}",E8.5-57,4.0,Small
All,1,111111,"{AB, AVC, Atria, LV, OFT, RV}",001000,{LV},5,3,1,011111,"{AB, AVC, Atria, LV, RV}",E8.5-208,5.0,Small
All,1,111111,"{AB, AVC, Atria, LV, OFT, RV}",001000,{LV},5,3,1,011111,"{AB, AVC, Atria, LV, RV}",E8.5-22,8.0,Small
All,1,111111,"{AB, AVC, Atria, LV, OFT, RV}",001000,{LV},5,3,1,011111,"{AB, AVC, Atria, LV, RV}",E8.5-62,8.0,Small
All,1,111111,"{AB, AVC, Atria, LV, OFT, RV}",001000,{LV},5,3,1,011111,"{AB, AVC, Atria, LV, RV}",E8.5-89,8.0,Small
All,1,111111,"{AB, AVC, Atria, LV, OFT, RV}",001000,{LV},5,3,1,011111,"{AB, AVC, Atria, LV, RV}",E8.5-132,8.0,Small
All,1,111111,"{AB, AVC, Atria, LV, OFT, RV}",001000,{LV},5,3,1,011111,"{AB, AVC, Atria, LV, RV}",E8.5-98,11.0,Small
All,1,111111,"{AB, AVC, Atria, LV, OFT, RV}",001000,{LV},5,3,1,011111,"{AB, AVC, Atria, LV, RV}",E8.5-159,12.0,Small
All,1,111111,"{AB, AVC, Atria, LV, OFT, RV}",001000,{LV},5,3,1,011111,"{AB, AVC, Atria, LV, RV}",E8.5-162,16.0,Small
All,1,111111,"{AB, AVC, Atria, LV, OFT, RV}",001000,{LV},5,3,1,011111,"{AB, AVC, Atria, LV, RV}",E8.5-153,27.0,Small
All,1,111111,"{AB, AVC, Atria, LV, OFT, RV}",001000,{LV},5,3,1,011111,"{AB, AVC, Atria, LV, RV}",E8.5-180,30.0,Small
All,1,111111,"{AB, AVC, Atria, LV, OFT, RV}",001000,{LV},5,3,2,011100,"{AVC, LV, RV}",E8.5-2,82.0,Large
All,1,111111,"{AB, AVC, Atria, LV, OFT, RV}",001000,{LV},5,3,2,011100,"{AVC, LV, RV}",E8.5-170,142.0,
All,1,111111,"{AB, AVC, Atria, LV, OFT, RV}",001000,{LV},5,3,2,011100,"{AVC, LV, RV}",E8.5-156,48.0,Large
All,1,111111,"{AB, AVC, Atria, LV, OFT, RV}",001000,{LV},5,3,2,011100,"{AVC, LV, RV}",E8.5-237,85.0,Large
All,1,111111,"{AB, AVC, Atria, LV, OFT, RV}",001000,{LV},5,3,2,011100,"{AVC, LV, RV}",E8.5-25,91.0,Large
All,1,111111,"{AB, AVC, Atria, LV, OFT, RV}",001000,{LV},5,3,2,011100,"{AVC, LV, RV}",E8.5-215,41.0,Large
All,1,111111,"{AB, AVC, Atria, LV, OFT, RV}",001000,{LV},5,3,2,011100,"{AVC, LV, RV}",E8.5-102,42.0,Large
All,1,111111,"{AB, AVC, Atria, LV, OFT, RV}",001000,{LV},5,3,2,011100,"{AVC, LV, RV}",E8.5-124,4.0,Small
All,1,111111,"{AB, AVC, Atria, LV, OFT, RV}",001000,{LV},5,3,2,011100,"{AVC, LV, RV}",E8.5-23,4.0,Small
All,1,111111,"{AB, AVC, Atria, LV, OFT, RV}",001000,{LV},5,3,2,011100,"{AVC, LV, RV}",E8.5-57,4.0,Small
All,1,111111,"{AB, AVC, Atria, LV, OFT, RV}",001000,{LV},5,3,2,011100,"{AVC, LV, RV}",E8.5-208,5.0,Small
All,1,111111,"{AB, AVC, Atria, LV, OFT, RV}",001000,{LV},5,3,2,011100,"{AVC, LV, RV}",E8.5-22,8.0,Small
All,1,111111,"{AB, AVC, Atria, LV, OFT, RV}",001000,{LV},5,3,2,011100,"{AVC, LV, RV}",E8.5-62,8.0,Small
All,1,111111,"{AB, AVC, Atria, LV, OFT, RV}",001000,{LV},5,3,2,011100,"{AVC, LV, RV}",E8.5-89,8.0,Small
All,1,111111,"{AB, AVC, Atria, LV, OFT, RV}",001000,{LV},5,3,2,011100,"{AVC, LV, RV}",E8.5-132,8.0,Small
All,1,111111,"{AB, AVC, Atria, LV, OFT, RV}",001000,{LV},5,3,2,011100,"{AVC, LV, RV}",E8.5-98,11.0,Small
All,1,111111,"{AB, AVC, Atria, LV, OFT, RV}",001000,{LV},5,3,2,011100,"{AVC, LV, RV}",E8.5-159,12.0,Small
All,1,111111,"{AB, AVC, Atria, LV, OFT, RV}",001000,{LV},5,3,2,011100,"{AVC, LV, RV}",E8.5-162,16.0,Small
All,1,111111,"{AB, AVC, Atria, LV, OFT, RV}",001000,{LV},5,3,2,011100,"{AVC, LV, RV}",E8.5-153,27.0,Small
All,1,111111,"{AB, AVC, Atria, LV, OFT, RV}",001000,{LV},5,3,2,011100,"{AVC, LV, RV}",E8.5-180,30.0,Small
All,1,111111,"{AB, AVC, Atria, LV, OFT, RV}",001000,{LV},5,3,3,001000,{LV},E8.5-2,82.0,Large
All,1,111111,"{AB, AVC, Atria, LV, OFT, RV}",001000,{LV},5,3,3,001000,{LV},E8.5-170,142.0,
All,1,111111,"{AB, AVC, Atria, LV, OFT, RV}",001000,{LV},5,3,3,001000,{LV},E8.5-156,48.0,Large
All,1,111111,"{AB, AVC, Atria, LV, OFT, RV}",001000,{LV},5,3,3,001000,{LV},E8.5-237,85.0,Large
All,1,111111,"{AB, AVC, Atria, LV, OFT, RV}",001000,{LV},5,3,3,001000,{LV},E8.5-25,91.0,Large
All,1,111111,"{AB, AVC, Atria, LV, OFT, RV}",001000,{LV},5,3,3,001000,{LV},E8.5-215,41.0,Large
All,1,111111,"{AB, AVC, Atria, LV, OFT, RV}",001000,{LV},5,3,3,001000,{LV},E8.5-102,42.0,Large
All,1,111111,"{AB, AVC, Atria, LV, OFT, RV}",001000,{LV},5,3,3,001000,{LV},E8.5-124,4.0,Small
All,1,111111,"{AB, AVC, Atria, LV, OFT, RV}",001000,{LV},5,3,3,001000,{LV},E8.5-23,4.0,Small
All,1,111111,"{AB, AVC, Atria, LV, OFT, RV}",001000,{LV},5,3,3,001000,{LV},E8.5-57,4.0,Small
All,1,111111,"{AB, AVC, Atria, LV, OFT, RV}",001000,{LV},5,3,3,001000,{LV},E8.5-208,5.0,Small
All,1,111111,"{AB, AVC, Atria, LV, OFT, RV}",001000,{LV},5,3,3,001000,{LV},E8.5-22,8.0,Small
All,1,111111,"{AB, AVC, Atria, LV, OFT, RV}",001000,{LV},5,3,3,001000,{LV},E8.5-62,8.0,Small
All,1,111111,"{AB, AVC, Atria, LV, OFT, RV}",001000,{LV},5,3,3,001000,{LV},E8.5-89,8.0,Small
All,1,111111,"{AB, AVC, Atria, LV, OFT, RV}",001000,{LV},5,3,3,001000,{LV},E8.5-132,8.0,Small
All,1,111111,"{AB, AVC, Atria, LV, OFT, RV}",001000,{LV},5,3,3,001000,{LV},E8.5-98,11.0,Small
All,1,111111,"{AB, AVC, Atria, LV, OFT, RV}",001000,{LV},5,3,3,001000,{LV},E8.5-159,12.0,Small
All,1,111111,"{AB, AVC, Atria, LV, OFT, RV}",001000,{LV},5,3,3,001000,{LV},E8.5-162,16.0,Small
All,1,111111,"{AB, AVC, Atria, LV, OFT, RV}",001000,{LV},5,3,3,001000,{LV},E8.5-153,27.0,Small
All,1,111111,"{AB, AVC, Atria, LV, OFT, RV}",001000,{LV},5,3,3,001000,{LV},E8.5-180,30.0,Small
All,1,111111,"{AB, AVC, Atria, LV, OFT, RV}",001000,{LV},6,3,0,111111,"{AB, AVC, Atria, LV, OFT, RV}",E8.5-2,82.0,Large
All,1,111111,"{AB, AVC, Atria, LV, OFT, RV}",001000,{LV},6,3,0,111111,"{AB, AVC, Atria, LV, OFT, RV}",E8.5-170,142.0,
All,1,111111,"{AB, AVC, Atria, LV, OFT, RV}",001000,{LV},6,3,0,111111,"{AB, AVC, Atria, LV, OFT, RV}",E8.5-166,36.0,Large
All,1,111111,"{AB, AVC, Atria, LV, OFT, RV}",001000,{LV},6,3,0,111111,"{AB, AVC, Atria, LV, OFT, RV}",E8.5-77,35.0,Large
All,1,111111,"{AB, AVC, Atria, LV, OFT, RV}",001000,{LV},6,3,0,111111,"{AB, AVC, Atria, LV, OFT, RV}",E8.5-124,4.0,Small
All,1,111111,"{AB, AVC, Atria, LV, OFT, RV}",001000,{LV},6,3,0,111111,"{AB, AVC, Atria, LV, OFT, RV}",E8.5-23,4.0,Small
All,1,111111,"{AB, AVC, Atria, LV, OFT, RV}",001000,{LV},6,3,0,111111,"{AB, AVC, Atria, LV, OFT, RV}",E8.5-57,4.0,Small
All,1,111111,"{AB, AVC, Atria, LV, OFT, RV}",001000,{LV},6,3,0,111111,"{AB, AVC, Atria, LV, OFT, RV}",E8.5-208,5.0,Small
All,1,111111,"{AB, AVC, Atria, LV, OFT, RV}",001000,{LV},6,3,0,111111,"{AB, AVC, Atria, LV, OFT, RV}",E8.5-22,8.0,Small
All,1,111111,"{AB, AVC, Atria, LV, OFT, RV}",001000,{LV},6,3,0,111111,"{AB, AVC, Atria, LV, OFT, RV}",E8.5-62,8.0,Small
All,1,111111,"{AB, AVC, Atria, LV, OFT, RV}",001000,{LV},6,3,0,111111,"{AB, AVC, Atria, LV, OFT, RV}",E8.5-89,8.0,Small
All,1,111111,"{AB, AVC, Atria, LV, OFT, RV}",001000,{LV},6,3,0,111111,"{AB, AVC, Atria, LV, OFT, RV}",E8.5-132,8.0,Small
All,1,111111,"{AB, AVC, Atria, LV, OFT, RV}",001000,{LV},6,3,0,111111,"{AB, AVC, Atria, LV, OFT, RV}",E8.5-98,11.0,Small
All,1,111111,"{AB, AVC, Atria, LV, OFT, RV}",001000,{LV},6,3,0,111111,"{AB, AVC, Atria, LV, OFT, RV}",E8.5-159,12.0,Small
All,1,111111,"{AB, AVC, Atria, LV, OFT, RV}",001000,{LV},6,3,0,111111,"{AB, AVC, Atria, LV, OFT, RV}",E8.5-162,16.0,Small
All,1,111111,"{AB, AVC, Atria, LV, OFT, RV}",001000,{LV},6,3,0,111111,"{AB, AVC, Atria, LV, OFT, RV}",E8.5-153,27.0,Small
All,1,111111,"{AB, AVC, Atria, LV, OFT, RV}",001000,{LV},6,3,0,111111,"{AB, AVC, Atria, LV, OFT, RV}",E8.5-180,30.0,Small
All,1,111111,"{AB, AVC, Atria, LV, OFT, RV}",001000,{LV},6,3,1,011101,"{AVC, Atria, LV, RV}",E8.5-2,82.0,Large
All,1,111111,"{AB, AVC, Atria, LV, OFT, RV}",001000,{LV},6,3,1,011101,"{AVC, Atria, LV, RV}",E8.5-170,142.0,
All,1,111111,"{AB, AVC, Atria, LV, OFT, RV}",001000,{LV},6,3,1,011101,"{AVC, Atria, LV, RV}",E8.5-166,36.0,Large
All,1,111111,"{AB, AVC, Atria, LV, OFT, RV}",001000,{LV},6,3,1,011101,"{AVC, Atria, LV, RV}",E8.5-77,35.0,Large
All,1,111111,"{AB, AVC, Atria, LV, OFT, RV}",001000,{LV},6,3,1,011101,"{AVC, Atria, LV, RV}",E8.5-124,4.0,Small
All,1,111111,"{AB, AVC, Atria, LV, OFT, RV}",001000,{LV},6,3,1,011101,"{AVC, Atria, LV, RV}",E8.5-23,4.0,Small
All,1,111111,"{AB, AVC, Atria, LV, OFT, RV}",001000,{LV},6,3,1,011101,"{AVC, Atria, LV, RV}",E8.5-57,4.0,Small
All,1,111111,"{AB, AVC, Atria, LV, OFT, RV}",001000,{LV},6,3,1,011101,"{AVC, Atria, LV, RV}",E8.5-208,5.0,Small
All,1,111111,"{AB, AVC, Atria, LV, OFT, RV}",001000,{LV},6,3,1,011101,"{AVC, Atria, LV, RV}",E8.5-22,8.0,Small
All,1,111111,"{AB, AVC, Atria, LV, OFT, RV}",001000,{LV},6,3,1,011101,"{AVC, Atria, LV, RV}",E8.5-62,8.0,Small
All,1,111111,"{AB, AVC, Atria, LV, OFT, RV}",001000,{LV},6,3,1,011101,"{AVC, Atria, LV, RV}",E8.5-89,8.0,Small
All,1,111111,"{AB, AVC, Atria, LV, OFT, RV}",001000,{LV},6,3,1,011101,"{AVC, Atria, LV, RV}",E8.5-132,8.0,Small
All,1,111111,"{AB, AVC, Atria, LV, OFT, RV}",001000,{LV},6,3,1,011101,"{AVC, Atria, LV, RV}",E8.5-98,11.0,Small
All,1,111111,"{AB, AVC, Atria, LV, OFT, RV}",001000,{LV},6,3,1,011101,"{AVC, Atria, LV, RV}",E8.5-159,12.0,Small
All,1,111111,"{AB, AVC, Atria, LV, OFT, RV}",001000,{LV},6,3,1,011101,"{AVC, Atria, LV, RV}",E8.5-162,16.0,Small
All,1,111111,"{AB, AVC, Atria, LV, OFT, RV}",001000,{LV},6,3,1,011101,"{AVC, Atria, LV, RV}",E8.5-153,27.0,Small
All,1,111111,"{AB, AVC, Atria, LV, OFT, RV}",001000,{LV},6,3,1,011101,"{AVC, Atria, LV, RV}",E8.5-180,30.0,Small
All,1,111111,"{AB, AVC, Atria, LV, OFT, RV}",001000,{LV},6,3,2,001101,"{AVC, Atria, LV}",E8.5-2,82.0,Large
All,1,111111,"{AB, AVC, Atria, LV, OFT, RV}",001000,{LV},6,3,2,001101,"{AVC, Atria, LV}",E8.5-170,142.0,
All,1,111111,"{AB, AVC, Atria, LV, OFT, RV}",001000,{LV},6,3,2,001101,"{AVC, Atria, LV}",E8.5-166,36.0,Large
All,1,111111,"{AB, AVC, Atria, LV, OFT, RV}",001000,{LV},6,3,2,001101,"{AVC, Atria, LV}",E8.5-77,35.0,Large
All,1,111111,"{AB, AVC, Atria, LV, OFT, RV}",001000,{LV},6,3,2,001101,"{AVC, Atria, LV}",E8.5-124,4.0,Small
All,1,111111,"{AB, AVC, Atria, LV, OFT, RV}",001000,{LV},6,3,2,001101,"{AVC, Atria, LV}",E8.5-23,4.0,Small
All,1,111111,"{AB, AVC, Atria, LV, OFT, RV}",001000,{LV},6,3,2,001101,"{AVC, Atria, LV}",E8.5-57,4.0,Small
All,1,111111,"{AB, AVC, Atria, LV, OFT, RV}",001000,{LV},6,3,2,001101,"{AVC, Atria, LV}",E8.5-208,5.0,Small
All,1,111111,"{AB, AVC, Atria, LV, OFT, RV}",001000,{LV},6,3,2,001101,"{AVC, Atria, LV}",E8.5-22,8.0,Small
All,1,111111,"{AB, AVC, Atria, LV, OFT, RV}",001000,{LV},6,3,2,001101,"{AVC, Atria, LV}",E8.5-62,8.0,Small
All,1,111111,"{AB, AVC, Atria, LV, OFT, RV}",001000,{LV},6,3,2,001101,"{AVC, Atria, LV}",E8.5-89,8.0,Small
All,1,111111,"{AB, AVC, Atria, LV, OFT, RV}",001000,{LV},6,3,2,001101,"{AVC, Atria, LV}",E8.5-132,8.0,Small
All,1,111111,"{AB, AVC, Atria, LV, OFT, RV}",001000,{LV},6,3,2,001101,"{AVC, Atria, LV}",E8.5-98,11.0,Small
All,1,111111,"{AB, AVC, Atria, LV, OFT, RV}",001000,{LV},6,3,2,001101,"{AVC, Atria, LV}",E8.5-159,12.0,Small
All,1,111111,"{AB, AVC, Atria, LV, OFT, RV}",001000,{LV},6,3,2,001101,"{AVC, Atria, LV}",E8.5-162,16.0,Small
All,1,111111,"{AB, AVC, Atria, LV, OFT, RV}",001000,{LV},6,3,2,001101,"{AVC, Atria, LV}",E8.5-153,27.0,Small
All,1,111111,"{AB, AVC, Atria, LV, OFT, RV}",001000,{LV},6,3,2,001101,"{AVC, Atria, LV}",E8.5-180,30.0,Small
All,1,111111,"{AB, AVC, Atria, LV, OFT, RV}",001000,{LV},6,3,3,001000,{LV},E8.5-2,82.0,Large
All,1,111111,"{AB, AVC, Atria, LV, OFT, RV}",001000,{LV},6,3,3,001000,{LV},E8.5-170,142.0,
All,1,111111,"{AB, AVC, Atria, LV, OFT, RV}",001000,{LV},6,3,3,001000,{LV},E8.5-166,36.0,Large
All,1,111111,"{AB, AVC, Atria, LV, OFT, RV}",001000,{LV},6,3,3,001000,{LV},E8.5-77,35.0,Large
All,1,111111,"{AB, AVC, Atria, LV, OFT, RV}",001000,{LV},6,3,3,001000,{LV},E8.5-124,4.0,Small
All,1,111111,"{AB, AVC, Atria, LV, OFT, RV}",001000,{LV},6,3,3,001000,{LV},E8.5-23,4.0,Small
All,1,111111,"{AB, AVC, Atria, LV, OFT, RV}",001000,{LV},6,3,3,001000,{LV},E8.5-57,4.0,Small
All,1,111111,"{AB, AVC, Atria, LV, OFT, RV}",001000,{LV},6,3,3,001000,{LV},E8.5-208,5.0,Small
All,1,111111,"{AB, AVC, Atria, LV, OFT, RV}",001000,{LV},6,3,3,001000,{LV},E8.5-22,8.0,Small
All,1,111111,"{AB, AVC, Atria, LV, OFT, RV}",001000,{LV},6,3,3,001000,{LV},E8.5-62,8.0,Small
All,1,111111,"{AB, AVC, Atria, LV, OFT, RV}",001000,{LV},6,3,3,001000,{LV},E8.5-89,8.0,Small
All,1,111111,"{AB, AVC, Atria, LV, OFT, RV}",001000,{LV},6,3,3,001000,{LV},E8.5-132,8.0,Small
All,1,111111,"{AB, AVC, Atria, LV, OFT, RV}",001000,{LV},6,3,3,001000,{LV},E8.5-98,11.0,Small
All,1,111111,"{AB, AVC, Atria, LV, OFT, RV}",001000,{LV},6,3,3,001000,{LV},E8.5-159,12.0,Small
All,1,111111,"{AB, AVC, Atria, LV, OFT, RV}",001000,{LV},6,3,3,001000,{LV},E8.5-162,16.0,Small
All,1,111111,"{AB, AVC, Atria, LV, OFT, RV}",001000,{LV},6,3,3,001000,{LV},E8.5-153,27.0,Small
All,1,111111,"{AB, AVC, Atria, LV, OFT, RV}",001000,{LV},6,3,3,001000,{LV},E8.5-180,30.0,Small
All,1,111111,"{AB, AVC, Atria, LV, OFT, RV}",001000,{LV},7,3,0,111111,"{AB, AVC, Atria, LV, OFT, RV}",E8.5-2,82.0,Large
All,1,111111,"{AB, AVC, Atria, LV, OFT, RV}",001000,{LV},7,3,0,111111,"{AB, AVC, Atria, LV, OFT, RV}",E8.5-170,142.0,
All,1,111111,"{AB, AVC, Atria, LV, OFT, RV}",001000,{LV},7,3,0,111111,"{AB, AVC, Atria, LV, OFT, RV}",E8.5-166,36.0,Large
All,1,111111,"{AB, AVC, Atria, LV, OFT, RV}",001000,{LV},7,3,0,111111,"{AB, AVC, Atria, LV, OFT, RV}",E8.5-181,21.0,Small
All,1,111111,"{AB, AVC, Atria, LV, OFT, RV}",001000,{LV},7,3,0,111111,"{AB, AVC, Atria, LV, OFT, RV}",E8.5-175,24.0,Small
All,1,111111,"{AB, AVC, Atria, LV, OFT, RV}",001000,{LV},7,3,0,111111,"{AB, AVC, Atria, LV, OFT, RV}",E8.5-96,42.0,Large
All,1,111111,"{AB, AVC, Atria, LV, OFT, RV}",001000,{LV},7,3,0,111111,"{AB, AVC, Atria, LV, OFT, RV}",E8.5-124,4.0,Small
All,1,111111,"{AB, AVC, Atria, LV, OFT, RV}",001000,{LV},7,3,0,111111,"{AB, AVC, Atria, LV, OFT, RV}",E8.5-23,4.0,Small
All,1,111111,"{AB, AVC, Atria, LV, OFT, RV}",001000,{LV},7,3,0,111111,"{AB, AVC, Atria, LV, OFT, RV}",E8.5-57,4.0,Small
All,1,111111,"{AB, AVC, Atria, LV, OFT, RV}",001000,{LV},7,3,0,111111,"{AB, AVC, Atria, LV, OFT, RV}",E8.5-208,5.0,Small
All,1,111111,"{AB, AVC, Atria, LV, OFT, RV}",001000,{LV},7,3,0,111111,"{AB, AVC, Atria, LV, OFT, RV}",E8.5-22,8.0,Small
All,1,111111,"{AB, AVC, Atria, LV, OFT, RV}",001000,{LV},7,3,0,111111,"{AB, AVC, Atria, LV, OFT, RV}",E8.5-62,8.0,Small
All,1,111111,"{AB, AVC, Atria, LV, OFT, RV}",001000,{LV},7,3,0,111111,"{AB, AVC, Atria, LV, OFT, RV}",E8.5-89,8.0,Small
All,1,111111,"{AB, AVC, Atria, LV, OFT, RV}",001000,{LV},7,3,0,111111,"{AB, AVC, Atria, LV, OFT, RV}",E8.5-132,8.0,Small
All,1,111111,"{AB, AVC, Atria, LV, OFT, RV}",001000,{LV},7,3,0,111111,"{AB, AVC, Atria, LV, OFT, RV}",E8.5-98,11.0,Small
All,1,111111,"{AB, AVC, Atria, LV, OFT, RV}",001000,{LV},7,3,0,111111,"{AB, AVC, Atria, LV, OFT, RV}",E8.5-159,12.0,Small
All,1,111111,"{AB, AVC, Atria, LV, OFT, RV}",001000,{LV},7,3,0,111111,"{AB, AVC, Atria, LV, OFT, RV}",E8.5-162,16.0,Small
All,1,111111,"{AB, AVC, Atria, LV, OFT, RV}",001000,{LV},7,3,0,111111,"{AB, AVC, Atria, LV, OFT, RV}",E8.5-153,27.0,Small
All,1,111111,"{AB, AVC, Atria, LV, OFT, RV}",001000,{LV},7,3,0,111111,"{AB, AVC, Atria, LV, OFT, RV}",E8.5-180,30.0,Small
All,1,111111,"{AB, AVC, Atria, LV, OFT, RV}",001000,{LV},7,3,1,011101,"{AVC, Atria, LV, RV}",E8.5-2,82.0,Large
All,1,111111,"{AB, AVC, Atria, LV, OFT, RV}",001000,{LV},7,3,1,011101,"{AVC, Atria, LV, RV}",E8.5-170,142.0,
All,1,111111,"{AB, AVC, Atria, LV, OFT, RV}",001000,{LV},7,3,1,011101,"{AVC, Atria, LV, RV}",E8.5-166,36.0,Large
All,1,111111,"{AB, AVC, Atria, LV, OFT, RV}",001000,{LV},7,3,1,011101,"{AVC, Atria, LV, RV}",E8.5-181,21.0,Small
All,1,111111,"{AB, AVC, Atria, LV, OFT, RV}",001000,{LV},7,3,1,011101,"{AVC, Atria, LV, RV}",E8.5-175,24.0,Small
All,1,111111,"{AB, AVC, Atria, LV, OFT, RV}",001000,{LV},7,3,1,011101,"{AVC, Atria, LV, RV}",E8.5-96,42.0,Large
All,1,111111,"{AB, AVC, Atria, LV, OFT, RV}",001000,{LV},7,3,1,011101,"{AVC, Atria, LV, RV}",E8.5-124,4.0,Small
All,1,111111,"{AB, AVC, Atria, LV, OFT, RV}",001000,{LV},7,3,1,011101,"{AVC, Atria, LV, RV}",E8.5-23,4.0,Small
All,1,111111,"{AB, AVC, Atria, LV, OFT, RV}",001000,{LV},7,3,1,011101,"{AVC, Atria, LV, RV}",E8.5-57,4.0,Small
All,1,111111,"{AB, AVC, Atria, LV, OFT, RV}",001000,{LV},7,3,1,011101,"{AVC, Atria, LV, RV}",E8.5-208,5.0,Small
All,1,111111,"{AB, AVC, Atria, LV, OFT, RV}",001000,{LV},7,3,1,011101,"{AVC, Atria, LV, RV}",E8.5-22,8.0,Small
All,1,111111,"{AB, AVC, Atria, LV, OFT, RV}",001000,{LV},7,3,1,011101,"{AVC, Atria, LV, RV}",E8.5-62,8.0,Small
All,1,111111,"{AB, AVC, Atria, LV, OFT, RV}",001000,{LV},7,3,1,011101,"{AVC, Atria, LV, RV}",E8.5-89,8.0,Small
All,1,111111,"{AB, AVC, Atria, LV, OFT, RV}",001000,{LV},7,3,1,011101,"{AVC, Atria, LV, RV}",E8.5-132,8.0,Small
All,1,111111,"{AB, AVC, Atria, LV, OFT, RV}",001000,{LV},7,3,1,011101,"{AVC, Atria, LV, RV}",E8.5-98,11.0,Small
All,1,111111,"{AB, AVC, Atria, LV, OFT, RV}",001000,{LV},7,3,1,011101,"{AVC, Atria, LV, RV}",E8.5-159,12.0,Small
All,1,111111,"{AB, AVC, Atria, LV, OFT, RV}",001000,{LV},7,3,1,011101,"{AVC, Atria, LV, RV}",E8.5-162,16.0,Small
All,1,111111,"{AB, AVC, Atria, LV, OFT, RV}",001000,{LV},7,3,1,011101,"{AVC, Atria, LV, RV}",E8.5-153,27.0,Small
All,1,111111,"{AB, AVC, Atria, LV, OFT, RV}",001000,{LV},7,3,1,011101,"{AVC, Atria, LV, RV}",E8.5-180,30.0,Small
All,1,111111,"{AB, AVC, Atria, LV, OFT, RV}",001000,{LV},7,3,2,011000,"{LV, RV}",E8.5-2,82.0,Large
All,1,111111,"{AB, AVC, Atria, LV, OFT, RV}",001000,{LV},7,3,2,011000,"{LV, RV}",E8.5-170,142.0,
All,1,111111,"{AB, AVC, Atria, LV, OFT, RV}",001000,{LV},7,3,2,011000,"{LV, RV}",E8.5-166,36.0,Large
All,1,111111,"{AB, AVC, Atria, LV, OFT, RV}",001000,{LV},7,3,2,011000,"{LV, RV}",E8.5-181,21.0,Small
All,1,111111,"{AB, AVC, Atria, LV, OFT, RV}",001000,{LV},7,3,2,011000,"{LV, RV}",E8.5-175,24.0,Small
All,1,111111,"{AB, AVC, Atria, LV, OFT, RV}",001000,{LV},7,3,2,011000,"{LV, RV}",E8.5-96,42.0,Large
All,1,111111,"{AB, AVC, Atria, LV, OFT, RV}",001000,{LV},7,3,2,011000,"{LV, RV}",E8.5-124,4.0,Small
All,1,111111,"{AB, AVC, Atria, LV, OFT, RV}",001000,{LV},7,3,2,011000,"{LV, RV}",E8.5-23,4.0,Small
All,1,111111,"{AB, AVC, Atria, LV, OFT, RV}",001000,{LV},7,3,2,011000,"{LV, RV}",E8.5-57,4.0,Small
All,1,111111,"{AB, AVC, Atria, LV, OFT, RV}",001000,{LV},7,3,2,011000,"{LV, RV}",E8.5-208,5.0,Small
All,1,111111,"{AB, AVC, Atria, LV, OFT, RV}",001000,{LV},7,3,2,011000,"{LV, RV}",E8.5-22,8.0,Small
All,1,111111,"{AB, AVC, Atria, LV, OFT, RV}",001000,{LV},7,3,2,011000,"{LV, RV}",E8.5-62,8.0,Small
All,1,111111,"{AB, AVC, Atria, LV, OFT, RV}",001000,{LV},7,3,2,011000,"{LV, RV}",E8.5-89,8.0,Small
All,1,111111,"{AB, AVC, Atria, LV, OFT, RV}",001000,{LV},7,3,2,011000,"{LV, RV}",E8.5-132,8.0,Small
All,1,111111,"{AB, AVC, Atria, LV, OFT, RV}",001000,{LV},7,3,2,011000,"{LV, RV}",E8.5-98,11.0,Small
All,1,111111,"{AB, AVC, Atria, LV, OFT, RV}",001000,{LV},7,3,2,011000,"{LV, RV}",E8.5-159,12.0,Small
All,1,111111,"{AB, AVC, Atria, LV, OFT, RV}",001000,{LV},7,3,2,011000,"{LV, RV}",E8.5-162,16.0,Small
All,1,111111,"{AB, AVC, Atria, LV, OFT, RV}",001000,{LV},7,3,2,011000,"{LV, RV}",E8.5-153,27.0,Small
All,1,111111,"{AB, AVC, Atria, LV, OFT, RV}",001000,{LV},7,3,2,011000,"{LV, RV}",E8.5-180,30.0,Small
All,1,111111,"{AB, AVC, Atria, LV, OFT, RV}",001000,{LV},7,3,3,001000,{LV},E8.5-2,82.0,Large
All,1,111111,"{AB, AVC, Atria, LV, OFT, RV}",001000,{LV},7,3,3,001000,{LV},E8.5-170,142.0,
All,1,111111,"{AB, AVC, Atria, LV, OFT, RV}",001000,{LV},7,3,3,001000,{LV},E8.5-166,36.0,Large
All,1,111111,"{AB, AVC, Atria, LV, OFT, RV}",001000,{LV},7,3,3,001000,{LV},E8.5-181,21.0,Small
All,1,111111,"{AB, AVC, Atria, LV, OFT, RV}",001000,{LV},7,3,3,001000,{LV},E8.5-175,24.0,Small
All,1,111111,"{AB, AVC, Atria, LV, OFT, RV}",001000,{LV},7,3,3,001000,{LV},E8.5-96,42.0,Large
All,1,111111,"{AB, AVC, Atria, LV, OFT, RV}",001000,{LV},7,3,3,001000,{LV},E8.5-124,4.0,Small
All,1,111111,"{AB, AVC, Atria, LV, OFT, RV}",001000,{LV},7,3,3,001000,{LV},E8.5-23,4.0,Small
All,1,111111,"{AB, AVC, Atria, LV, OFT, RV}",001000,{LV},7,3,3,001000,{LV},E8.5-57,4.0,Small
All,1,111111,"{AB, AVC, Atria, LV, OFT, RV}",001000,{LV},7,3,3,001000,{LV},E8.5-208,5.0,Small
All,1,111111,"{AB, AVC, Atria, LV, OFT, RV}",001000,{LV},7,3,3,001000,{LV},E8.5-22,8.0,Small
All,1,111111,"{AB, AVC, Atria, LV, OFT, RV}",001000,{LV},7,3,3,001000,{LV},E8.5-62,8.0,Small
All,1,111111,"{AB, AVC, Atria, LV, OFT, RV}",001000,{LV},7,3,3,001000,{LV},E8.5-89,8.0,Small
All,1,111111,"{AB, AVC, Atria, LV, OFT, RV}",001000,{LV},7,3,3,001000,{LV},E8.5-132,8.0,Small
All,1,111111,"{AB, AVC, Atria, LV, OFT, RV}",001000,{LV},7,3,3,001000,{LV},E8.5-98,11.0,Small
All,1,111111,"{AB, AVC, Atria, LV, OFT, RV}",001000,{LV},7,3,3,001000,{LV},E8.5-159,12.0,Small
All,1,111111,"{AB, AVC, Atria, LV, OFT, RV}",001000,{LV},7,3,3,001000,{LV},E8.5-162,16.0,Small
All,1,111111,"{AB, AVC, Atria, LV, OFT, RV}",001000,{LV},7,3,3,001000,{LV},E8.5-153,27.0,Small
All,1,111111,"{AB, AVC, Atria, LV, OFT, RV}",001000,{LV},7,3,3,001000,{LV},E8.5-180,30.0,Small
All,1,111111,"{AB, AVC, Atria, LV, OFT, RV}",001000,{LV},8,3,0,111111,"{AB, AVC, Atria, LV, OFT, RV}",E8.5-2,82.0,Large
All,1,111111,"{AB, AVC, Atria, LV, OFT, RV}",001000,{LV},8,3,0,111111,"{AB, AVC, Atria, LV, OFT, RV}",E8.5-170,142.0,
All,1,111111,"{AB, AVC, Atria, LV, OFT, RV}",001000,{LV},8,3,0,111111,"{AB, AVC, Atria, LV, OFT, RV}",E8.5-198,57.0,Large
All,1,111111,"{AB, AVC, Atria, LV, OFT, RV}",001000,{LV},8,3,0,111111,"{AB, AVC, Atria, LV, OFT, RV}",E8.5-91,42.0,Large
All,1,111111,"{AB, AVC, Atria, LV, OFT, RV}",001000,{LV},8,3,0,111111,"{AB, AVC, Atria, LV, OFT, RV}",E8.5-124,4.0,Small
All,1,111111,"{AB, AVC, Atria, LV, OFT, RV}",001000,{LV},8,3,0,111111,"{AB, AVC, Atria, LV, OFT, RV}",E8.5-23,4.0,Small
All,1,111111,"{AB, AVC, Atria, LV, OFT, RV}",001000,{LV},8,3,0,111111,"{AB, AVC, Atria, LV, OFT, RV}",E8.5-57,4.0,Small
All,1,111111,"{AB, AVC, Atria, LV, OFT, RV}",001000,{LV},8,3,0,111111,"{AB, AVC, Atria, LV, OFT, RV}",E8.5-208,5.0,Small
All,1,111111,"{AB, AVC, Atria, LV, OFT, RV}",001000,{LV},8,3,0,111111,"{AB, AVC, Atria, LV, OFT, RV}",E8.5-22,8.0,Small
All,1,111111,"{AB, AVC, Atria, LV, OFT, RV}",001000,{LV},8,3,0,111111,"{AB, AVC, Atria, LV, OFT, RV}",E8.5-62,8.0,Small
All,1,111111,"{AB, AVC, Atria, LV, OFT, RV}",001000,{LV},8,3,0,111111,"{AB, AVC, Atria, LV, OFT, RV}",E8.5-89,8.0,Small
All,1,111111,"{AB, AVC, Atria, LV, OFT, RV}",001000,{LV},8,3,0,111111,"{AB, AVC, Atria, LV, OFT, RV}",E8.5-132,8.0,Small
All,1,111111,"{AB, AVC, Atria, LV, OFT, RV}",001000,{LV},8,3,0,111111,"{AB, AVC, Atria, LV, OFT, RV}",E8.5-98,11.0,Small
All,1,111111,"{AB, AVC, Atria, LV, OFT, RV}",001000,{LV},8,3,0,111111,"{AB, AVC, Atria, LV, OFT, RV}",E8.5-159,12.0,Small
All,1,111111,"{AB, AVC, Atria, LV, OFT, RV}",001000,{LV},8,3,0,111111,"{AB, AVC, Atria, LV, OFT, RV}",E8.5-162,16.0,Small
All,1,111111,"{AB, AVC, Atria, LV, OFT, RV}",001000,{LV},8,3,0,111111,"{AB, AVC, Atria, LV, OFT, RV}",E8.5-153,27.0,Small
All,1,111111,"{AB, AVC, Atria, LV, OFT, RV}",001000,{LV},8,3,0,111111,"{AB, AVC, Atria, LV, OFT, RV}",E8.5-180,30.0,Small
All,1,111111,"{AB, AVC, Atria, LV, OFT, RV}",001000,{LV},8,3,1,111001,"{Atria, LV, OFT, RV}",E8.5-2,82.0,Large
All,1,111111,"{AB, AVC, Atria, LV, OFT, RV}",001000,{LV},8,3,1,111001,"{Atria, LV, OFT, RV}",E8.5-170,142.0,
All,1,111111,"{AB, AVC, Atria, LV, OFT, RV}",001000,{LV},8,3,1,111001,"{Atria, LV, OFT, RV}",E8.5-198,57.0,Large
All,1,111111,"{AB, AVC, Atria, LV, OFT, RV}",001000,{LV},8,3,1,111001,"{Atria, LV, OFT, RV}",E8.5-91,42.0,Large
All,1,111111,"{AB, AVC, Atria, LV, OFT, RV}",001000,{LV},8,3,1,111001,"{Atria, LV, OFT, RV}",E8.5-124,4.0,Small
All,1,111111,"{AB, AVC, Atria, LV, OFT, RV}",001000,{LV},8,3,1,111001,"{Atria, LV, OFT, RV}",E8.5-23,4.0,Small
All,1,111111,"{AB, AVC, Atria, LV, OFT, RV}",001000,{LV},8,3,1,111001,"{Atria, LV, OFT, RV}",E8.5-57,4.0,Small
All,1,111111,"{AB, AVC, Atria, LV, OFT, RV}",001000,{LV},8,3,1,111001,"{Atria, LV, OFT, RV}",E8.5-208,5.0,Small
All,1,111111,"{AB, AVC, Atria, LV, OFT, RV}",001000,{LV},8,3,1,111001,"{Atria, LV, OFT, RV}",E8.5-22,8.0,Small
All,1,111111,"{AB, AVC, Atria, LV, OFT, RV}",001000,{LV},8,3,1,111001,"{Atria, LV, OFT, RV}",E8.5-62,8.0,Small
All,1,111111,"{AB, AVC, Atria, LV, OFT, RV}",001000,{LV},8,3,1,111001,"{Atria, LV, OFT, RV}",E8.5-89,8.0,Small
All,1,111111,"{AB, AVC, Atria, LV, OFT, RV}",001000,{LV},8,3,1,111001,"{Atria, LV, OFT, RV}",E8.5-132,8.0,Small
All,1,111111,"{AB, AVC, Atria, LV, OFT, RV}",001000,{LV},8,3,1,111001,"{Atria, LV, OFT, RV}",E8.5-98,11.0,Small
All,1,111111,"{AB, AVC, Atria, LV, OFT, RV}",001000,{LV},8,3,1,111001,"{Atria, LV, OFT, RV}",E8.5-159,12.0,Small
All,1,111111,"{AB, AVC, Atria, LV, OFT, RV}",001000,{LV},8,3,1,111001,"{Atria, LV, OFT, RV}",E8.5-162,16.0,Small
All,1,111111,"{AB, AVC, Atria, LV, OFT, RV}",001000,{LV},8,3,1,111001,"{Atria, LV, OFT, RV}",E8.5-153,27.0,Small
All,1,111111,"{AB, AVC, Atria, LV, OFT, RV}",001000,{LV},8,3,1,111001,"{Atria, LV, OFT, RV}",E8.5-180,30.0,Small
All,1,111111,"{AB, AVC, Atria, LV, OFT, RV}",001000,{LV},8,3,2,001001,"{Atria, LV}",E8.5-2,82.0,Large
All,1,111111,"{AB, AVC, Atria, LV, OFT, RV}",001000,{LV},8,3,2,001001,"{Atria, LV}",E8.5-170,142.0,
All,1,111111,"{AB, AVC, Atria, LV, OFT, RV}",001000,{LV},8,3,2,001001,"{Atria, LV}",E8.5-198,57.0,Large
All,1,111111,"{AB, AVC, Atria, LV, OFT, RV}",001000,{LV},8,3,2,001001,"{Atria, LV}",E8.5-91,42.0,Large
All,1,111111,"{AB, AVC, Atria, LV, OFT, RV}",001000,{LV},8,3,2,001001,"{Atria, LV}",E8.5-124,4.0,Small
All,1,111111,"{AB, AVC, Atria, LV, OFT, RV}",001000,{LV},8,3,2,001001,"{Atria, LV}",E8.5-23,4.0,Small
All,1,111111,"{AB, AVC, Atria, LV, OFT, RV}",001000,{LV},8,3,2,001001,"{Atria, LV}",E8.5-57,4.0,Small
All,1,111111,"{AB, AVC, Atria, LV, OFT, RV}",001000,{LV},8,3,2,001001,"{Atria, LV}",E8.5-208,5.0,Small
All,1,111111,"{AB, AVC, Atria, LV, OFT, RV}",001000,{LV},8,3,2,001001,"{Atria, LV}",E8.5-22,8.0,Small
All,1,111111,"{AB, AVC, Atria, LV, OFT, RV}",001000,{LV},8,3,2,001001,"{Atria, LV}",E8.5-62,8.0,Small
All,1,111111,"{AB, AVC, Atria, LV, OFT, RV}",001000,{LV},8,3,2,001001,"{Atria, LV}",E8.5-89,8.0,Small
All,1,111111,"{AB, AVC, Atria, LV, OFT, RV}",001000,{LV},8,3,2,001001,"{Atria, LV}",E8.5-132,8.0,Small
All,1,111111,"{AB, AVC, Atria, LV, OFT, RV}",001000,{LV},8,3,2,001001,"{Atria, LV}",E8.5-98,11.0,Small
All,1,111111,"{AB, AVC, Atria, LV, OFT, RV}",001000,{LV},8,3,2,001001,"{Atria, LV}",E8.5-159,12.0,Small
All,1,111111,"{AB, AVC, Atria, LV, OFT, RV}",001000,{LV},8,3,2,001001,"{Atria, LV}",E8.5-162,16.0,Small
All,1,111111,"{AB, AVC, Atria, LV, OFT, RV}",001000,{LV},8,3,2,001001,"{Atria, LV}",E8.5-153,27.0,Small
All,1,111111,"{AB, AVC, Atria, LV, OFT, RV}",001000,{LV},8,3,2,001001,"{Atria, LV}",E8.5-180,30.0,Small
All,1,111111,"{AB, AVC, Atria, LV, OFT, RV}",001000,{LV},8,3,3,001000,{LV},E8.5-2,82.0,Large
All,1,111111,"{AB, AVC, Atria, LV, OFT, RV}",001000,{LV},8,3,3,001000,{LV},E8.5-170,142.0,
All,1,111111,"{AB, AVC, Atria, LV, OFT, RV}",001000,{LV},8,3,3,001000,{LV},E8.5-198,57.0,Large
All,1,111111,"{AB, AVC, Atria, LV, OFT, RV}",001000,{LV},8,3,3,001000,{LV},E8.5-91,42.0,Large
All,1,111111,"{AB, AVC, Atria, LV, OFT, RV}",001000,{LV},8,3,3,001000,{LV},E8.5-124,4.0,Small
All,1,111111,"{AB, AVC, Atria, LV, OFT, RV}",001000,{LV},8,3,3,001000,{LV},E8.5-23,4.0,Small
All,1,111111,"{AB, AVC, Atria, LV, OFT, RV}",001000,{LV},8,3,3,001000,{LV},E8.5-57,4.0,Small
All,1,111111,"{AB, AVC, Atria, LV, OFT, RV}",001000,{LV},8,3,3,001000,{LV},E8.5-208,5.0,Small
All,1,111111,"{AB, AVC, Atria, LV, OFT, RV}",001000,{LV},8,3,3,001000,{LV},E8.5-22,8.0,Small
All,1,111111,"{AB, AVC, Atria, LV, OFT, RV}",001000,{LV},8,3,3,001000,{LV},E8.5-62,8.0,Small
All,1,111111,"{AB, AVC, Atria, LV, OFT, RV}",001000,{LV},8,3,3,001000,{LV},E8.5-89,8.0,Small
All,1,111111,"{AB, AVC, Atria, LV, OFT, RV}",001000,{LV},8,3,3,001000,{LV},E8.5-132,8.0,Small
All,1,111111,"{AB, AVC, Atria, LV, OFT, RV}",001000,{LV},8,3,3,001000,{LV},E8.5-98,11.0,Small
All,1,111111,"{AB, AVC, Atria, LV, OFT, RV}",001000,{LV},8,3,3,001000,{LV},E8.5-159,12.0,Small
All,1,111111,"{AB, AVC, Atria, LV, OFT, RV}",001000,{LV},8,3,3,001000,{LV},E8.5-162,16.0,Small
All,1,111111,"{AB, AVC, Atria, LV, OFT, RV}",001000,{LV},8,3,3,001000,{LV},E8.5-153,27.0,Small
All,1,111111,"{AB, AVC, Atria, LV, OFT, RV}",001000,{LV},8,3,3,001000,{LV},E8.5-180,30.0,Small
All,1,111111,"{AB, AVC, Atria, LV, OFT, RV}",001000,{LV},9,3,0,111111,"{AB, AVC, Atria, LV, OFT, RV}",E8.5-2,82.0,Large
All,1,111111,"{AB, AVC, Atria, LV, OFT, RV}",001000,{LV},9,3,0,111111,"{AB, AVC, Atria, LV, OFT, RV}",E8.5-170,142.0,
All,1,111111,"{AB, AVC, Atria, LV, OFT, RV}",001000,{LV},9,3,0,111111,"{AB, AVC, Atria, LV, OFT, RV}",E8.5-198,57.0,Large
All,1,111111,"{AB, AVC, Atria, LV, OFT, RV}",001000,{LV},9,3,0,111111,"{AB, AVC, Atria, LV, OFT, RV}",E8.5-181,21.0,Small
All,1,111111,"{AB, AVC, Atria, LV, OFT, RV}",001000,{LV},9,3,0,111111,"{AB, AVC, Atria, LV, OFT, RV}",E8.5-175,24.0,Small
All,1,111111,"{AB, AVC, Atria, LV, OFT, RV}",001000,{LV},9,3,0,111111,"{AB, AVC, Atria, LV, OFT, RV}",E8.5-96,42.0,Large
All,1,111111,"{AB, AVC, Atria, LV, OFT, RV}",001000,{LV},9,3,0,111111,"{AB, AVC, Atria, LV, OFT, RV}",E8.5-124,4.0,Small
All,1,111111,"{AB, AVC, Atria, LV, OFT, RV}",001000,{LV},9,3,0,111111,"{AB, AVC, Atria, LV, OFT, RV}",E8.5-23,4.0,Small
All,1,111111,"{AB, AVC, Atria, LV, OFT, RV}",001000,{LV},9,3,0,111111,"{AB, AVC, Atria, LV, OFT, RV}",E8.5-57,4.0,Small
All,1,111111,"{AB, AVC, Atria, LV, OFT, RV}",001000,{LV},9,3,0,111111,"{AB, AVC, Atria, LV, OFT, RV}",E8.5-208,5.0,Small
All,1,111111,"{AB, AVC, Atria, LV, OFT, RV}",001000,{LV},9,3,0,111111,"{AB, AVC, Atria, LV, OFT, RV}",E8.5-22,8.0,Small
All,1,111111,"{AB, AVC, Atria, LV, OFT, RV}",001000,{LV},9,3,0,111111,"{AB, AVC, Atria, LV, OFT, RV}",E8.5-62,8.0,Small
All,1,111111,"{AB, AVC, Atria, LV, OFT, RV}",001000,{LV},9,3,0,111111,"{AB, AVC, Atria, LV, OFT, RV}",E8.5-89,8.0,Small
All,1,111111,"{AB, AVC, Atria, LV, OFT, RV}",001000,{LV},9,3,0,111111,"{AB, AVC, Atria, LV, OFT, RV}",E8.5-132,8.0,Small
All,1,111111,"{AB, AVC, Atria, LV, OFT, RV}",001000,{LV},9,3,0,111111,"{AB, AVC, Atria, LV, OFT, RV}",E8.5-98,11.0,Small
All,1,111111,"{AB, AVC, Atria, LV, OFT, RV}",001000,{LV},9,3,0,111111,"{AB, AVC, Atria, LV, OFT, RV}",E8.5-159,12.0,Small
All,1,111111,"{AB, AVC, Atria, LV, OFT, RV}",001000,{LV},9,3,0,111111,"{AB, AVC, Atria, LV, OFT, RV}",E8.5-162,16.0,Small
All,1,111111,"{AB, AVC, Atria, LV, OFT, RV}",001000,{LV},9,3,0,111111,"{AB, AVC, Atria, LV, OFT, RV}",E8.5-153,27.0,Small
All,1,111111,"{AB, AVC, Atria, LV, OFT, RV}",001000,{LV},9,3,0,111111,"{AB, AVC, Atria, LV, OFT, RV}",E8.5-180,30.0,Small
All,1,111111,"{AB, AVC, Atria, LV, OFT, RV}",001000,{LV},9,3,1,111001,"{Atria, LV, OFT, RV}",E8.5-2,82.0,Large
All,1,111111,"{AB, AVC, Atria, LV, OFT, RV}",001000,{LV},9,3,1,111001,"{Atria, LV, OFT, RV}",E8.5-170,142.0,
All,1,111111,"{AB, AVC, Atria, LV, OFT, RV}",001000,{LV},9,3,1,111001,"{Atria, LV, OFT, RV}",E8.5-198,57.0,Large
All,1,111111,"{AB, AVC, Atria, LV, OFT, RV}",001000,{LV},9,3,1,111001,"{Atria, LV, OFT, RV}",E8.5-181,21.0,Small
All,1,111111,"{AB, AVC, Atria, LV, OFT, RV}",001000,{LV},9,3,1,111001,"{Atria, LV, OFT, RV}",E8.5-175,24.0,Small
All,1,111111,"{AB, AVC, Atria, LV, OFT, RV}",001000,{LV},9,3,1,111001,"{Atria, LV, OFT, RV}",E8.5-96,42.0,Large
All,1,111111,"{AB, AVC, Atria, LV, OFT, RV}",001000,{LV},9,3,1,111001,"{Atria, LV, OFT, RV}",E8.5-124,4.0,Small
All,1,111111,"{AB, AVC, Atria, LV, OFT, RV}",001000,{LV},9,3,1,111001,"{Atria, LV, OFT, RV}",E8.5-23,4.0,Small
All,1,111111,"{AB, AVC, Atria, LV, OFT, RV}",001000,{LV},9,3,1,111001,"{Atria, LV, OFT, RV}",E8.5-57,4.0,Small
All,1,111111,"{AB, AVC, Atria, LV, OFT, RV}",001000,{LV},9,3,1,111001,"{Atria, LV, OFT, RV}",E8.5-208,5.0,Small
All,1,111111,"{AB, AVC, Atria, LV, OFT, RV}",001000,{LV},9,3,1,111001,"{Atria, LV, OFT, RV}",E8.5-22,8.0,Small
All,1,111111,"{AB, AVC, Atria, LV, OFT, RV}",001000,{LV},9,3,1,111001,"{Atria, LV, OFT, RV}",E8.5-62,8.0,Small
All,1,111111,"{AB, AVC, Atria, LV, OFT, RV}",001000,{LV},9,3,1,111001,"{Atria, LV, OFT, RV}",E8.5-89,8.0,Small
All,1,111111,"{AB, AVC, Atria, LV, OFT, RV}",001000,{LV},9,3,1,111001,"{Atria, LV, OFT, RV}",E8.5-132,8.0,Small
All,1,111111,"{AB, AVC, Atria, LV, OFT, RV}",001000,{LV},9,3,1,111001,"{Atria, LV, OFT, RV}",E8.5-98,11.0,Small
All,1,111111,"{AB, AVC, Atria, LV, OFT, RV}",001000,{LV},9,3,1,111001,"{Atria, LV, OFT, RV}",E8.5-159,12.0,Small
All,1,111111,"{AB, AVC, Atria, LV, OFT, RV}",001000,{LV},9,3,1,111001,"{Atria, LV, OFT, RV}",E8.5-162,16.0,Small
All,1,111111,"{AB, AVC, Atria, LV, OFT, RV}",001000,{LV},9,3,1,111001,"{Atria, LV, OFT, RV}",E8.5-153,27.0,Small
All,1,111111,"{AB, AVC, Atria, LV, OFT, RV}",001000,{LV},9,3,1,111001,"{Atria, LV, OFT, RV}",E8.5-180,30.0,Small
All,1,111111,"{AB, AVC, Atria, LV, OFT, RV}",001000,{LV},9,3,2,011000,"{LV, RV}",E8.5-2,82.0,Large
All,1,111111,"{AB, AVC, Atria, LV, OFT, RV}",001000,{LV},9,3,2,011000,"{LV, RV}",E8.5-170,142.0,
All,1,111111,"{AB, AVC, Atria, LV, OFT, RV}",001000,{LV},9,3,2,011000,"{LV, RV}",E8.5-198,57.0,Large
All,1,111111,"{AB, AVC, Atria, LV, OFT, RV}",001000,{LV},9,3,2,011000,"{LV, RV}",E8.5-181,21.0,Small
All,1,111111,"{AB, AVC, Atria, LV, OFT, RV}",001000,{LV},9,3,2,011000,"{LV, RV}",E8.5-175,24.0,Small
All,1,111111,"{AB, AVC, Atria, LV, OFT, RV}",001000,{LV},9,3,2,011000,"{LV, RV}",E8.5-96,42.0,Large
All,1,111111,"{AB, AVC, Atria, LV, OFT, RV}",001000,{LV},9,3,2,011000,"{LV, RV}",E8.5-124,4.0,Small
All,1,111111,"{AB, AVC, Atria, LV, OFT, RV}",001000,{LV},9,3,2,011000,"{LV, RV}",E8.5-23,4.0,Small
All,1,111111,"{AB, AVC, Atria, LV, OFT, RV}",001000,{LV},9,3,2,011000,"{LV, RV}",E8.5-57,4.0,Small
All,1,111111,"{AB, AVC, Atria, LV, OFT, RV}",001000,{LV},9,3,2,011000,"{LV, RV}",E8.5-208,5.0,Small
All,1,111111,"{AB, AVC, Atria, LV, OFT, RV}",001000,{LV},9,3,2,011000,"{LV, RV}",E8.5-22,8.0,Small
All,1,111111,"{AB, AVC, Atria, LV, OFT, RV}",001000,{LV},9,3,2,011000,"{LV, RV}",E8.5-62,8.0,Small
All,1,111111,"{AB, AVC, Atria, LV, OFT, RV}",001000,{LV},9,3,2,011000,"{LV, RV}",E8.5-89,8.0,Small
All,1,111111,"{AB, AVC, Atria, LV, OFT, RV}",001000,{LV},9,3,2,011000,"{LV, RV}",E8.5-132,8.0,Small
All,1,111111,"{AB, AVC, Atria, LV, OFT, RV}",001000,{LV},9,3,2,011000,"{LV, RV}",E8.5-98,11.0,Small
All,1,111111,"{AB, AVC, Atria, LV, OFT, RV}",001000,{LV},9,3,2,011000,"{LV, RV}",E8.5-159,12.0,Small
All,1,111111,"{AB, AVC, Atria, LV, OFT, RV}",001000,{LV},9,3,2,011000,"{LV, RV}",E8.5-162,16.0,Small
All,1,111111,"{AB, AVC, Atria, LV, OFT, RV}",001000,{LV},9,3,2,011000,"{LV, RV}",E8.5-153,27.0,Small
All,1,111111,"{AB, AVC, Atria, LV, OFT, RV}",001000,{LV},9,3,2,011000,"{LV, RV}",E8.5-180,30.0,Small
All,1,111111,"{AB, AVC, Atria, LV, OFT, RV}",001000,{LV},9,3,3,001000,{LV},E8.5-2,82.0,Large
All,1,111111,"{AB, AVC, Atria, LV, OFT, RV}",001000,{LV},9,3,3,001000,{LV},E8.5-170,142.0,
All,1,111111,"{AB, AVC, Atria, LV, OFT, RV}",001000,{LV},9,3,3,001000,{LV},E8.5-198,57.0,Large
All,1,111111,"{AB, AVC, Atria, LV, OFT, RV}",001000,{LV},9,3,3,001000,{LV},E8.5-181,21.0,Small
All,1,111111,"{AB, AVC, Atria, LV, OFT, RV}",001000,{LV},9,3,3,001000,{LV},E8.5-175,24.0,Small
All,1,111111,"{AB, AVC, Atria, LV, OFT, RV}",001000,{LV},9,3,3,001000,{LV},E8.5-96,42.0,Large
All,1,111111,"{AB, AVC, Atria, LV, OFT, RV}",001000,{LV},9,3,3,001000,{LV},E8.5-124,4.0,Small
All,1,111111,"{AB, AVC, Atria, LV, OFT, RV}",001000,{LV},9,3,3,001000,{LV},E8.5-23,4.0,Small
All,1,111111,"{AB, AVC, Atria, LV, OFT, RV}",001000,{LV},9,3,3,001000,{LV},E8.5-57,4.0,Small
All,1,111111,"{AB, AVC, Atria, LV, OFT, RV}",001000,{LV},9,3,3,001000,{LV},E8.5-208,5.0,Small
All,1,111111,"{AB, AVC, Atria, LV, OFT, RV}",001000,{LV},9,3,3,001000,{LV},E8.5-22,8.0,Small
All,1,111111,"{AB, AVC, Atria, LV, OFT, RV}",001000,{LV},9,3,3,001000,{LV},E8.5-62,8.0,Small
All,1,111111,"{AB, AVC, Atria, LV, OFT, RV}",001000,{LV},9,3,3,001000,{LV},E8.5-89,8.0,Small
All,1,111111,"{AB, AVC, Atria, LV, OFT, RV}",001000,{LV},9,3,3,001000,{LV},E8.5-132,8.0,Small
All,1,111111,"{AB, AVC, Atria, LV, OFT, RV}",001000,{LV},9,3,3,001000,{LV},E8.5-98,11.0,Small
All,1,111111,"{AB, AVC, Atria, LV, OFT, RV}",001000,{LV},9,3,3,001000,{LV},E8.5-159,12.0,Small
All,1,111111,"{AB, AVC, Atria, LV, OFT, RV}",001000,{LV},9,3,3,001000,{LV},E8.5-162,16.0,Small
All,1,111111,"{AB, AVC, Atria, LV, OFT, RV}",001000,{LV},9,3,3,001000,{LV},E8.5-153,27.0,Small
All,1,111111,"{AB, AVC, Atria, LV, OFT, RV}",001000,{LV},9,3,3,001000,{LV},E8.5-180,30.0,Small
All,1,111111,"{AB, AVC, Atria, LV, OFT, RV}",010000,{RV},1,4,0,111111,"{AB, AVC, Atria, LV, OFT, RV}",E8.5-2,82.0,Large
All,1,111111,"{AB, AVC, Atria, LV, OFT, RV}",010000,{RV},1,4,0,111111,"{AB, AVC, Atria, LV, OFT, RV}",E8.5-170,142.0,
All,1,111111,"{AB, AVC, Atria, LV, OFT, RV}",010000,{RV},1,4,0,111111,"{AB, AVC, Atria, LV, OFT, RV}",E8.5-156,48.0,Large
All,1,111111,"{AB, AVC, Atria, LV, OFT, RV}",010000,{RV},1,4,0,111111,"{AB, AVC, Atria, LV, OFT, RV}",E8.5-237,85.0,Large
All,1,111111,"{AB, AVC, Atria, LV, OFT, RV}",010000,{RV},1,4,0,111111,"{AB, AVC, Atria, LV, OFT, RV}",E8.5-25,91.0,Large
All,1,111111,"{AB, AVC, Atria, LV, OFT, RV}",010000,{RV},1,4,0,111111,"{AB, AVC, Atria, LV, OFT, RV}",E8.5-166,36.0,Large
All,1,111111,"{AB, AVC, Atria, LV, OFT, RV}",010000,{RV},1,4,0,111111,"{AB, AVC, Atria, LV, OFT, RV}",E8.5-177,17.0,Small
All,1,111111,"{AB, AVC, Atria, LV, OFT, RV}",010000,{RV},1,4,0,111111,"{AB, AVC, Atria, LV, OFT, RV}",E8.5-105,3.0,Small
All,1,111111,"{AB, AVC, Atria, LV, OFT, RV}",010000,{RV},1,4,0,111111,"{AB, AVC, Atria, LV, OFT, RV}",E8.5-209,4.0,Small
All,1,111111,"{AB, AVC, Atria, LV, OFT, RV}",010000,{RV},1,4,0,111111,"{AB, AVC, Atria, LV, OFT, RV}",E8.5-69,6.0,Small
All,1,111111,"{AB, AVC, Atria, LV, OFT, RV}",010000,{RV},1,4,0,111111,"{AB, AVC, Atria, LV, OFT, RV}",E8.5-122,7.0,Small
All,1,111111,"{AB, AVC, Atria, LV, OFT, RV}",010000,{RV},1,4,1,011111,"{AB, AVC, Atria, LV, RV}",E8.5-2,82.0,Large
All,1,111111,"{AB, AVC, Atria, LV, OFT, RV}",010000,{RV},1,4,1,011111,"{AB, AVC, Atria, LV, RV}",E8.5-170,142.0,
All,1,111111,"{AB, AVC, Atria, LV, OFT, RV}",010000,{RV},1,4,1,011111,"{AB, AVC, Atria, LV, RV}",E8.5-156,48.0,Large
All,1,111111,"{AB, AVC, Atria, LV, OFT, RV}",010000,{RV},1,4,1,011111,"{AB, AVC, Atria, LV, RV}",E8.5-237,85.0,Large
All,1,111111,"{AB, AVC, Atria, LV, OFT, RV}",010000,{RV},1,4,1,011111,"{AB, AVC, Atria, LV, RV}",E8.5-25,91.0,Large
All,1,111111,"{AB, AVC, Atria, LV, OFT, RV}",010000,{RV},1,4,1,011111,"{AB, AVC, Atria, LV, RV}",E8.5-166,36.0,Large
All,1,111111,"{AB, AVC, Atria, LV, OFT, RV}",010000,{RV},1,4,1,011111,"{AB, AVC, Atria, LV, RV}",E8.5-177,17.0,Small
All,1,111111,"{AB, AVC, Atria, LV, OFT, RV}",010000,{RV},1,4,1,011111,"{AB, AVC, Atria, LV, RV}",E8.5-105,3.0,Small
All,1,111111,"{AB, AVC, Atria, LV, OFT, RV}",010000,{RV},1,4,1,011111,"{AB, AVC, Atria, LV, RV}",E8.5-209,4.0,Small
All,1,111111,"{AB, AVC, Atria, LV, OFT, RV}",010000,{RV},1,4,1,011111,"{AB, AVC, Atria, LV, RV}",E8.5-69,6.0,Small
All,1,111111,"{AB, AVC, Atria, LV, OFT, RV}",010000,{RV},1,4,1,011111,"{AB, AVC, Atria, LV, RV}",E8.5-122,7.0,Small
All,1,111111,"{AB, AVC, Atria, LV, OFT, RV}",010000,{RV},1,4,2,011101,"{AVC, Atria, LV, RV}",E8.5-2,82.0,Large
All,1,111111,"{AB, AVC, Atria, LV, OFT, RV}",010000,{RV},1,4,2,011101,"{AVC, Atria, LV, RV}",E8.5-170,142.0,
All,1,111111,"{AB, AVC, Atria, LV, OFT, RV}",010000,{RV},1,4,2,011101,"{AVC, Atria, LV, RV}",E8.5-156,48.0,Large
All,1,111111,"{AB, AVC, Atria, LV, OFT, RV}",010000,{RV},1,4,2,011101,"{AVC, Atria, LV, RV}",E8.5-237,85.0,Large
All,1,111111,"{AB, AVC, Atria, LV, OFT, RV}",010000,{RV},1,4,2,011101,"{AVC, Atria, LV, RV}",E8.5-25,91.0,Large
All,1,111111,"{AB, AVC, Atria, LV, OFT, RV}",010000,{RV},1,4,2,011101,"{AVC, Atria, LV, RV}",E8.5-166,36.0,Large
All,1,111111,"{AB, AVC, Atria, LV, OFT, RV}",010000,{RV},1,4,2,011101,"{AVC, Atria, LV, RV}",E8.5-177,17.0,Small
All,1,111111,"{AB, AVC, Atria, LV, OFT, RV}",010000,{RV},1,4,2,011101,"{AVC, Atria, LV, RV}",E8.5-105,3.0,Small
All,1,111111,"{AB, AVC, Atria, LV, OFT, RV}",010000,{RV},1,4,2,011101,"{AVC, Atria, LV, RV}",E8.5-209,4.0,Small
All,1,111111,"{AB, AVC, Atria, LV, OFT, RV}",010000,{RV},1,4,2,011101,"{AVC, Atria, LV, RV}",E8.5-69,6.0,Small
All,1,111111,"{AB, AVC, Atria, LV, OFT, RV}",010000,{RV},1,4,2,011101,"{AVC, Atria, LV, RV}",E8.5-122,7.0,Small
All,1,111111,"{AB, AVC, Atria, LV, OFT, RV}",010000,{RV},1,4,3,010100,"{AVC, RV}",E8.5-2,82.0,Large
All,1,111111,"{AB, AVC, Atria, LV, OFT, RV}",010000,{RV},1,4,3,010100,"{AVC, RV}",E8.5-170,142.0,
All,1,111111,"{AB, AVC, Atria, LV, OFT, RV}",010000,{RV},1,4,3,010100,"{AVC, RV}",E8.5-156,48.0,Large
All,1,111111,"{AB, AVC, Atria, LV, OFT, RV}",010000,{RV},1,4,3,010100,"{AVC, RV}",E8.5-237,85.0,Large
All,1,111111,"{AB, AVC, Atria, LV, OFT, RV}",010000,{RV},1,4,3,010100,"{AVC, RV}",E8.5-25,91.0,Large
All,1,111111,"{AB, AVC, Atria, LV, OFT, RV}",010000,{RV},1,4,3,010100,"{AVC, RV}",E8.5-166,36.0,Large
All,1,111111,"{AB, AVC, Atria, LV, OFT, RV}",010000,{RV},1,4,3,010100,"{AVC, RV}",E8.5-177,17.0,Small
All,1,111111,"{AB, AVC, Atria, LV, OFT, RV}",010000,{RV},1,4,3,010100,"{AVC, RV}",E8.5-105,3.0,Small
All,1,111111,"{AB, AVC, Atria, LV, OFT, RV}",010000,{RV},1,4,3,010100,"{AVC, RV}",E8.5-209,4.0,Small
All,1,111111,"{AB, AVC, Atria, LV, OFT, RV}",010000,{RV},1,4,3,010100,"{AVC, RV}",E8.5-69,6.0,Small
All,1,111111,"{AB, AVC, Atria, LV, OFT, RV}",010000,{RV},1,4,3,010100,"{AVC, RV}",E8.5-122,7.0,Small
All,1,111111,"{AB, AVC, Atria, LV, OFT, RV}",010000,{RV},1,4,4,010000,{RV},E8.5-2,82.0,Large
All,1,111111,"{AB, AVC, Atria, LV, OFT, RV}",010000,{RV},1,4,4,010000,{RV},E8.5-170,142.0,
All,1,111111,"{AB, AVC, Atria, LV, OFT, RV}",010000,{RV},1,4,4,010000,{RV},E8.5-156,48.0,Large
All,1,111111,"{AB, AVC, Atria, LV, OFT, RV}",010000,{RV},1,4,4,010000,{RV},E8.5-237,85.0,Large
All,1,111111,"{AB, AVC, Atria, LV, OFT, RV}",010000,{RV},1,4,4,010000,{RV},E8.5-25,91.0,Large
All,1,111111,"{AB, AVC, Atria, LV, OFT, RV}",010000,{RV},1,4,4,010000,{RV},E8.5-166,36.0,Large
All,1,111111,"{AB, AVC, Atria, LV, OFT, RV}",010000,{RV},1,4,4,010000,{RV},E8.5-177,17.0,Small
All,1,111111,"{AB, AVC, Atria, LV, OFT, RV}",010000,{RV},1,4,4,010000,{RV},E8.5-105,3.0,Small
All,1,111111,"{AB, AVC, Atria, LV, OFT, RV}",010000,{RV},1,4,4,010000,{RV},E8.5-209,4.0,Small
All,1,111111,"{AB, AVC, Atria, LV, OFT, RV}",010000,{RV},1,4,4,010000,{RV},E8.5-69,6.0,Small
All,1,111111,"{AB, AVC, Atria, LV, OFT, RV}",010000,{RV},1,4,4,010000,{RV},E8.5-122,7.0,Small
All,1,111111,"{AB, AVC, Atria, LV, OFT, RV}",010000,{RV},2,4,0,111111,"{AB, AVC, Atria, LV, OFT, RV}",E8.5-2,82.0,Large
All,1,111111,"{AB, AVC, Atria, LV, OFT, RV}",010000,{RV},2,4,0,111111,"{AB, AVC, Atria, LV, OFT, RV}",E8.5-170,142.0,
All,1,111111,"{AB, AVC, Atria, LV, OFT, RV}",010000,{RV},2,4,0,111111,"{AB, AVC, Atria, LV, OFT, RV}",E8.5-156,48.0,Large
All,1,111111,"{AB, AVC, Atria, LV, OFT, RV}",010000,{RV},2,4,0,111111,"{AB, AVC, Atria, LV, OFT, RV}",E8.5-237,85.0,Large
All,1,111111,"{AB, AVC, Atria, LV, OFT, RV}",010000,{RV},2,4,0,111111,"{AB, AVC, Atria, LV, OFT, RV}",E8.5-25,91.0,Large
All,1,111111,"{AB, AVC, Atria, LV, OFT, RV}",010000,{RV},2,4,0,111111,"{AB, AVC, Atria, LV, OFT, RV}",E8.5-166,36.0,Large
All,1,111111,"{AB, AVC, Atria, LV, OFT, RV}",010000,{RV},2,4,0,111111,"{AB, AVC, Atria, LV, OFT, RV}",E8.5-181,21.0,Small
All,1,111111,"{AB, AVC, Atria, LV, OFT, RV}",010000,{RV},2,4,0,111111,"{AB, AVC, Atria, LV, OFT, RV}",E8.5-175,24.0,Small
All,1,111111,"{AB, AVC, Atria, LV, OFT, RV}",010000,{RV},2,4,0,111111,"{AB, AVC, Atria, LV, OFT, RV}",E8.5-96,42.0,Large
All,1,111111,"{AB, AVC, Atria, LV, OFT, RV}",010000,{RV},2,4,0,111111,"{AB, AVC, Atria, LV, OFT, RV}",E8.5-105,3.0,Small
All,1,111111,"{AB, AVC, Atria, LV, OFT, RV}",010000,{RV},2,4,0,111111,"{AB, AVC, Atria, LV, OFT, RV}",E8.5-209,4.0,Small
All,1,111111,"{AB, AVC, Atria, LV, OFT, RV}",010000,{RV},2,4,0,111111,"{AB, AVC, Atria, LV, OFT, RV}",E8.5-69,6.0,Small
All,1,111111,"{AB, AVC, Atria, LV, OFT, RV}",010000,{RV},2,4,0,111111,"{AB, AVC, Atria, LV, OFT, RV}",E8.5-122,7.0,Small
All,1,111111,"{AB, AVC, Atria, LV, OFT, RV}",010000,{RV},2,4,1,011111,"{AB, AVC, Atria, LV, RV}",E8.5-2,82.0,Large
All,1,111111,"{AB, AVC, Atria, LV, OFT, RV}",010000,{RV},2,4,1,011111,"{AB, AVC, Atria, LV, RV}",E8.5-170,142.0,
All,1,111111,"{AB, AVC, Atria, LV, OFT, RV}",010000,{RV},2,4,1,011111,"{AB, AVC, Atria, LV, RV}",E8.5-156,48.0,Large
All,1,111111,"{AB, AVC, Atria, LV, OFT, RV}",010000,{RV},2,4,1,011111,"{AB, AVC, Atria, LV, RV}",E8.5-237,85.0,Large
All,1,111111,"{AB, AVC, Atria, LV, OFT, RV}",010000,{RV},2,4,1,011111,"{AB, AVC, Atria, LV, RV}",E8.5-25,91.0,Large
All,1,111111,"{AB, AVC, Atria, LV, OFT, RV}",010000,{RV},2,4,1,011111,"{AB, AVC, Atria, LV, RV}",E8.5-166,36.0,Large
All,1,111111,"{AB, AVC, Atria, LV, OFT, RV}",010000,{RV},2,4,1,011111,"{AB, AVC, Atria, LV, RV}",E8.5-181,21.0,Small
All,1,111111,"{AB, AVC, Atria, LV, OFT, RV}",010000,{RV},2,4,1,011111,"{AB, AVC, Atria, LV, RV}",E8.5-175,24.0,Small
All,1,111111,"{AB, AVC, Atria, LV, OFT, RV}",010000,{RV},2,4,1,011111,"{AB, AVC, Atria, LV, RV}",E8.5-96,42.0,Large
All,1,111111,"{AB, AVC, Atria, LV, OFT, RV}",010000,{RV},2,4,1,011111,"{AB, AVC, Atria, LV, RV}",E8.5-105,3.0,Small
All,1,111111,"{AB, AVC, Atria, LV, OFT, RV}",010000,{RV},2,4,1,011111,"{AB, AVC, Atria, LV, RV}",E8.5-209,4.0,Small
All,1,111111,"{AB, AVC, Atria, LV, OFT, RV}",010000,{RV},2,4,1,011111,"{AB, AVC, Atria, LV, RV}",E8.5-69,6.0,Small
All,1,111111,"{AB, AVC, Atria, LV, OFT, RV}",010000,{RV},2,4,1,011111,"{AB, AVC, Atria, LV, RV}",E8.5-122,7.0,Small
All,1,111111,"{AB, AVC, Atria, LV, OFT, RV}",010000,{RV},2,4,2,011101,"{AVC, Atria, LV, RV}",E8.5-2,82.0,Large
All,1,111111,"{AB, AVC, Atria, LV, OFT, RV}",010000,{RV},2,4,2,011101,"{AVC, Atria, LV, RV}",E8.5-170,142.0,
All,1,111111,"{AB, AVC, Atria, LV, OFT, RV}",010000,{RV},2,4,2,011101,"{AVC, Atria, LV, RV}",E8.5-156,48.0,Large
All,1,111111,"{AB, AVC, Atria, LV, OFT, RV}",010000,{RV},2,4,2,011101,"{AVC, Atria, LV, RV}",E8.5-237,85.0,Large
All,1,111111,"{AB, AVC, Atria, LV, OFT, RV}",010000,{RV},2,4,2,011101,"{AVC, Atria, LV, RV}",E8.5-25,91.0,Large
All,1,111111,"{AB, AVC, Atria, LV, OFT, RV}",010000,{RV},2,4,2,011101,"{AVC, Atria, LV, RV}",E8.5-166,36.0,Large
All,1,111111,"{AB, AVC, Atria, LV, OFT, RV}",010000,{RV},2,4,2,011101,"{AVC, Atria, LV, RV}",E8.5-181,21.0,Small
All,1,111111,"{AB, AVC, Atria, LV, OFT, RV}",010000,{RV},2,4,2,011101,"{AVC, Atria, LV, RV}",E8.5-175,24.0,Small
All,1,111111,"{AB, AVC, Atria, LV, OFT, RV}",010000,{RV},2,4,2,011101,"{AVC, Atria, LV, RV}",E8.5-96,42.0,Large
All,1,111111,"{AB, AVC, Atria, LV, OFT, RV}",010000,{RV},2,4,2,011101,"{AVC, Atria, LV, RV}",E8.5-105,3.0,Small
All,1,111111,"{AB, AVC, Atria, LV, OFT, RV}",010000,{RV},2,4,2,011101,"{AVC, Atria, LV, RV}",E8.5-209,4.0,Small
All,1,111111,"{AB, AVC, Atria, LV, OFT, RV}",010000,{RV},2,4,2,011101,"{AVC, Atria, LV, RV}",E8.5-69,6.0,Small
All,1,111111,"{AB, AVC, Atria, LV, OFT, RV}",010000,{RV},2,4,2,011101,"{AVC, Atria, LV, RV}",E8.5-122,7.0,Small
All,1,111111,"{AB, AVC, Atria, LV, OFT, RV}",010000,{RV},2,4,3,011000,"{LV, RV}",E8.5-2,82.0,Large
All,1,111111,"{AB, AVC, Atria, LV, OFT, RV}",010000,{RV},2,4,3,011000,"{LV, RV}",E8.5-170,142.0,
All,1,111111,"{AB, AVC, Atria, LV, OFT, RV}",010000,{RV},2,4,3,011000,"{LV, RV}",E8.5-156,48.0,Large
All,1,111111,"{AB, AVC, Atria, LV, OFT, RV}",010000,{RV},2,4,3,011000,"{LV, RV}",E8.5-237,85.0,Large
All,1,111111,"{AB, AVC, Atria, LV, OFT, RV}",010000,{RV},2,4,3,011000,"{LV, RV}",E8.5-25,91.0,Large
All,1,111111,"{AB, AVC, Atria, LV, OFT, RV}",010000,{RV},2,4,3,011000,"{LV, RV}",E8.5-166,36.0,Large
All,1,111111,"{AB, AVC, Atria, LV, OFT, RV}",010000,{RV},2,4,3,011000,"{LV, RV}",E8.5-181,21.0,Small
All,1,111111,"{AB, AVC, Atria, LV, OFT, RV}",010000,{RV},2,4,3,011000,"{LV, RV}",E8.5-175,24.0,Small
All,1,111111,"{AB, AVC, Atria, LV, OFT, RV}",010000,{RV},2,4,3,011000,"{LV, RV}",E8.5-96,42.0,Large
All,1,111111,"{AB, AVC, Atria, LV, OFT, RV}",010000,{RV},2,4,3,011000,"{LV, RV}",E8.5-105,3.0,Small
All,1,111111,"{AB, AVC, Atria, LV, OFT, RV}",010000,{RV},2,4,3,011000,"{LV, RV}",E8.5-209,4.0,Small
All,1,111111,"{AB, AVC, Atria, LV, OFT, RV}",010000,{RV},2,4,3,011000,"{LV, RV}",E8.5-69,6.0,Small
All,1,111111,"{AB, AVC, Atria, LV, OFT, RV}",010000,{RV},2,4,3,011000,"{LV, RV}",E8.5-122,7.0,Small
All,1,111111,"{AB, AVC, Atria, LV, OFT, RV}",010000,{RV},2,4,4,010000,{RV},E8.5-2,82.0,Large
All,1,111111,"{AB, AVC, Atria, LV, OFT, RV}",010000,{RV},2,4,4,010000,{RV},E8.5-170,142.0,
All,1,111111,"{AB, AVC, Atria, LV, OFT, RV}",010000,{RV},2,4,4,010000,{RV},E8.5-156,48.0,Large
All,1,111111,"{AB, AVC, Atria, LV, OFT, RV}",010000,{RV},2,4,4,010000,{RV},E8.5-237,85.0,Large
All,1,111111,"{AB, AVC, Atria, LV, OFT, RV}",010000,{RV},2,4,4,010000,{RV},E8.5-25,91.0,Large
All,1,111111,"{AB, AVC, Atria, LV, OFT, RV}",010000,{RV},2,4,4,010000,{RV},E8.5-166,36.0,Large
All,1,111111,"{AB, AVC, Atria, LV, OFT, RV}",010000,{RV},2,4,4,010000,{RV},E8.5-181,21.0,Small
All,1,111111,"{AB, AVC, Atria, LV, OFT, RV}",010000,{RV},2,4,4,010000,{RV},E8.5-175,24.0,Small
All,1,111111,"{AB, AVC, Atria, LV, OFT, RV}",010000,{RV},2,4,4,010000,{RV},E8.5-96,42.0,Large
All,1,111111,"{AB, AVC, Atria, LV, OFT, RV}",010000,{RV},2,4,4,010000,{RV},E8.5-105,3.0,Small
All,1,111111,"{AB, AVC, Atria, LV, OFT, RV}",010000,{RV},2,4,4,010000,{RV},E8.5-209,4.0,Small
All,1,111111,"{AB, AVC, Atria, LV, OFT, RV}",010000,{RV},2,4,4,010000,{RV},E8.5-69,6.0,Small
All,1,111111,"{AB, AVC, Atria, LV, OFT, RV}",010000,{RV},2,4,4,010000,{RV},E8.5-122,7.0,Small
All,1,111111,"{AB, AVC, Atria, LV, OFT, RV}",010000,{RV},3,4,0,111111,"{AB, AVC, Atria, LV, OFT, RV}",E8.5-2,82.0,Large
All,1,111111,"{AB, AVC, Atria, LV, OFT, RV}",010000,{RV},3,4,0,111111,"{AB, AVC, Atria, LV, OFT, RV}",E8.5-170,142.0,
All,1,111111,"{AB, AVC, Atria, LV, OFT, RV}",010000,{RV},3,4,0,111111,"{AB, AVC, Atria, LV, OFT, RV}",E8.5-156,48.0,Large
All,1,111111,"{AB, AVC, Atria, LV, OFT, RV}",010000,{RV},3,4,0,111111,"{AB, AVC, Atria, LV, OFT, RV}",E8.5-237,85.0,Large
All,1,111111,"{AB, AVC, Atria, LV, OFT, RV}",010000,{RV},3,4,0,111111,"{AB, AVC, Atria, LV, OFT, RV}",E8.5-25,91.0,Large
All,1,111111,"{AB, AVC, Atria, LV, OFT, RV}",010000,{RV},3,4,0,111111,"{AB, AVC, Atria, LV, OFT, RV}",E8.5-215,41.0,Large
All,1,111111,"{AB, AVC, Atria, LV, OFT, RV}",010000,{RV},3,4,0,111111,"{AB, AVC, Atria, LV, OFT, RV}",E8.5-102,42.0,Large
All,1,111111,"{AB, AVC, Atria, LV, OFT, RV}",010000,{RV},3,4,0,111111,"{AB, AVC, Atria, LV, OFT, RV}",E8.5-177,17.0,Small
All,1,111111,"{AB, AVC, Atria, LV, OFT, RV}",010000,{RV},3,4,0,111111,"{AB, AVC, Atria, LV, OFT, RV}",E8.5-105,3.0,Small
All,1,111111,"{AB, AVC, Atria, LV, OFT, RV}",010000,{RV},3,4,0,111111,"{AB, AVC, Atria, LV, OFT, RV}",E8.5-209,4.0,Small
All,1,111111,"{AB, AVC, Atria, LV, OFT, RV}",010000,{RV},3,4,0,111111,"{AB, AVC, Atria, LV, OFT, RV}",E8.5-69,6.0,Small
All,1,111111,"{AB, AVC, Atria, LV, OFT, RV}",010000,{RV},3,4,0,111111,"{AB, AVC, Atria, LV, OFT, RV}",E8.5-122,7.0,Small
All,1,111111,"{AB, AVC, Atria, LV, OFT, RV}",010000,{RV},3,4,1,011111,"{AB, AVC, Atria, LV, RV}",E8.5-2,82.0,Large
All,1,111111,"{AB, AVC, Atria, LV, OFT, RV}",010000,{RV},3,4,1,011111,"{AB, AVC, Atria, LV, RV}",E8.5-170,142.0,
All,1,111111,"{AB, AVC, Atria, LV, OFT, RV}",010000,{RV},3,4,1,011111,"{AB, AVC, Atria, LV, RV}",E8.5-156,48.0,Large
All,1,111111,"{AB, AVC, Atria, LV, OFT, RV}",010000,{RV},3,4,1,011111,"{AB, AVC, Atria, LV, RV}",E8.5-237,85.0,Large
All,1,111111,"{AB, AVC, Atria, LV, OFT, RV}",010000,{RV},3,4,1,011111,"{AB, AVC, Atria, LV, RV}",E8.5-25,91.0,Large
All,1,111111,"{AB, AVC, Atria, LV, OFT, RV}",010000,{RV},3,4,1,011111,"{AB, AVC, Atria, LV, RV}",E8.5-215,41.0,Large
All,1,111111,"{AB, AVC, Atria, LV, OFT, RV}",010000,{RV},3,4,1,011111,"{AB, AVC, Atria, LV, RV}",E8.5-102,42.0,Large
All,1,111111,"{AB, AVC, Atria, LV, OFT, RV}",010000,{RV},3,4,1,011111,"{AB, AVC, Atria, LV, RV}",E8.5-177,17.0,Small
All,1,111111,"{AB, AVC, Atria, LV, OFT, RV}",010000,{RV},3,4,1,011111,"{AB, AVC, Atria, LV, RV}",E8.5-105,3.0,Small
All,1,111111,"{AB, AVC, Atria, LV, OFT, RV}",010000,{RV},3,4,1,011111,"{AB, AVC, Atria, LV, RV}",E8.5-209,4.0,Small
All,1,111111,"{AB, AVC, Atria, LV, OFT, RV}",010000,{RV},3,4,1,011111,"{AB, AVC, Atria, LV, RV}",E8.5-69,6.0,Small
All,1,111111,"{AB, AVC, Atria, LV, OFT, RV}",010000,{RV},3,4,1,011111,"{AB, AVC, Atria, LV, RV}",E8.5-122,7.0,Small
All,1,111111,"{AB, AVC, Atria, LV, OFT, RV}",010000,{RV},3,4,2,011100,"{AVC, LV, RV}",E8.5-2,82.0,Large
All,1,111111,"{AB, AVC, Atria, LV, OFT, RV}",010000,{RV},3,4,2,011100,"{AVC, LV, RV}",E8.5-170,142.0,
All,1,111111,"{AB, AVC, Atria, LV, OFT, RV}",010000,{RV},3,4,2,011100,"{AVC, LV, RV}",E8.5-156,48.0,Large
All,1,111111,"{AB, AVC, Atria, LV, OFT, RV}",010000,{RV},3,4,2,011100,"{AVC, LV, RV}",E8.5-237,85.0,Large
All,1,111111,"{AB, AVC, Atria, LV, OFT, RV}",010000,{RV},3,4,2,011100,"{AVC, LV, RV}",E8.5-25,91.0,Large
All,1,111111,"{AB, AVC, Atria, LV, OFT, RV}",010000,{RV},3,4,2,011100,"{AVC, LV, RV}",E8.5-215,41.0,Large
All,1,111111,"{AB, AVC, Atria, LV, OFT, RV}",010000,{RV},3,4,2,011100,"{AVC, LV, RV}",E8.5-102,42.0,Large
All,1,111111,"{AB, AVC, Atria, LV, OFT, RV}",010000,{RV},3,4,2,011100,"{AVC, LV, RV}",E8.5-177,17.0,Small
All,1,111111,"{AB, AVC, Atria, LV, OFT, RV}",010000,{RV},3,4,2,011100,"{AVC, LV, RV}",E8.5-105,3.0,Small
All,1,111111,"{AB, AVC, Atria, LV, OFT, RV}",010000,{RV},3,4,2,011100,"{AVC, LV, RV}",E8.5-209,4.0,Small
All,1,111111,"{AB, AVC, Atria, LV, OFT, RV}",010000,{RV},3,4,2,011100,"{AVC, LV, RV}",E8.5-69,6.0,Small
All,1,111111,"{AB, AVC, Atria, LV, OFT, RV}",010000,{RV},3,4,2,011100,"{AVC, LV, RV}",E8.5-122,7.0,Small
All,1,111111,"{AB, AVC, Atria, LV, OFT, RV}",010000,{RV},3,4,3,010100,"{AVC, RV}",E8.5-2,82.0,Large
All,1,111111,"{AB, AVC, Atria, LV, OFT, RV}",010000,{RV},3,4,3,010100,"{AVC, RV}",E8.5-170,142.0,
All,1,111111,"{AB, AVC, Atria, LV, OFT, RV}",010000,{RV},3,4,3,010100,"{AVC, RV}",E8.5-156,48.0,Large
All,1,111111,"{AB, AVC, Atria, LV, OFT, RV}",010000,{RV},3,4,3,010100,"{AVC, RV}",E8.5-237,85.0,Large
All,1,111111,"{AB, AVC, Atria, LV, OFT, RV}",010000,{RV},3,4,3,010100,"{AVC, RV}",E8.5-25,91.0,Large
All,1,111111,"{AB, AVC, Atria, LV, OFT, RV}",010000,{RV},3,4,3,010100,"{AVC, RV}",E8.5-215,41.0,Large
All,1,111111,"{AB, AVC, Atria, LV, OFT, RV}",010000,{RV},3,4,3,010100,"{AVC, RV}",E8.5-102,42.0,Large
All,1,111111,"{AB, AVC, Atria, LV, OFT, RV}",010000,{RV},3,4,3,010100,"{AVC, RV}",E8.5-177,17.0,Small
All,1,111111,"{AB, AVC, Atria, LV, OFT, RV}",010000,{RV},3,4,3,010100,"{AVC, RV}",E8.5-105,3.0,Small
All,1,111111,"{AB, AVC, Atria, LV, OFT, RV}",010000,{RV},3,4,3,010100,"{AVC, RV}",E8.5-209,4.0,Small
All,1,111111,"{AB, AVC, Atria, LV, OFT, RV}",010000,{RV},3,4,3,010100,"{AVC, RV}",E8.5-69,6.0,Small
All,1,111111,"{AB, AVC, Atria, LV, OFT, RV}",010000,{RV},3,4,3,010100,"{AVC, RV}",E8.5-122,7.0,Small
All,1,111111,"{AB, AVC, Atria, LV, OFT, RV}",010000,{RV},3,4,4,010000,{RV},E8.5-2,82.0,Large
All,1,111111,"{AB, AVC, Atria, LV, OFT, RV}",010000,{RV},3,4,4,010000,{RV},E8.5-170,142.0,
All,1,111111,"{AB, AVC, Atria, LV, OFT, RV}",010000,{RV},3,4,4,010000,{RV},E8.5-156,48.0,Large
All,1,111111,"{AB, AVC, Atria, LV, OFT, RV}",010000,{RV},3,4,4,010000,{RV},E8.5-237,85.0,Large
All,1,111111,"{AB, AVC, Atria, LV, OFT, RV}",010000,{RV},3,4,4,010000,{RV},E8.5-25,91.0,Large
All,1,111111,"{AB, AVC, Atria, LV, OFT, RV}",010000,{RV},3,4,4,010000,{RV},E8.5-215,41.0,Large
All,1,111111,"{AB, AVC, Atria, LV, OFT, RV}",010000,{RV},3,4,4,010000,{RV},E8.5-102,42.0,Large
All,1,111111,"{AB, AVC, Atria, LV, OFT, RV}",010000,{RV},3,4,4,010000,{RV},E8.5-177,17.0,Small
All,1,111111,"{AB, AVC, Atria, LV, OFT, RV}",010000,{RV},3,4,4,010000,{RV},E8.5-105,3.0,Small
All,1,111111,"{AB, AVC, Atria, LV, OFT, RV}",010000,{RV},3,4,4,010000,{RV},E8.5-209,4.0,Small
All,1,111111,"{AB, AVC, Atria, LV, OFT, RV}",010000,{RV},3,4,4,010000,{RV},E8.5-69,6.0,Small
All,1,111111,"{AB, AVC, Atria, LV, OFT, RV}",010000,{RV},3,4,4,010000,{RV},E8.5-122,7.0,Small
All,1,111111,"{AB, AVC, Atria, LV, OFT, RV}",010000,{RV},4,4,0,111111,"{AB, AVC, Atria, LV, OFT, RV}",E8.5-2,82.0,Large
All,1,111111,"{AB, AVC, Atria, LV, OFT, RV}",010000,{RV},4,4,0,111111,"{AB, AVC, Atria, LV, OFT, RV}",E8.5-170,142.0,
All,1,111111,"{AB, AVC, Atria, LV, OFT, RV}",010000,{RV},4,4,0,111111,"{AB, AVC, Atria, LV, OFT, RV}",E8.5-156,48.0,Large
All,1,111111,"{AB, AVC, Atria, LV, OFT, RV}",010000,{RV},4,4,0,111111,"{AB, AVC, Atria, LV, OFT, RV}",E8.5-237,85.0,Large
All,1,111111,"{AB, AVC, Atria, LV, OFT, RV}",010000,{RV},4,4,0,111111,"{AB, AVC, Atria, LV, OFT, RV}",E8.5-25,91.0,Large
All,1,111111,"{AB, AVC, Atria, LV, OFT, RV}",010000,{RV},4,4,0,111111,"{AB, AVC, Atria, LV, OFT, RV}",E8.5-215,41.0,Large
All,1,111111,"{AB, AVC, Atria, LV, OFT, RV}",010000,{RV},4,4,0,111111,"{AB, AVC, Atria, LV, OFT, RV}",E8.5-102,42.0,Large
All,1,111111,"{AB, AVC, Atria, LV, OFT, RV}",010000,{RV},4,4,0,111111,"{AB, AVC, Atria, LV, OFT, RV}",E8.5-181,21.0,Small
All,1,111111,"{AB, AVC, Atria, LV, OFT, RV}",010000,{RV},4,4,0,111111,"{AB, AVC, Atria, LV, OFT, RV}",E8.5-175,24.0,Small
All,1,111111,"{AB, AVC, Atria, LV, OFT, RV}",010000,{RV},4,4,0,111111,"{AB, AVC, Atria, LV, OFT, RV}",E8.5-96,42.0,Large
All,1,111111,"{AB, AVC, Atria, LV, OFT, RV}",010000,{RV},4,4,0,111111,"{AB, AVC, Atria, LV, OFT, RV}",E8.5-105,3.0,Small
All,1,111111,"{AB, AVC, Atria, LV, OFT, RV}",010000,{RV},4,4,0,111111,"{AB, AVC, Atria, LV, OFT, RV}",E8.5-209,4.0,Small
All,1,111111,"{AB, AVC, Atria, LV, OFT, RV}",010000,{RV},4,4,0,111111,"{AB, AVC, Atria, LV, OFT, RV}",E8.5-69,6.0,Small
All,1,111111,"{AB, AVC, Atria, LV, OFT, RV}",010000,{RV},4,4,0,111111,"{AB, AVC, Atria, LV, OFT, RV}",E8.5-122,7.0,Small
All,1,111111,"{AB, AVC, Atria, LV, OFT, RV}",010000,{RV},4,4,1,011111,"{AB, AVC, Atria, LV, RV}",E8.5-2,82.0,Large
All,1,111111,"{AB, AVC, Atria, LV, OFT, RV}",010000,{RV},4,4,1,011111,"{AB, AVC, Atria, LV, RV}",E8.5-170,142.0,
All,1,111111,"{AB, AVC, Atria, LV, OFT, RV}",010000,{RV},4,4,1,011111,"{AB, AVC, Atria, LV, RV}",E8.5-156,48.0,Large
All,1,111111,"{AB, AVC, Atria, LV, OFT, RV}",010000,{RV},4,4,1,011111,"{AB, AVC, Atria, LV, RV}",E8.5-237,85.0,Large
All,1,111111,"{AB, AVC, Atria, LV, OFT, RV}",010000,{RV},4,4,1,011111,"{AB, AVC, Atria, LV, RV}",E8.5-25,91.0,Large
All,1,111111,"{AB, AVC, Atria, LV, OFT, RV}",010000,{RV},4,4,1,011111,"{AB, AVC, Atria, LV, RV}",E8.5-215,41.0,Large
All,1,111111,"{AB, AVC, Atria, LV, OFT, RV}",010000,{RV},4,4,1,011111,"{AB, AVC, Atria, LV, RV}",E8.5-102,42.0,Large
All,1,111111,"{AB, AVC, Atria, LV, OFT, RV}",010000,{RV},4,4,1,011111,"{AB, AVC, Atria, LV, RV}",E8.5-181,21.0,Small
All,1,111111,"{AB, AVC, Atria, LV, OFT, RV}",010000,{RV},4,4,1,011111,"{AB, AVC, Atria, LV, RV}",E8.5-175,24.0,Small
All,1,111111,"{AB, AVC, Atria, LV, OFT, RV}",010000,{RV},4,4,1,011111,"{AB, AVC, Atria, LV, RV}",E8.5-96,42.0,Large
All,1,111111,"{AB, AVC, Atria, LV, OFT, RV}",010000,{RV},4,4,1,011111,"{AB, AVC, Atria, LV, RV}",E8.5-105,3.0,Small
All,1,111111,"{AB, AVC, Atria, LV, OFT, RV}",010000,{RV},4,4,1,011111,"{AB, AVC, Atria, LV, RV}",E8.5-209,4.0,Small
All,1,111111,"{AB, AVC, Atria, LV, OFT, RV}",010000,{RV},4,4,1,011111,"{AB, AVC, Atria, LV, RV}",E8.5-69,6.0,Small
All,1,111111,"{AB, AVC, Atria, LV, OFT, RV}",010000,{RV},4,4,1,011111,"{AB, AVC, Atria, LV, RV}",E8.5-122,7.0,Small
All,1,111111,"{AB, AVC, Atria, LV, OFT, RV}",010000,{RV},4,4,2,011100,"{AVC, LV, RV}",E8.5-2,82.0,Large
All,1,111111,"{AB, AVC, Atria, LV, OFT, RV}",010000,{RV},4,4,2,011100,"{AVC, LV, RV}",E8.5-170,142.0,
All,1,111111,"{AB, AVC, Atria, LV, OFT, RV}",010000,{RV},4,4,2,011100,"{AVC, LV, RV}",E8.5-156,48.0,Large
All,1,111111,"{AB, AVC, Atria, LV, OFT, RV}",010000,{RV},4,4,2,011100,"{AVC, LV, RV}",E8.5-237,85.0,Large
All,1,111111,"{AB, AVC, Atria, LV, OFT, RV}",010000,{RV},4,4,2,011100,"{AVC, LV, RV}",E8.5-25,91.0,Large
All,1,111111,"{AB, AVC, Atria, LV, OFT, RV}",010000,{RV},4,4,2,011100,"{AVC, LV, RV}",E8.5-215,41.0,Large
All,1,111111,"{AB, AVC, Atria, LV, OFT, RV}",010000,{RV},4,4,2,011100,"{AVC, LV, RV}",E8.5-102,42.0,Large
All,1,111111,"{AB, AVC, Atria, LV, OFT, RV}",010000,{RV},4,4,2,011100,"{AVC, LV, RV}",E8.5-181,21.0,Small
All,1,111111,"{AB, AVC, Atria, LV, OFT, RV}",010000,{RV},4,4,2,011100,"{AVC, LV, RV}",E8.5-175,24.0,Small
All,1,111111,"{AB, AVC, Atria, LV, OFT, RV}",010000,{RV},4,4,2,011100,"{AVC, LV, RV}",E8.5-96,42.0,Large
All,1,111111,"{AB, AVC, Atria, LV, OFT, RV}",010000,{RV},4,4,2,011100,"{AVC, LV, RV}",E8.5-105,3.0,Small
All,1,111111,"{AB, AVC, Atria, LV, OFT, RV}",010000,{RV},4,4,2,011100,"{AVC, LV, RV}",E8.5-209,4.0,Small
All,1,111111,"{AB, AVC, Atria, LV, OFT, RV}",010000,{RV},4,4,2,011100,"{AVC, LV, RV}",E8.5-69,6.0,Small
All,1,111111,"{AB, AVC, Atria, LV, OFT, RV}",010000,{RV},4,4,2,011100,"{AVC, LV, RV}",E8.5-122,7.0,Small
All,1,111111,"{AB, AVC, Atria, LV, OFT, RV}",010000,{RV},4,4,3,011000,"{LV, RV}",E8.5-2,82.0,Large
All,1,111111,"{AB, AVC, Atria, LV, OFT, RV}",010000,{RV},4,4,3,011000,"{LV, RV}",E8.5-170,142.0,
All,1,111111,"{AB, AVC, Atria, LV, OFT, RV}",010000,{RV},4,4,3,011000,"{LV, RV}",E8.5-156,48.0,Large
All,1,111111,"{AB, AVC, Atria, LV, OFT, RV}",010000,{RV},4,4,3,011000,"{LV, RV}",E8.5-237,85.0,Large
All,1,111111,"{AB, AVC, Atria, LV, OFT, RV}",010000,{RV},4,4,3,011000,"{LV, RV}",E8.5-25,91.0,Large
All,1,111111,"{AB, AVC, Atria, LV, OFT, RV}",010000,{RV},4,4,3,011000,"{LV, RV}",E8.5-215,41.0,Large
All,1,111111,"{AB, AVC, Atria, LV, OFT, RV}",010000,{RV},4,4,3,011000,"{LV, RV}",E8.5-102,42.0,Large
All,1,111111,"{AB, AVC, Atria, LV, OFT, RV}",010000,{RV},4,4,3,011000,"{LV, RV}",E8.5-181,21.0,Small
All,1,111111,"{AB, AVC, Atria, LV, OFT, RV}",010000,{RV},4,4,3,011000,"{LV, RV}",E8.5-175,24.0,Small
All,1,111111,"{AB, AVC, Atria, LV, OFT, RV}",010000,{RV},4,4,3,011000,"{LV, RV}",E8.5-96,42.0,Large
All,1,111111,"{AB, AVC, Atria, LV, OFT, RV}",010000,{RV},4,4,3,011000,"{LV, RV}",E8.5-105,3.0,Small
All,1,111111,"{AB, AVC, Atria, LV, OFT, RV}",010000,{RV},4,4,3,011000,"{LV, RV}",E8.5-209,4.0,Small
All,1,111111,"{AB, AVC, Atria, LV, OFT, RV}",010000,{RV},4,4,3,011000,"{LV, RV}",E8.5-69,6.0,Small
All,1,111111,"{AB, AVC, Atria, LV, OFT, RV}",010000,{RV},4,4,3,011000,"{LV, RV}",E8.5-122,7.0,Small
All,1,111111,"{AB, AVC, Atria, LV, OFT, RV}",010000,{RV},4,4,4,010000,{RV},E8.5-2,82.0,Large
All,1,111111,"{AB, AVC, Atria, LV, OFT, RV}",010000,{RV},4,4,4,010000,{RV},E8.5-170,142.0,
All,1,111111,"{AB, AVC, Atria, LV, OFT, RV}",010000,{RV},4,4,4,010000,{RV},E8.5-156,48.0,Large
All,1,111111,"{AB, AVC, Atria, LV, OFT, RV}",010000,{RV},4,4,4,010000,{RV},E8.5-237,85.0,Large
All,1,111111,"{AB, AVC, Atria, LV, OFT, RV}",010000,{RV},4,4,4,010000,{RV},E8.5-25,91.0,Large
All,1,111111,"{AB, AVC, Atria, LV, OFT, RV}",010000,{RV},4,4,4,010000,{RV},E8.5-215,41.0,Large
All,1,111111,"{AB, AVC, Atria, LV, OFT, RV}",010000,{RV},4,4,4,010000,{RV},E8.5-102,42.0,Large
All,1,111111,"{AB, AVC, Atria, LV, OFT, RV}",010000,{RV},4,4,4,010000,{RV},E8.5-181,21.0,Small
All,1,111111,"{AB, AVC, Atria, LV, OFT, RV}",010000,{RV},4,4,4,010000,{RV},E8.5-175,24.0,Small
All,1,111111,"{AB, AVC, Atria, LV, OFT, RV}",010000,{RV},4,4,4,010000,{RV},E8.5-96,42.0,Large
All,1,111111,"{AB, AVC, Atria, LV, OFT, RV}",010000,{RV},4,4,4,010000,{RV},E8.5-105,3.0,Small
All,1,111111,"{AB, AVC, Atria, LV, OFT, RV}",010000,{RV},4,4,4,010000,{RV},E8.5-209,4.0,Small
All,1,111111,"{AB, AVC, Atria, LV, OFT, RV}",010000,{RV},4,4,4,010000,{RV},E8.5-69,6.0,Small
All,1,111111,"{AB, AVC, Atria, LV, OFT, RV}",010000,{RV},4,4,4,010000,{RV},E8.5-122,7.0,Small
All,1,111111,"{AB, AVC, Atria, LV, OFT, RV}",010000,{RV},5,3,0,111111,"{AB, AVC, Atria, LV, OFT, RV}",E8.5-2,82.0,Large
All,1,111111,"{AB, AVC, Atria, LV, OFT, RV}",010000,{RV},5,3,0,111111,"{AB, AVC, Atria, LV, OFT, RV}",E8.5-170,142.0,
All,1,111111,"{AB, AVC, Atria, LV, OFT, RV}",010000,{RV},5,3,0,111111,"{AB, AVC, Atria, LV, OFT, RV}",E8.5-156,48.0,Large
All,1,111111,"{AB, AVC, Atria, LV, OFT, RV}",010000,{RV},5,3,0,111111,"{AB, AVC, Atria, LV, OFT, RV}",E8.5-237,85.0,Large
All,1,111111,"{AB, AVC, Atria, LV, OFT, RV}",010000,{RV},5,3,0,111111,"{AB, AVC, Atria, LV, OFT, RV}",E8.5-25,91.0,Large
All,1,111111,"{AB, AVC, Atria, LV, OFT, RV}",010000,{RV},5,3,0,111111,"{AB, AVC, Atria, LV, OFT, RV}",E8.5-215,41.0,Large
All,1,111111,"{AB, AVC, Atria, LV, OFT, RV}",010000,{RV},5,3,0,111111,"{AB, AVC, Atria, LV, OFT, RV}",E8.5-102,42.0,Large
All,1,111111,"{AB, AVC, Atria, LV, OFT, RV}",010000,{RV},5,3,0,111111,"{AB, AVC, Atria, LV, OFT, RV}",E8.5-105,3.0,Small
All,1,111111,"{AB, AVC, Atria, LV, OFT, RV}",010000,{RV},5,3,0,111111,"{AB, AVC, Atria, LV, OFT, RV}",E8.5-209,4.0,Small
All,1,111111,"{AB, AVC, Atria, LV, OFT, RV}",010000,{RV},5,3,0,111111,"{AB, AVC, Atria, LV, OFT, RV}",E8.5-69,6.0,Small
All,1,111111,"{AB, AVC, Atria, LV, OFT, RV}",010000,{RV},5,3,0,111111,"{AB, AVC, Atria, LV, OFT, RV}",E8.5-122,7.0,Small
All,1,111111,"{AB, AVC, Atria, LV, OFT, RV}",010000,{RV},5,3,1,011111,"{AB, AVC, Atria, LV, RV}",E8.5-2,82.0,Large
All,1,111111,"{AB, AVC, Atria, LV, OFT, RV}",010000,{RV},5,3,1,011111,"{AB, AVC, Atria, LV, RV}",E8.5-170,142.0,
All,1,111111,"{AB, AVC, Atria, LV, OFT, RV}",010000,{RV},5,3,1,011111,"{AB, AVC, Atria, LV, RV}",E8.5-156,48.0,Large
All,1,111111,"{AB, AVC, Atria, LV, OFT, RV}",010000,{RV},5,3,1,011111,"{AB, AVC, Atria, LV, RV}",E8.5-237,85.0,Large
All,1,111111,"{AB, AVC, Atria, LV, OFT, RV}",010000,{RV},5,3,1,011111,"{AB, AVC, Atria, LV, RV}",E8.5-25,91.0,Large
All,1,111111,"{AB, AVC, Atria, LV, OFT, RV}",010000,{RV},5,3,1,011111,"{AB, AVC, Atria, LV, RV}",E8.5-215,41.0,Large
All,1,111111,"{AB, AVC, Atria, LV, OFT, RV}",010000,{RV},5,3,1,011111,"{AB, AVC, Atria, LV, RV}",E8.5-102,42.0,Large
All,1,111111,"{AB, AVC, Atria, LV, OFT, RV}",010000,{RV},5,3,1,011111,"{AB, AVC, Atria, LV, RV}",E8.5-105,3.0,Small
All,1,111111,"{AB, AVC, Atria, LV, OFT, RV}",010000,{RV},5,3,1,011111,"{AB, AVC, Atria, LV, RV}",E8.5-209,4.0,Small
All,1,111111,"{AB, AVC, Atria, LV, OFT, RV}",010000,{RV},5,3,1,011111,"{AB, AVC, Atria, LV, RV}",E8.5-69,6.0,Small
All,1,111111,"{AB, AVC, Atria, LV, OFT, RV}",010000,{RV},5,3,1,011111,"{AB, AVC, Atria, LV, RV}",E8.5-122,7.0,Small
All,1,111111,"{AB, AVC, Atria, LV, OFT, RV}",010000,{RV},5,3,2,011100,"{AVC, LV, RV}",E8.5-2,82.0,Large
All,1,111111,"{AB, AVC, Atria, LV, OFT, RV}",010000,{RV},5,3,2,011100,"{AVC, LV, RV}",E8.5-170,142.0,
All,1,111111,"{AB, AVC, Atria, LV, OFT, RV}",010000,{RV},5,3,2,011100,"{AVC, LV, RV}",E8.5-156,48.0,Large
All,1,111111,"{AB, AVC, Atria, LV, OFT, RV}",010000,{RV},5,3,2,011100,"{AVC, LV, RV}",E8.5-237,85.0,Large
All,1,111111,"{AB, AVC, Atria, LV, OFT, RV}",010000,{RV},5,3,2,011100,"{AVC, LV, RV}",E8.5-25,91.0,Large
All,1,111111,"{AB, AVC, Atria, LV, OFT, RV}",010000,{RV},5,3,2,011100,"{AVC, LV, RV}",E8.5-215,41.0,Large
All,1,111111,"{AB, AVC, Atria, LV, OFT, RV}",010000,{RV},5,3,2,011100,"{AVC, LV, RV}",E8.5-102,42.0,Large
All,1,111111,"{AB, AVC, Atria, LV, OFT, RV}",010000,{RV},5,3,2,011100,"{AVC, LV, RV}",E8.5-105,3.0,Small
All,1,111111,"{AB, AVC, Atria, LV, OFT, RV}",010000,{RV},5,3,2,011100,"{AVC, LV, RV}",E8.5-209,4.0,Small
All,1,111111,"{AB, AVC, Atria, LV, OFT, RV}",010000,{RV},5,3,2,011100,"{AVC, LV, RV}",E8.5-69,6.0,Small
All,1,111111,"{AB, AVC, Atria, LV, OFT, RV}",010000,{RV},5,3,2,011100,"{AVC, LV, RV}",E8.5-122,7.0,Small
All,1,111111,"{AB, AVC, Atria, LV, OFT, RV}",010000,{RV},5,3,3,010000,{RV},E8.5-2,82.0,Large
All,1,111111,"{AB, AVC, Atria, LV, OFT, RV}",010000,{RV},5,3,3,010000,{RV},E8.5-170,142.0,
All,1,111111,"{AB, AVC, Atria, LV, OFT, RV}",010000,{RV},5,3,3,010000,{RV},E8.5-156,48.0,Large
All,1,111111,"{AB, AVC, Atria, LV, OFT, RV}",010000,{RV},5,3,3,010000,{RV},E8.5-237,85.0,Large
All,1,111111,"{AB, AVC, Atria, LV, OFT, RV}",010000,{RV},5,3,3,010000,{RV},E8.5-25,91.0,Large
All,1,111111,"{AB, AVC, Atria, LV, OFT, RV}",010000,{RV},5,3,3,010000,{RV},E8.5-215,41.0,Large
All,1,111111,"{AB, AVC, Atria, LV, OFT, RV}",010000,{RV},5,3,3,010000,{RV},E8.5-102,42.0,Large
All,1,111111,"{AB, AVC, Atria, LV, OFT, RV}",010000,{RV},5,3,3,010000,{RV},E8.5-105,3.0,Small
All,1,111111,"{AB, AVC, Atria, LV, OFT, RV}",010000,{RV},5,3,3,010000,{RV},E8.5-209,4.0,Small
All,1,111111,"{AB, AVC, Atria, LV, OFT, RV}",010000,{RV},5,3,3,010000,{RV},E8.5-69,6.0,Small
All,1,111111,"{AB, AVC, Atria, LV, OFT, RV}",010000,{RV},5,3,3,010000,{RV},E8.5-122,7.0,Small
All,1,111111,"{AB, AVC, Atria, LV, OFT, RV}",010000,{RV},6,4,0,111111,"{AB, AVC, Atria, LV, OFT, RV}",E8.5-2,82.0,Large
All,1,111111,"{AB, AVC, Atria, LV, OFT, RV}",010000,{RV},6,4,0,111111,"{AB, AVC, Atria, LV, OFT, RV}",E8.5-170,142.0,
All,1,111111,"{AB, AVC, Atria, LV, OFT, RV}",010000,{RV},6,4,0,111111,"{AB, AVC, Atria, LV, OFT, RV}",E8.5-204,40.0,Large
All,1,111111,"{AB, AVC, Atria, LV, OFT, RV}",010000,{RV},6,4,0,111111,"{AB, AVC, Atria, LV, OFT, RV}",E8.5-14,32.0,Large
All,1,111111,"{AB, AVC, Atria, LV, OFT, RV}",010000,{RV},6,4,0,111111,"{AB, AVC, Atria, LV, OFT, RV}",E8.5-43,7.0,Small
All,1,111111,"{AB, AVC, Atria, LV, OFT, RV}",010000,{RV},6,4,0,111111,"{AB, AVC, Atria, LV, OFT, RV}",E8.5-165,11.0,Small
All,1,111111,"{AB, AVC, Atria, LV, OFT, RV}",010000,{RV},6,4,0,111111,"{AB, AVC, Atria, LV, OFT, RV}",E8.5-13,13.0,Small
All,1,111111,"{AB, AVC, Atria, LV, OFT, RV}",010000,{RV},6,4,0,111111,"{AB, AVC, Atria, LV, OFT, RV}",E8.5-145,13.0,Small
All,1,111111,"{AB, AVC, Atria, LV, OFT, RV}",010000,{RV},6,4,0,111111,"{AB, AVC, Atria, LV, OFT, RV}",E8.5-185,18.0,Small
All,1,111111,"{AB, AVC, Atria, LV, OFT, RV}",010000,{RV},6,4,0,111111,"{AB, AVC, Atria, LV, OFT, RV}",E8.5-163,19.0,Small
All,1,111111,"{AB, AVC, Atria, LV, OFT, RV}",010000,{RV},6,4,0,111111,"{AB, AVC, Atria, LV, OFT, RV}",E8.5-184,20.0,Small
All,1,111111,"{AB, AVC, Atria, LV, OFT, RV}",010000,{RV},6,4,0,111111,"{AB, AVC, Atria, LV, OFT, RV}",E8.5-4,20.0,Small
All,1,111111,"{AB, AVC, Atria, LV, OFT, RV}",010000,{RV},6,4,0,111111,"{AB, AVC, Atria, LV, OFT, RV}",E8.5-85,24.0,Small
All,1,111111,"{AB, AVC, Atria, LV, OFT, RV}",010000,{RV},6,4,0,111111,"{AB, AVC, Atria, LV, OFT, RV}",E8.5-128,54.0,Large
All,1,111111,"{AB, AVC, Atria, LV, OFT, RV}",010000,{RV},6,4,0,111111,"{AB, AVC, Atria, LV, OFT, RV}",E8.5-105,3.0,Small
All,1,111111,"{AB, AVC, Atria, LV, OFT, RV}",010000,{RV},6,4,0,111111,"{AB, AVC, Atria, LV, OFT, RV}",E8.5-209,4.0,Small
All,1,111111,"{AB, AVC, Atria, LV, OFT, RV}",010000,{RV},6,4,0,111111,"{AB, AVC, Atria, LV, OFT, RV}",E8.5-69,6.0,Small
All,1,111111,"{AB, AVC, Atria, LV, OFT, RV}",010000,{RV},6,4,0,111111,"{AB, AVC, Atria, LV, OFT, RV}",E8.5-122,7.0,Small
All,1,111111,"{AB, AVC, Atria, LV, OFT, RV}",010000,{RV},6,4,1,110011,"{AB, Atria, OFT, RV}",E8.5-2,82.0,Large
All,1,111111,"{AB, AVC, Atria, LV, OFT, RV}",010000,{RV},6,4,1,110011,"{AB, Atria, OFT, RV}",E8.5-170,142.0,
All,1,111111,"{AB, AVC, Atria, LV, OFT, RV}",010000,{RV},6,4,1,110011,"{AB, Atria, OFT, RV}",E8.5-204,40.0,Large
All,1,111111,"{AB, AVC, Atria, LV, OFT, RV}",010000,{RV},6,4,1,110011,"{AB, Atria, OFT, RV}",E8.5-14,32.0,Large
All,1,111111,"{AB, AVC, Atria, LV, OFT, RV}",010000,{RV},6,4,1,110011,"{AB, Atria, OFT, RV}",E8.5-43,7.0,Small
All,1,111111,"{AB, AVC, Atria, LV, OFT, RV}",010000,{RV},6,4,1,110011,"{AB, Atria, OFT, RV}",E8.5-165,11.0,Small
All,1,111111,"{AB, AVC, Atria, LV, OFT, RV}",010000,{RV},6,4,1,110011,"{AB, Atria, OFT, RV}",E8.5-13,13.0,Small
All,1,111111,"{AB, AVC, Atria, LV, OFT, RV}",010000,{RV},6,4,1,110011,"{AB, Atria, OFT, RV}",E8.5-145,13.0,Small
All,1,111111,"{AB, AVC, Atria, LV, OFT, RV}",010000,{RV},6,4,1,110011,"{AB, Atria, OFT, RV}",E8.5-185,18.0,Small
All,1,111111,"{AB, AVC, Atria, LV, OFT, RV}",010000,{RV},6,4,1,110011,"{AB, Atria, OFT, RV}",E8.5-163,19.0,Small
All,1,111111,"{AB, AVC, Atria, LV, OFT, RV}",010000,{RV},6,4,1,110011,"{AB, Atria, OFT, RV}",E8.5-184,20.0,Small
All,1,111111,"{AB, AVC, Atria, LV, OFT, RV}",010000,{RV},6,4,1,110011,"{AB, Atria, OFT, RV}",E8.5-4,20.0,Small
All,1,111111,"{AB, AVC, Atria, LV, OFT, RV}",010000,{RV},6,4,1,110011,"{AB, Atria, OFT, RV}",E8.5-85,24.0,Small
All,1,111111,"{AB, AVC, Atria, LV, OFT, RV}",010000,{RV},6,4,1,110011,"{AB, Atria, OFT, RV}",E8.5-128,54.0,Large
All,1,111111,"{AB, AVC, Atria, LV, OFT, RV}",010000,{RV},6,4,1,110011,"{AB, Atria, OFT, RV}",E8.5-105,3.0,Small
All,1,111111,"{AB, AVC, Atria, LV, OFT, RV}",010000,{RV},6,4,1,110011,"{AB, Atria, OFT, RV}",E8.5-209,4.0,Small
All,1,111111,"{AB, AVC, Atria, LV, OFT, RV}",010000,{RV},6,4,1,110011,"{AB, Atria, OFT, RV}",E8.5-69,6.0,Small
All,1,111111,"{AB, AVC, Atria, LV, OFT, RV}",010000,{RV},6,4,1,110011,"{AB, Atria, OFT, RV}",E8.5-122,7.0,Small
All,1,111111,"{AB, AVC, Atria, LV, OFT, RV}",010000,{RV},6,4,2,110001,"{Atria, OFT, RV}",E8.5-2,82.0,Large
All,1,111111,"{AB, AVC, Atria, LV, OFT, RV}",010000,{RV},6,4,2,110001,"{Atria, OFT, RV}",E8.5-170,142.0,
All,1,111111,"{AB, AVC, Atria, LV, OFT, RV}",010000,{RV},6,4,2,110001,"{Atria, OFT, RV}",E8.5-204,40.0,Large
All,1,111111,"{AB, AVC, Atria, LV, OFT, RV}",010000,{RV},6,4,2,110001,"{Atria, OFT, RV}",E8.5-14,32.0,Large
All,1,111111,"{AB, AVC, Atria, LV, OFT, RV}",010000,{RV},6,4,2,110001,"{Atria, OFT, RV}",E8.5-43,7.0,Small
All,1,111111,"{AB, AVC, Atria, LV, OFT, RV}",010000,{RV},6,4,2,110001,"{Atria, OFT, RV}",E8.5-165,11.0,Small
All,1,111111,"{AB, AVC, Atria, LV, OFT, RV}",010000,{RV},6,4,2,110001,"{Atria, OFT, RV}",E8.5-13,13.0,Small
All,1,111111,"{AB, AVC, Atria, LV, OFT, RV}",010000,{RV},6,4,2,110001,"{Atria, OFT, RV}",E8.5-145,13.0,Small
All,1,111111,"{AB, AVC, Atria, LV, OFT, RV}",010000,{RV},6,4,2,110001,"{Atria, OFT, RV}",E8.5-185,18.0,Small
All,1,111111,"{AB, AVC, Atria, LV, OFT, RV}",010000,{RV},6,4,2,110001,"{Atria, OFT, RV}",E8.5-163,19.0,Small
All,1,111111,"{AB, AVC, Atria, LV, OFT, RV}",010000,{RV},6,4,2,110001,"{Atria, OFT, RV}",E8.5-184,20.0,Small
All,1,111111,"{AB, AVC, Atria, LV, OFT, RV}",010000,{RV},6,4,2,110001,"{Atria, OFT, RV}",E8.5-4,20.0,Small
All,1,111111,"{AB, AVC, Atria, LV, OFT, RV}",010000,{RV},6,4,2,110001,"{Atria, OFT, RV}",E8.5-85,24.0,Small
All,1,111111,"{AB, AVC, Atria, LV, OFT, RV}",010000,{RV},6,4,2,110001,"{Atria, OFT, RV}",E8.5-128,54.0,Large
All,1,111111,"{AB, AVC, Atria, LV, OFT, RV}",010000,{RV},6,4,2,110001,"{Atria, OFT, RV}",E8.5-105,3.0,Small
All,1,111111,"{AB, AVC, Atria, LV, OFT, RV}",010000,{RV},6,4,2,110001,"{Atria, OFT, RV}",E8.5-209,4.0,Small
All,1,111111,"{AB, AVC, Atria, LV, OFT, RV}",010000,{RV},6,4,2,110001,"{Atria, OFT, RV}",E8.5-69,6.0,Small
All,1,111111,"{AB, AVC, Atria, LV, OFT, RV}",010000,{RV},6,4,2,110001,"{Atria, OFT, RV}",E8.5-122,7.0,Small
All,1,111111,"{AB, AVC, Atria, LV, OFT, RV}",010000,{RV},6,4,3,110000,"{OFT, RV}",E8.5-2,82.0,Large
All,1,111111,"{AB, AVC, Atria, LV, OFT, RV}",010000,{RV},6,4,3,110000,"{OFT, RV}",E8.5-170,142.0,
All,1,111111,"{AB, AVC, Atria, LV, OFT, RV}",010000,{RV},6,4,3,110000,"{OFT, RV}",E8.5-204,40.0,Large
All,1,111111,"{AB, AVC, Atria, LV, OFT, RV}",010000,{RV},6,4,3,110000,"{OFT, RV}",E8.5-14,32.0,Large
All,1,111111,"{AB, AVC, Atria, LV, OFT, RV}",010000,{RV},6,4,3,110000,"{OFT, RV}",E8.5-43,7.0,Small
All,1,111111,"{AB, AVC, Atria, LV, OFT, RV}",010000,{RV},6,4,3,110000,"{OFT, RV}",E8.5-165,11.0,Small
All,1,111111,"{AB, AVC, Atria, LV, OFT, RV}",010000,{RV},6,4,3,110000,"{OFT, RV}",E8.5-13,13.0,Small
All,1,111111,"{AB, AVC, Atria, LV, OFT, RV}",010000,{RV},6,4,3,110000,"{OFT, RV}",E8.5-145,13.0,Small
All,1,111111,"{AB, AVC, Atria, LV, OFT, RV}",010000,{RV},6,4,3,110000,"{OFT, RV}",E8.5-185,18.0,Small
All,1,111111,"{AB, AVC, Atria, LV, OFT, RV}",010000,{RV},6,4,3,110000,"{OFT, RV}",E8.5-163,19.0,Small
All,1,111111,"{AB, AVC, Atria, LV, OFT, RV}",010000,{RV},6,4,3,110000,"{OFT, RV}",E8.5-184,20.0,Small
All,1,111111,"{AB, AVC, Atria, LV, OFT, RV}",010000,{RV},6,4,3,110000,"{OFT, RV}",E8.5-4,20.0,Small
All,1,111111,"{AB, AVC, Atria, LV, OFT, RV}",010000,{RV},6,4,3,110000,"{OFT, RV}",E8.5-85,24.0,Small
All,1,111111,"{AB, AVC, Atria, LV, OFT, RV}",010000,{RV},6,4,3,110000,"{OFT, RV}",E8.5-128,54.0,Large
All,1,111111,"{AB, AVC, Atria, LV, OFT, RV}",010000,{RV},6,4,3,110000,"{OFT, RV}",E8.5-105,3.0,Small
All,1,111111,"{AB, AVC, Atria, LV, OFT, RV}",010000,{RV},6,4,3,110000,"{OFT, RV}",E8.5-209,4.0,Small
All,1,111111,"{AB, AVC, Atria, LV, OFT, RV}",010000,{RV},6,4,3,110000,"{OFT, RV}",E8.5-69,6.0,Small
All,1,111111,"{AB, AVC, Atria, LV, OFT, RV}",010000,{RV},6,4,3,110000,"{OFT, RV}",E8.5-122,7.0,Small
All,1,111111,"{AB, AVC, Atria, LV, OFT, RV}",010000,{RV},6,4,4,010000,{RV},E8.5-2,82.0,Large
All,1,111111,"{AB, AVC, Atria, LV, OFT, RV}",010000,{RV},6,4,4,010000,{RV},E8.5-170,142.0,
All,1,111111,"{AB, AVC, Atria, LV, OFT, RV}",010000,{RV},6,4,4,010000,{RV},E8.5-204,40.0,Large
All,1,111111,"{AB, AVC, Atria, LV, OFT, RV}",010000,{RV},6,4,4,010000,{RV},E8.5-14,32.0,Large
All,1,111111,"{AB, AVC, Atria, LV, OFT, RV}",010000,{RV},6,4,4,010000,{RV},E8.5-43,7.0,Small
All,1,111111,"{AB, AVC, Atria, LV, OFT, RV}",010000,{RV},6,4,4,010000,{RV},E8.5-165,11.0,Small
All,1,111111,"{AB, AVC, Atria, LV, OFT, RV}",010000,{RV},6,4,4,010000,{RV},E8.5-13,13.0,Small
All,1,111111,"{AB, AVC, Atria, LV, OFT, RV}",010000,{RV},6,4,4,010000,{RV},E8.5-145,13.0,Small
All,1,111111,"{AB, AVC, Atria, LV, OFT, RV}",010000,{RV},6,4,4,010000,{RV},E8.5-185,18.0,Small
All,1,111111,"{AB, AVC, Atria, LV, OFT, RV}",010000,{RV},6,4,4,010000,{RV},E8.5-163,19.0,Small
All,1,111111,"{AB, AVC, Atria, LV, OFT, RV}",010000,{RV},6,4,4,010000,{RV},E8.5-184,20.0,Small
All,1,111111,"{AB, AVC, Atria, LV, OFT, RV}",010000,{RV},6,4,4,010000,{RV},E8.5-4,20.0,Small
All,1,111111,"{AB, AVC, Atria, LV, OFT, RV}",010000,{RV},6,4,4,010000,{RV},E8.5-85,24.0,Small
All,1,111111,"{AB, AVC, Atria, LV, OFT, RV}",010000,{RV},6,4,4,010000,{RV},E8.5-128,54.0,Large
All,1,111111,"{AB, AVC, Atria, LV, OFT, RV}",010000,{RV},6,4,4,010000,{RV},E8.5-105,3.0,Small
All,1,111111,"{AB, AVC, Atria, LV, OFT, RV}",010000,{RV},6,4,4,010000,{RV},E8.5-209,4.0,Small
All,1,111111,"{AB, AVC, Atria, LV, OFT, RV}",010000,{RV},6,4,4,010000,{RV},E8.5-69,6.0,Small
All,1,111111,"{AB, AVC, Atria, LV, OFT, RV}",010000,{RV},6,4,4,010000,{RV},E8.5-122,7.0,Small
All,1,111111,"{AB, AVC, Atria, LV, OFT, RV}",010000,{RV},7,3,0,111111,"{AB, AVC, Atria, LV, OFT, RV}",E8.5-2,82.0,Large
All,1,111111,"{AB, AVC, Atria, LV, OFT, RV}",010000,{RV},7,3,0,111111,"{AB, AVC, Atria, LV, OFT, RV}",E8.5-170,142.0,
All,1,111111,"{AB, AVC, Atria, LV, OFT, RV}",010000,{RV},7,3,0,111111,"{AB, AVC, Atria, LV, OFT, RV}",E8.5-204,40.0,Large
All,1,111111,"{AB, AVC, Atria, LV, OFT, RV}",010000,{RV},7,3,0,111111,"{AB, AVC, Atria, LV, OFT, RV}",E8.5-14,32.0,Large
All,1,111111,"{AB, AVC, Atria, LV, OFT, RV}",010000,{RV},7,3,0,111111,"{AB, AVC, Atria, LV, OFT, RV}",E8.5-105,3.0,Small
All,1,111111,"{AB, AVC, Atria, LV, OFT, RV}",010000,{RV},7,3,0,111111,"{AB, AVC, Atria, LV, OFT, RV}",E8.5-209,4.0,Small
All,1,111111,"{AB, AVC, Atria, LV, OFT, RV}",010000,{RV},7,3,0,111111,"{AB, AVC, Atria, LV, OFT, RV}",E8.5-69,6.0,Small
All,1,111111,"{AB, AVC, Atria, LV, OFT, RV}",010000,{RV},7,3,0,111111,"{AB, AVC, Atria, LV, OFT, RV}",E8.5-122,7.0,Small
All,1,111111,"{AB, AVC, Atria, LV, OFT, RV}",010000,{RV},7,3,1,110011,"{AB, Atria, OFT, RV}",E8.5-2,82.0,Large
All,1,111111,"{AB, AVC, Atria, LV, OFT, RV}",010000,{RV},7,3,1,110011,"{AB, Atria, OFT, RV}",E8.5-170,142.0,
All,1,111111,"{AB, AVC, Atria, LV, OFT, RV}",010000,{RV},7,3,1,110011,"{AB, Atria, OFT, RV}",E8.5-204,40.0,Large
All,1,111111,"{AB, AVC, Atria, LV, OFT, RV}",010000,{RV},7,3,1,110011,"{AB, Atria, OFT, RV}",E8.5-14,32.0,Large
All,1,111111,"{AB, AVC, Atria, LV, OFT, RV}",010000,{RV},7,3,1,110011,"{AB, Atria, OFT, RV}",E8.5-105,3.0,Small
All,1,111111,"{AB, AVC, Atria, LV, OFT, RV}",010000,{RV},7,3,1,110011,"{AB, Atria, OFT, RV}",E8.5-209,4.0,Small
All,1,111111,"{AB, AVC, Atria, LV, OFT, RV}",010000,{RV},7,3,1,110011,"{AB, Atria, OFT, RV}",E8.5-69,6.0,Small
All,1,111111,"{AB, AVC, Atria, LV, OFT, RV}",010000,{RV},7,3,1,110011,"{AB, Atria, OFT, RV}",E8.5-122,7.0,Small
All,1,111111,"{AB, AVC, Atria, LV, OFT, RV}",010000,{RV},7,3,2,110001,"{Atria, OFT, RV}",E8.5-2,82.0,Large
All,1,111111,"{AB, AVC, Atria, LV, OFT, RV}",010000,{RV},7,3,2,110001,"{Atria, OFT, RV}",E8.5-170,142.0,
All,1,111111,"{AB, AVC, Atria, LV, OFT, RV}",010000,{RV},7,3,2,110001,"{Atria, OFT, RV}",E8.5-204,40.0,Large
All,1,111111,"{AB, AVC, Atria, LV, OFT, RV}",010000,{RV},7,3,2,110001,"{Atria, OFT, RV}",E8.5-14,32.0,Large
All,1,111111,"{AB, AVC, Atria, LV, OFT, RV}",010000,{RV},7,3,2,110001,"{Atria, OFT, RV}",E8.5-105,3.0,Small
All,1,111111,"{AB, AVC, Atria, LV, OFT, RV}",010000,{RV},7,3,2,110001,"{Atria, OFT, RV}",E8.5-209,4.0,Small
All,1,111111,"{AB, AVC, Atria, LV, OFT, RV}",010000,{RV},7,3,2,110001,"{Atria, OFT, RV}",E8.5-69,6.0,Small
All,1,111111,"{AB, AVC, Atria, LV, OFT, RV}",010000,{RV},7,3,2,110001,"{Atria, OFT, RV}",E8.5-122,7.0,Small
All,1,111111,"{AB, AVC, Atria, LV, OFT, RV}",010000,{RV},7,3,3,010000,{RV},E8.5-2,82.0,Large
All,1,111111,"{AB, AVC, Atria, LV, OFT, RV}",010000,{RV},7,3,3,010000,{RV},E8.5-170,142.0,
All,1,111111,"{AB, AVC, Atria, LV, OFT, RV}",010000,{RV},7,3,3,010000,{RV},E8.5-204,40.0,Large
All,1,111111,"{AB, AVC, Atria, LV, OFT, RV}",010000,{RV},7,3,3,010000,{RV},E8.5-14,32.0,Large
All,1,111111,"{AB, AVC, Atria, LV, OFT, RV}",010000,{RV},7,3,3,010000,{RV},E8.5-105,3.0,Small
All,1,111111,"{AB, AVC, Atria, LV, OFT, RV}",010000,{RV},7,3,3,010000,{RV},E8.5-209,4.0,Small
All,1,111111,"{AB, AVC, Atria, LV, OFT, RV}",010000,{RV},7,3,3,010000,{RV},E8.5-69,6.0,Small
All,1,111111,"{AB, AVC, Atria, LV, OFT, RV}",010000,{RV},7,3,3,010000,{RV},E8.5-122,7.0,Small
All,1,111111,"{AB, AVC, Atria, LV, OFT, RV}",010000,{RV},8,3,0,111111,"{AB, AVC, Atria, LV, OFT, RV}",E8.5-2,82.0,Large
All,1,111111,"{AB, AVC, Atria, LV, OFT, RV}",010000,{RV},8,3,0,111111,"{AB, AVC, Atria, LV, OFT, RV}",E8.5-170,142.0,
All,1,111111,"{AB, AVC, Atria, LV, OFT, RV}",010000,{RV},8,3,0,111111,"{AB, AVC, Atria, LV, OFT, RV}",E8.5-204,40.0,Large
All,1,111111,"{AB, AVC, Atria, LV, OFT, RV}",010000,{RV},8,3,0,111111,"{AB, AVC, Atria, LV, OFT, RV}",E8.5-238,52.0,Large
All,1,111111,"{AB, AVC, Atria, LV, OFT, RV}",010000,{RV},8,3,0,111111,"{AB, AVC, Atria, LV, OFT, RV}",E8.5-127,20.0,Small
All,1,111111,"{AB, AVC, Atria, LV, OFT, RV}",010000,{RV},8,3,0,111111,"{AB, AVC, Atria, LV, OFT, RV}",E8.5-105,3.0,Small
All,1,111111,"{AB, AVC, Atria, LV, OFT, RV}",010000,{RV},8,3,0,111111,"{AB, AVC, Atria, LV, OFT, RV}",E8.5-209,4.0,Small
All,1,111111,"{AB, AVC, Atria, LV, OFT, RV}",010000,{RV},8,3,0,111111,"{AB, AVC, Atria, LV, OFT, RV}",E8.5-69,6.0,Small
All,1,111111,"{AB, AVC, Atria, LV, OFT, RV}",010000,{RV},8,3,0,111111,"{AB, AVC, Atria, LV, OFT, RV}",E8.5-122,7.0,Small
All,1,111111,"{AB, AVC, Atria, LV, OFT, RV}",010000,{RV},8,3,1,110011,"{AB, Atria, OFT, RV}",E8.5-2,82.0,Large
All,1,111111,"{AB, AVC, Atria, LV, OFT, RV}",010000,{RV},8,3,1,110011,"{AB, Atria, OFT, RV}",E8.5-170,142.0,
All,1,111111,"{AB, AVC, Atria, LV, OFT, RV}",010000,{RV},8,3,1,110011,"{AB, Atria, OFT, RV}",E8.5-204,40.0,Large
All,1,111111,"{AB, AVC, Atria, LV, OFT, RV}",010000,{RV},8,3,1,110011,"{AB, Atria, OFT, RV}",E8.5-238,52.0,Large
All,1,111111,"{AB, AVC, Atria, LV, OFT, RV}",010000,{RV},8,3,1,110011,"{AB, Atria, OFT, RV}",E8.5-127,20.0,Small
All,1,111111,"{AB, AVC, Atria, LV, OFT, RV}",010000,{RV},8,3,1,110011,"{AB, Atria, OFT, RV}",E8.5-105,3.0,Small
All,1,111111,"{AB, AVC, Atria, LV, OFT, RV}",010000,{RV},8,3,1,110011,"{AB, Atria, OFT, RV}",E8.5-209,4.0,Small
All,1,111111,"{AB, AVC, Atria, LV, OFT, RV}",010000,{RV},8,3,1,110011,"{AB, Atria, OFT, RV}",E8.5-69,6.0,Small
All,1,111111,"{AB, AVC, Atria, LV, OFT, RV}",010000,{RV},8,3,1,110011,"{AB, Atria, OFT, RV}",E8.5-122,7.0,Small
All,1,111111,"{AB, AVC, Atria, LV, OFT, RV}",010000,{RV},8,3,2,010001,"{Atria, RV}",E8.5-2,82.0,Large
All,1,111111,"{AB, AVC, Atria, LV, OFT, RV}",010000,{RV},8,3,2,010001,"{Atria, RV}",E8.5-170,142.0,
All,1,111111,"{AB, AVC, Atria, LV, OFT, RV}",010000,{RV},8,3,2,010001,"{Atria, RV}",E8.5-204,40.0,Large
All,1,111111,"{AB, AVC, Atria, LV, OFT, RV}",010000,{RV},8,3,2,010001,"{Atria, RV}",E8.5-238,52.0,Large
All,1,111111,"{AB, AVC, Atria, LV, OFT, RV}",010000,{RV},8,3,2,010001,"{Atria, RV}",E8.5-127,20.0,Small
All,1,111111,"{AB, AVC, Atria, LV, OFT, RV}",010000,{RV},8,3,2,010001,"{Atria, RV}",E8.5-105,3.0,Small
All,1,111111,"{AB, AVC, Atria, LV, OFT, RV}",010000,{RV},8,3,2,010001,"{Atria, RV}",E8.5-209,4.0,Small
All,1,111111,"{AB, AVC, Atria, LV, OFT, RV}",010000,{RV},8,3,2,010001,"{Atria, RV}",E8.5-69,6.0,Small
All,1,111111,"{AB, AVC, Atria, LV, OFT, RV}",010000,{RV},8,3,2,010001,"{Atria, RV}",E8.5-122,7.0,Small
All,1,111111,"{AB, AVC, Atria, LV, OFT, RV}",010000,{RV},8,3,3,010000,{RV},E8.5-2,82.0,Large
All,1,111111,"{AB, AVC, Atria, LV, OFT, RV}",010000,{RV},8,3,3,010000,{RV},E8.5-170,142.0,
All,1,111111,"{AB, AVC, Atria, LV, OFT, RV}",010000,{RV},8,3,3,010000,{RV},E8.5-204,40.0,Large
All,1,111111,"{AB, AVC, Atria, LV, OFT, RV}",010000,{RV},8,3,3,010000,{RV},E8.5-238,52.0,Large
All,1,111111,"{AB, AVC, Atria, LV, OFT, RV}",010000,{RV},8,3,3,010000,{RV},E8.5-127,20.0,Small
All,1,111111,"{AB, AVC, Atria, LV, OFT, RV}",010000,{RV},8,3,3,010000,{RV},E8.5-105,3.0,Small
All,1,111111,"{AB, AVC, Atria, LV, OFT, RV}",010000,{RV},8,3,3,010000,{RV},E8.5-209,4.0,Small
All,1,111111,"{AB, AVC, Atria, LV, OFT, RV}",010000,{RV},8,3,3,010000,{RV},E8.5-69,6.0,Small
All,1,111111,"{AB, AVC, Atria, LV, OFT, RV}",010000,{RV},8,3,3,010000,{RV},E8.5-122,7.0,Small
All,1,111111,"{AB, AVC, Atria, LV, OFT, RV}",010000,{RV},9,3,0,111111,"{AB, AVC, Atria, LV, OFT, RV}",E8.5-2,82.0,Large
All,1,111111,"{AB, AVC, Atria, LV, OFT, RV}",010000,{RV},9,3,0,111111,"{AB, AVC, Atria, LV, OFT, RV}",E8.5-170,142.0,
All,1,111111,"{AB, AVC, Atria, LV, OFT, RV}",010000,{RV},9,3,0,111111,"{AB, AVC, Atria, LV, OFT, RV}",E8.5-204,40.0,Large
All,1,111111,"{AB, AVC, Atria, LV, OFT, RV}",010000,{RV},9,3,0,111111,"{AB, AVC, Atria, LV, OFT, RV}",E8.5-43,7.0,Small
All,1,111111,"{AB, AVC, Atria, LV, OFT, RV}",010000,{RV},9,3,0,111111,"{AB, AVC, Atria, LV, OFT, RV}",E8.5-165,11.0,Small
All,1,111111,"{AB, AVC, Atria, LV, OFT, RV}",010000,{RV},9,3,0,111111,"{AB, AVC, Atria, LV, OFT, RV}",E8.5-13,13.0,Small
All,1,111111,"{AB, AVC, Atria, LV, OFT, RV}",010000,{RV},9,3,0,111111,"{AB, AVC, Atria, LV, OFT, RV}",E8.5-145,13.0,Small
All,1,111111,"{AB, AVC, Atria, LV, OFT, RV}",010000,{RV},9,3,0,111111,"{AB, AVC, Atria, LV, OFT, RV}",E8.5-185,18.0,Small
All,1,111111,"{AB, AVC, Atria, LV, OFT, RV}",010000,{RV},9,3,0,111111,"{AB, AVC, Atria, LV, OFT, RV}",E8.5-163,19.0,Small
All,1,111111,"{AB, AVC, Atria, LV, OFT, RV}",010000,{RV},9,3,0,111111,"{AB, AVC, Atria, LV, OFT, RV}",E8.5-184,20.0,Small
All,1,111111,"{AB, AVC, Atria, LV, OFT, RV}",010000,{RV},9,3,0,111111,"{AB, AVC, Atria, LV, OFT, RV}",E8.5-4,20.0,Small
All,1,111111,"{AB, AVC, Atria, LV, OFT, RV}",010000,{RV},9,3,0,111111,"{AB, AVC, Atria, LV, OFT, RV}",E8.5-85,24.0,Small
All,1,111111,"{AB, AVC, Atria, LV, OFT, RV}",010000,{RV},9,3,0,111111,"{AB, AVC, Atria, LV, OFT, RV}",E8.5-128,54.0,Large
All,1,111111,"{AB, AVC, Atria, LV, OFT, RV}",010000,{RV},9,3,0,111111,"{AB, AVC, Atria, LV, OFT, RV}",E8.5-105,3.0,Small
All,1,111111,"{AB, AVC, Atria, LV, OFT, RV}",010000,{RV},9,3,0,111111,"{AB, AVC, Atria, LV, OFT, RV}",E8.5-209,4.0,Small
All,1,111111,"{AB, AVC, Atria, LV, OFT, RV}",010000,{RV},9,3,0,111111,"{AB, AVC, Atria, LV, OFT, RV}",E8.5-69,6.0,Small
All,1,111111,"{AB, AVC, Atria, LV, OFT, RV}",010000,{RV},9,3,0,111111,"{AB, AVC, Atria, LV, OFT, RV}",E8.5-122,7.0,Small
All,1,111111,"{AB, AVC, Atria, LV, OFT, RV}",010000,{RV},9,3,1,110011,"{AB, Atria, OFT, RV}",E8.5-2,82.0,Large
All,1,111111,"{AB, AVC, Atria, LV, OFT, RV}",010000,{RV},9,3,1,110011,"{AB, Atria, OFT, RV}",E8.5-170,142.0,
All,1,111111,"{AB, AVC, Atria, LV, OFT, RV}",010000,{RV},9,3,1,110011,"{AB, Atria, OFT, RV}",E8.5-204,40.0,Large
All,1,111111,"{AB, AVC, Atria, LV, OFT, RV}",010000,{RV},9,3,1,110011,"{AB, Atria, OFT, RV}",E8.5-43,7.0,Small
All,1,111111,"{AB, AVC, Atria, LV, OFT, RV}",010000,{RV},9,3,1,110011,"{AB, Atria, OFT, RV}",E8.5-165,11.0,Small
All,1,111111,"{AB, AVC, Atria, LV, OFT, RV}",010000,{RV},9,3,1,110011,"{AB, Atria, OFT, RV}",E8.5-13,13.0,Small
All,1,111111,"{AB, AVC, Atria, LV, OFT, RV}",010000,{RV},9,3,1,110011,"{AB, Atria, OFT, RV}",E8.5-145,13.0,Small
All,1,111111,"{AB, AVC, Atria, LV, OFT, RV}",010000,{RV},9,3,1,110011,"{AB, Atria, OFT, RV}",E8.5-185,18.0,Small
All,1,111111,"{AB, AVC, Atria, LV, OFT, RV}",010000,{RV},9,3,1,110011,"{AB, Atria, OFT, RV}",E8.5-163,19.0,Small
All,1,111111,"{AB, AVC, Atria, LV, OFT, RV}",010000,{RV},9,3,1,110011,"{AB, Atria, OFT, RV}",E8.5-184,20.0,Small
All,1,111111,"{AB, AVC, Atria, LV, OFT, RV}",010000,{RV},9,3,1,110011,"{AB, Atria, OFT, RV}",E8.5-4,20.0,Small
All,1,111111,"{AB, AVC, Atria, LV, OFT, RV}",010000,{RV},9,3,1,110011,"{AB, Atria, OFT, RV}",E8.5-85,24.0,Small
All,1,111111,"{AB, AVC, Atria, LV, OFT, RV}",010000,{RV},9,3,1,110011,"{AB, Atria, OFT, RV}",E8.5-128,54.0,Large
All,1,111111,"{AB, AVC, Atria, LV, OFT, RV}",010000,{RV},9,3,1,110011,"{AB, Atria, OFT, RV}",E8.5-105,3.0,Small
All,1,111111,"{AB, AVC, Atria, LV, OFT, RV}",010000,{RV},9,3,1,110011,"{AB, Atria, OFT, RV}",E8.5-209,4.0,Small
All,1,111111,"{AB, AVC, Atria, LV, OFT, RV}",010000,{RV},9,3,1,110011,"{AB, Atria, OFT, RV}",E8.5-69,6.0,Small
All,1,111111,"{AB, AVC, Atria, LV, OFT, RV}",010000,{RV},9,3,1,110011,"{AB, Atria, OFT, RV}",E8.5-122,7.0,Small
All,1,111111,"{AB, AVC, Atria, LV, OFT, RV}",010000,{RV},9,3,2,110000,"{OFT, RV}",E8.5-2,82.0,Large
All,1,111111,"{AB, AVC, Atria, LV, OFT, RV}",010000,{RV},9,3,2,110000,"{OFT, RV}",E8.5-170,142.0,
All,1,111111,"{AB, AVC, Atria, LV, OFT, RV}",010000,{RV},9,3,2,110000,"{OFT, RV}",E8.5-204,40.0,Large
All,1,111111,"{AB, AVC, Atria, LV, OFT, RV}",010000,{RV},9,3,2,110000,"{OFT, RV}",E8.5-43,7.0,Small
All,1,111111,"{AB, AVC, Atria, LV, OFT, RV}",010000,{RV},9,3,2,110000,"{OFT, RV}",E8.5-165,11.0,Small
All,1,111111,"{AB, AVC, Atria, LV, OFT, RV}",010000,{RV},9,3,2,110000,"{OFT, RV}",E8.5-13,13.0,Small
All,1,111111,"{AB, AVC, Atria, LV, OFT, RV}",010000,{RV},9,3,2,110000,"{OFT, RV}",E8.5-145,13.0,Small
All,1,111111,"{AB, AVC, Atria, LV, OFT, RV}",010000,{RV},9,3,2,110000,"{OFT, RV}",E8.5-185,18.0,Small
All,1,111111,"{AB, AVC, Atria, LV, OFT, RV}",010000,{RV},9,3,2,110000,"{OFT, RV}",E8.5-163,19.0,Small
All,1,111111,"{AB, AVC, Atria, LV, OFT, RV}",010000,{RV},9,3,2,110000,"{OFT, RV}",E8.5-184,20.0,Small
All,1,111111,"{AB, AVC, Atria, LV, OFT, RV}",010000,{RV},9,3,2,110000,"{OFT, RV}",E8.5-4,20.0,Small
All,1,111111,"{AB, AVC, Atria, LV, OFT, RV}",010000,{RV},9,3,2,110000,"{OFT, RV}",E8.5-85,24.0,Small
All,1,111111,"{AB, AVC, Atria, LV, OFT, RV}",010000,{RV},9,3,2,110000,"{OFT, RV}",E8.5-128,54.0,Large
All,1,111111,"{AB, AVC, Atria, LV, OFT, RV}",010000,{RV},9,3,2,110000,"{OFT, RV}",E8.5-105,3.0,Small
All,1,111111,"{AB, AVC, Atria, LV, OFT, RV}",010000,{RV},9,3,2,110000,"{OFT, RV}",E8.5-209,4.0,Small
All,1,111111,"{AB, AVC, Atria, LV, OFT, RV}",010000,{RV},9,3,2,110000,"{OFT, RV}",E8.5-69,6.0,Small
All,1,111111,"{AB, AVC, Atria, LV, OFT, RV}",010000,{RV},9,3,2,110000,"{OFT, RV}",E8.5-122,7.0,Small
All,1,111111,"{AB, AVC, Atria, LV, OFT, RV}",010000,{RV},9,3,3,010000,{RV},E8.5-2,82.0,Large
All,1,111111,"{AB, AVC, Atria, LV, OFT, RV}",010000,{RV},9,3,3,010000,{RV},E8.5-170,142.0,
All,1,111111,"{AB, AVC, Atria, LV, OFT, RV}",010000,{RV},9,3,3,010000,{RV},E8.5-204,40.0,Large
All,1,111111,"{AB, AVC, Atria, LV, OFT, RV}",010000,{RV},9,3,3,010000,{RV},E8.5-43,7.0,Small
All,1,111111,"{AB, AVC, Atria, LV, OFT, RV}",010000,{RV},9,3,3,010000,{RV},E8.5-165,11.0,Small
All,1,111111,"{AB, AVC, Atria, LV, OFT, RV}",010000,{RV},9,3,3,010000,{RV},E8.5-13,13.0,Small
All,1,111111,"{AB, AVC, Atria, LV, OFT, RV}",010000,{RV},9,3,3,010000,{RV},E8.5-145,13.0,Small
All,1,111111,"{AB, AVC, Atria, LV, OFT, RV}",010000,{RV},9,3,3,010000,{RV},E8.5-185,18.0,Small
All,1,111111,"{AB, AVC, Atria, LV, OFT, RV}",010000,{RV},9,3,3,010000,{RV},E8.5-163,19.0,Small
All,1,111111,"{AB, AVC, Atria, LV, OFT, RV}",010000,{RV},9,3,3,010000,{RV},E8.5-184,20.0,Small
All,1,111111,"{AB, AVC, Atria, LV, OFT, RV}",010000,{RV},9,3,3,010000,{RV},E8.5-4,20.0,Small
All,1,111111,"{AB, AVC, Atria, LV, OFT, RV}",010000,{RV},9,3,3,010000,{RV},E8.5-85,24.0,Small
All,1,111111,"{AB, AVC, Atria, LV, OFT, RV}",010000,{RV},9,3,3,010000,{RV},E8.5-128,54.0,Large
All,1,111111,"{AB, AVC, Atria, LV, OFT, RV}",010000,{RV},9,3,3,010000,{RV},E8.5-105,3.0,Small
All,1,111111,"{AB, AVC, Atria, LV, OFT, RV}",010000,{RV},9,3,3,010000,{RV},E8.5-209,4.0,Small
All,1,111111,"{AB, AVC, Atria, LV, OFT, RV}",010000,{RV},9,3,3,010000,{RV},E8.5-69,6.0,Small
All,1,111111,"{AB, AVC, Atria, LV, OFT, RV}",010000,{RV},9,3,3,010000,{RV},E8.5-122,7.0,Small
All,1,111111,"{AB, AVC, Atria, LV, OFT, RV}",010000,{RV},10,3,0,111111,"{AB, AVC, Atria, LV, OFT, RV}",E8.5-2,82.0,Large
All,1,111111,"{AB, AVC, Atria, LV, OFT, RV}",010000,{RV},10,3,0,111111,"{AB, AVC, Atria, LV, OFT, RV}",E8.5-170,142.0,
All,1,111111,"{AB, AVC, Atria, LV, OFT, RV}",010000,{RV},10,3,0,111111,"{AB, AVC, Atria, LV, OFT, RV}",E8.5-166,36.0,Large
All,1,111111,"{AB, AVC, Atria, LV, OFT, RV}",010000,{RV},10,3,0,111111,"{AB, AVC, Atria, LV, OFT, RV}",E8.5-177,17.0,Small
All,1,111111,"{AB, AVC, Atria, LV, OFT, RV}",010000,{RV},10,3,0,111111,"{AB, AVC, Atria, LV, OFT, RV}",E8.5-105,3.0,Small
All,1,111111,"{AB, AVC, Atria, LV, OFT, RV}",010000,{RV},10,3,0,111111,"{AB, AVC, Atria, LV, OFT, RV}",E8.5-209,4.0,Small
All,1,111111,"{AB, AVC, Atria, LV, OFT, RV}",010000,{RV},10,3,0,111111,"{AB, AVC, Atria, LV, OFT, RV}",E8.5-69,6.0,Small
All,1,111111,"{AB, AVC, Atria, LV, OFT, RV}",010000,{RV},10,3,0,111111,"{AB, AVC, Atria, LV, OFT, RV}",E8.5-122,7.0,Small
All,1,111111,"{AB, AVC, Atria, LV, OFT, RV}",010000,{RV},10,3,1,011101,"{AVC, Atria, LV, RV}",E8.5-2,82.0,Large
All,1,111111,"{AB, AVC, Atria, LV, OFT, RV}",010000,{RV},10,3,1,011101,"{AVC, Atria, LV, RV}",E8.5-170,142.0,
All,1,111111,"{AB, AVC, Atria, LV, OFT, RV}",010000,{RV},10,3,1,011101,"{AVC, Atria, LV, RV}",E8.5-166,36.0,Large
All,1,111111,"{AB, AVC, Atria, LV, OFT, RV}",010000,{RV},10,3,1,011101,"{AVC, Atria, LV, RV}",E8.5-177,17.0,Small
All,1,111111,"{AB, AVC, Atria, LV, OFT, RV}",010000,{RV},10,3,1,011101,"{AVC, Atria, LV, RV}",E8.5-105,3.0,Small
All,1,111111,"{AB, AVC, Atria, LV, OFT, RV}",010000,{RV},10,3,1,011101,"{AVC, Atria, LV, RV}",E8.5-209,4.0,Small
All,1,111111,"{AB, AVC, Atria, LV, OFT, RV}",010000,{RV},10,3,1,011101,"{AVC, Atria, LV, RV}",E8.5-69,6.0,Small
All,1,111111,"{AB, AVC, Atria, LV, OFT, RV}",010000,{RV},10,3,1,011101,"{AVC, Atria, LV, RV}",E8.5-122,7.0,Small
All,1,111111,"{AB, AVC, Atria, LV, OFT, RV}",010000,{RV},10,3,2,010100,"{AVC, RV}",E8.5-2,82.0,Large
All,1,111111,"{AB, AVC, Atria, LV, OFT, RV}",010000,{RV},10,3,2,010100,"{AVC, RV}",E8.5-170,142.0,
All,1,111111,"{AB, AVC, Atria, LV, OFT, RV}",010000,{RV},10,3,2,010100,"{AVC, RV}",E8.5-166,36.0,Large
All,1,111111,"{AB, AVC, Atria, LV, OFT, RV}",010000,{RV},10,3,2,010100,"{AVC, RV}",E8.5-177,17.0,Small
All,1,111111,"{AB, AVC, Atria, LV, OFT, RV}",010000,{RV},10,3,2,010100,"{AVC, RV}",E8.5-105,3.0,Small
All,1,111111,"{AB, AVC, Atria, LV, OFT, RV}",010000,{RV},10,3,2,010100,"{AVC, RV}",E8.5-209,4.0,Small
All,1,111111,"{AB, AVC, Atria, LV, OFT, RV}",010000,{RV},10,3,2,010100,"{AVC, RV}",E8.5-69,6.0,Small
All,1,111111,"{AB, AVC, Atria, LV, OFT, RV}",010000,{RV},10,3,2,010100,"{AVC, RV}",E8.5-122,7.0,Small
All,1,111111,"{AB, AVC, Atria, LV, OFT, RV}",010000,{RV},10,3,3,010000,{RV},E8.5-2,82.0,Large
All,1,111111,"{AB, AVC, Atria, LV, OFT, RV}",010000,{RV},10,3,3,010000,{RV},E8.5-170,142.0,
All,1,111111,"{AB, AVC, Atria, LV, OFT, RV}",010000,{RV},10,3,3,010000,{RV},E8.5-166,36.0,Large
All,1,111111,"{AB, AVC, Atria, LV, OFT, RV}",010000,{RV},10,3,3,010000,{RV},E8.5-177,17.0,Small
All,1,111111,"{AB, AVC, Atria, LV, OFT, RV}",010000,{RV},10,3,3,010000,{RV},E8.5-105,3.0,Small
All,1,111111,"{AB, AVC, Atria, LV, OFT, RV}",010000,{RV},10,3,3,010000,{RV},E8.5-209,4.0,Small
All,1,111111,"{AB, AVC, Atria, LV, OFT, RV}",010000,{RV},10,3,3,010000,{RV},E8.5-69,6.0,Small
All,1,111111,"{AB, AVC, Atria, LV, OFT, RV}",010000,{RV},10,3,3,010000,{RV},E8.5-122,7.0,Small
All,1,111111,"{AB, AVC, Atria, LV, OFT, RV}",010000,{RV},11,3,0,111111,"{AB, AVC, Atria, LV, OFT, RV}",E8.5-2,82.0,Large
All,1,111111,"{AB, AVC, Atria, LV, OFT, RV}",010000,{RV},11,3,0,111111,"{AB, AVC, Atria, LV, OFT, RV}",E8.5-170,142.0,
All,1,111111,"{AB, AVC, Atria, LV, OFT, RV}",010000,{RV},11,3,0,111111,"{AB, AVC, Atria, LV, OFT, RV}",E8.5-166,36.0,Large
All,1,111111,"{AB, AVC, Atria, LV, OFT, RV}",010000,{RV},11,3,0,111111,"{AB, AVC, Atria, LV, OFT, RV}",E8.5-181,21.0,Small
All,1,111111,"{AB, AVC, Atria, LV, OFT, RV}",010000,{RV},11,3,0,111111,"{AB, AVC, Atria, LV, OFT, RV}",E8.5-175,24.0,Small
All,1,111111,"{AB, AVC, Atria, LV, OFT, RV}",010000,{RV},11,3,0,111111,"{AB, AVC, Atria, LV, OFT, RV}",E8.5-96,42.0,Large
All,1,111111,"{AB, AVC, Atria, LV, OFT, RV}",010000,{RV},11,3,0,111111,"{AB, AVC, Atria, LV, OFT, RV}",E8.5-105,3.0,Small
All,1,111111,"{AB, AVC, Atria, LV, OFT, RV}",010000,{RV},11,3,0,111111,"{AB, AVC, Atria, LV, OFT, RV}",E8.5-209,4.0,Small
All,1,111111,"{AB, AVC, Atria, LV, OFT, RV}",010000,{RV},11,3,0,111111,"{AB, AVC, Atria, LV, OFT, RV}",E8.5-69,6.0,Small
All,1,111111,"{AB, AVC, Atria, LV, OFT, RV}",010000,{RV},11,3,0,111111,"{AB, AVC, Atria, LV, OFT, RV}",E8.5-122,7.0,Small
All,1,111111,"{AB, AVC, Atria, LV, OFT, RV}",010000,{RV},11,3,1,011101,"{AVC, Atria, LV, RV}",E8.5-2,82.0,Large
All,1,111111,"{AB, AVC, Atria, LV, OFT, RV}",010000,{RV},11,3,1,011101,"{AVC, Atria, LV, RV}",E8.5-170,142.0,
All,1,111111,"{AB, AVC, Atria, LV, OFT, RV}",010000,{RV},11,3,1,011101,"{AVC, Atria, LV, RV}",E8.5-166,36.0,Large
All,1,111111,"{AB, AVC, Atria, LV, OFT, RV}",010000,{RV},11,3,1,011101,"{AVC, Atria, LV, RV}",E8.5-181,21.0,Small
All,1,111111,"{AB, AVC, Atria, LV, OFT, RV}",010000,{RV},11,3,1,011101,"{AVC, Atria, LV, RV}",E8.5-175,24.0,Small
All,1,111111,"{AB, AVC, Atria, LV, OFT, RV}",010000,{RV},11,3,1,011101,"{AVC, Atria, LV, RV}",E8.5-96,42.0,Large
All,1,111111,"{AB, AVC, Atria, LV, OFT, RV}",010000,{RV},11,3,1,011101,"{AVC, Atria, LV, RV}",E8.5-105,3.0,Small
All,1,111111,"{AB, AVC, Atria, LV, OFT, RV}",010000,{RV},11,3,1,011101,"{AVC, Atria, LV, RV}",E8.5-209,4.0,Small
All,1,111111,"{AB, AVC, Atria, LV, OFT, RV}",010000,{RV},11,3,1,011101,"{AVC, Atria, LV, RV}",E8.5-69,6.0,Small
All,1,111111,"{AB, AVC, Atria, LV, OFT, RV}",010000,{RV},11,3,1,011101,"{AVC, Atria, LV, RV}",E8.5-122,7.0,Small
All,1,111111,"{AB, AVC, Atria, LV, OFT, RV}",010000,{RV},11,3,2,011000,"{LV, RV}",E8.5-2,82.0,Large
All,1,111111,"{AB, AVC, Atria, LV, OFT, RV}",010000,{RV},11,3,2,011000,"{LV, RV}",E8.5-170,142.0,
All,1,111111,"{AB, AVC, Atria, LV, OFT, RV}",010000,{RV},11,3,2,011000,"{LV, RV}",E8.5-166,36.0,Large
All,1,111111,"{AB, AVC, Atria, LV, OFT, RV}",010000,{RV},11,3,2,011000,"{LV, RV}",E8.5-181,21.0,Small
All,1,111111,"{AB, AVC, Atria, LV, OFT, RV}",010000,{RV},11,3,2,011000,"{LV, RV}",E8.5-175,24.0,Small
All,1,111111,"{AB, AVC, Atria, LV, OFT, RV}",010000,{RV},11,3,2,011000,"{LV, RV}",E8.5-96,42.0,Large
All,1,111111,"{AB, AVC, Atria, LV, OFT, RV}",010000,{RV},11,3,2,011000,"{LV, RV}",E8.5-105,3.0,Small
All,1,111111,"{AB, AVC, Atria, LV, OFT, RV}",010000,{RV},11,3,2,011000,"{LV, RV}",E8.5-209,4.0,Small
All,1,111111,"{AB, AVC, Atria, LV, OFT, RV}",010000,{RV},11,3,2,011000,"{LV, RV}",E8.5-69,6.0,Small
All,1,111111,"{AB, AVC, Atria, LV, OFT, RV}",010000,{RV},11,3,2,011000,"{LV, RV}",E8.5-122,7.0,Small
All,1,111111,"{AB, AVC, Atria, LV, OFT, RV}",010000,{RV},11,3,3,010000,{RV},E8.5-2,82.0,Large
All,1,111111,"{AB, AVC, Atria, LV, OFT, RV}",010000,{RV},11,3,3,010000,{RV},E8.5-170,142.0,
All,1,111111,"{AB, AVC, Atria, LV, OFT, RV}",010000,{RV},11,3,3,010000,{RV},E8.5-166,36.0,Large
All,1,111111,"{AB, AVC, Atria, LV, OFT, RV}",010000,{RV},11,3,3,010000,{RV},E8.5-181,21.0,Small
All,1,111111,"{AB, AVC, Atria, LV, OFT, RV}",010000,{RV},11,3,3,010000,{RV},E8.5-175,24.0,Small
All,1,111111,"{AB, AVC, Atria, LV, OFT, RV}",010000,{RV},11,3,3,010000,{RV},E8.5-96,42.0,Large
All,1,111111,"{AB, AVC, Atria, LV, OFT, RV}",010000,{RV},11,3,3,010000,{RV},E8.5-105,3.0,Small
All,1,111111,"{AB, AVC, Atria, LV, OFT, RV}",010000,{RV},11,3,3,010000,{RV},E8.5-209,4.0,Small
All,1,111111,"{AB, AVC, Atria, LV, OFT, RV}",010000,{RV},11,3,3,010000,{RV},E8.5-69,6.0,Small
All,1,111111,"{AB, AVC, Atria, LV, OFT, RV}",010000,{RV},11,3,3,010000,{RV},E8.5-122,7.0,Small
All,1,111111,"{AB, AVC, Atria, LV, OFT, RV}",010000,{RV},12,3,0,111111,"{AB, AVC, Atria, LV, OFT, RV}",E8.5-2,82.0,Large
All,1,111111,"{AB, AVC, Atria, LV, OFT, RV}",010000,{RV},12,3,0,111111,"{AB, AVC, Atria, LV, OFT, RV}",E8.5-170,142.0,
All,1,111111,"{AB, AVC, Atria, LV, OFT, RV}",010000,{RV},12,3,0,111111,"{AB, AVC, Atria, LV, OFT, RV}",E8.5-191,36.0,Large
All,1,111111,"{AB, AVC, Atria, LV, OFT, RV}",010000,{RV},12,3,0,111111,"{AB, AVC, Atria, LV, OFT, RV}",E8.5-177,17.0,Small
All,1,111111,"{AB, AVC, Atria, LV, OFT, RV}",010000,{RV},12,3,0,111111,"{AB, AVC, Atria, LV, OFT, RV}",E8.5-105,3.0,Small
All,1,111111,"{AB, AVC, Atria, LV, OFT, RV}",010000,{RV},12,3,0,111111,"{AB, AVC, Atria, LV, OFT, RV}",E8.5-209,4.0,Small
All,1,111111,"{AB, AVC, Atria, LV, OFT, RV}",010000,{RV},12,3,0,111111,"{AB, AVC, Atria, LV, OFT, RV}",E8.5-69,6.0,Small
All,1,111111,"{AB, AVC, Atria, LV, OFT, RV}",010000,{RV},12,3,0,111111,"{AB, AVC, Atria, LV, OFT, RV}",E8.5-122,7.0,Small
All,1,111111,"{AB, AVC, Atria, LV, OFT, RV}",010000,{RV},12,3,1,110101,"{AVC, Atria, OFT, RV}",E8.5-2,82.0,Large
All,1,111111,"{AB, AVC, Atria, LV, OFT, RV}",010000,{RV},12,3,1,110101,"{AVC, Atria, OFT, RV}",E8.5-170,142.0,
All,1,111111,"{AB, AVC, Atria, LV, OFT, RV}",010000,{RV},12,3,1,110101,"{AVC, Atria, OFT, RV}",E8.5-191,36.0,Large
All,1,111111,"{AB, AVC, Atria, LV, OFT, RV}",010000,{RV},12,3,1,110101,"{AVC, Atria, OFT, RV}",E8.5-177,17.0,Small
All,1,111111,"{AB, AVC, Atria, LV, OFT, RV}",010000,{RV},12,3,1,110101,"{AVC, Atria, OFT, RV}",E8.5-105,3.0,Small
All,1,111111,"{AB, AVC, Atria, LV, OFT, RV}",010000,{RV},12,3,1,110101,"{AVC, Atria, OFT, RV}",E8.5-209,4.0,Small
All,1,111111,"{AB, AVC, Atria, LV, OFT, RV}",010000,{RV},12,3,1,110101,"{AVC, Atria, OFT, RV}",E8.5-69,6.0,Small
All,1,111111,"{AB, AVC, Atria, LV, OFT, RV}",010000,{RV},12,3,1,110101,"{AVC, Atria, OFT, RV}",E8.5-122,7.0,Small
All,1,111111,"{AB, AVC, Atria, LV, OFT, RV}",010000,{RV},12,3,2,010100,"{AVC, RV}",E8.5-2,82.0,Large
All,1,111111,"{AB, AVC, Atria, LV, OFT, RV}",010000,{RV},12,3,2,010100,"{AVC, RV}",E8.5-170,142.0,
All,1,111111,"{AB, AVC, Atria, LV, OFT, RV}",010000,{RV},12,3,2,010100,"{AVC, RV}",E8.5-191,36.0,Large
All,1,111111,"{AB, AVC, Atria, LV, OFT, RV}",010000,{RV},12,3,2,010100,"{AVC, RV}",E8.5-177,17.0,Small
All,1,111111,"{AB, AVC, Atria, LV, OFT, RV}",010000,{RV},12,3,2,010100,"{AVC, RV}",E8.5-105,3.0,Small
All,1,111111,"{AB, AVC, Atria, LV, OFT, RV}",010000,{RV},12,3,2,010100,"{AVC, RV}",E8.5-209,4.0,Small
All,1,111111,"{AB, AVC, Atria, LV, OFT, RV}",010000,{RV},12,3,2,010100,"{AVC, RV}",E8.5-69,6.0,Small
All,1,111111,"{AB, AVC, Atria, LV, OFT, RV}",010000,{RV},12,3,2,010100,"{AVC, RV}",E8.5-122,7.0,Small
All,1,111111,"{AB, AVC, Atria, LV, OFT, RV}",010000,{RV},12,3,3,010000,{RV},E8.5-2,82.0,Large
All,1,111111,"{AB, AVC, Atria, LV, OFT, RV}",010000,{RV},12,3,3,010000,{RV},E8.5-170,142.0,
All,1,111111,"{AB, AVC, Atria, LV, OFT, RV}",010000,{RV},12,3,3,010000,{RV},E8.5-191,36.0,Large
All,1,111111,"{AB, AVC, Atria, LV, OFT, RV}",010000,{RV},12,3,3,010000,{RV},E8.5-177,17.0,Small
All,1,111111,"{AB, AVC, Atria, LV, OFT, RV}",010000,{RV},12,3,3,010000,{RV},E8.5-105,3.0,Small
All,1,111111,"{AB, AVC, Atria, LV, OFT, RV}",010000,{RV},12,3,3,010000,{RV},E8.5-209,4.0,Small
All,1,111111,"{AB, AVC, Atria, LV, OFT, RV}",010000,{RV},12,3,3,010000,{RV},E8.5-69,6.0,Small
All,1,111111,"{AB, AVC, Atria, LV, OFT, RV}",010000,{RV},12,3,3,010000,{RV},E8.5-122,7.0,Small
All,1,111111,"{AB, AVC, Atria, LV, OFT, RV}",010000,{RV},13,4,0,111111,"{AB, AVC, Atria, LV, OFT, RV}",E8.5-2,82.0,Large
All,1,111111,"{AB, AVC, Atria, LV, OFT, RV}",010000,{RV},13,4,0,111111,"{AB, AVC, Atria, LV, OFT, RV}",E8.5-170,142.0,
All,1,111111,"{AB, AVC, Atria, LV, OFT, RV}",010000,{RV},13,4,0,111111,"{AB, AVC, Atria, LV, OFT, RV}",E8.5-191,36.0,Large
All,1,111111,"{AB, AVC, Atria, LV, OFT, RV}",010000,{RV},13,4,0,111111,"{AB, AVC, Atria, LV, OFT, RV}",E8.5-14,32.0,Large
All,1,111111,"{AB, AVC, Atria, LV, OFT, RV}",010000,{RV},13,4,0,111111,"{AB, AVC, Atria, LV, OFT, RV}",E8.5-43,7.0,Small
All,1,111111,"{AB, AVC, Atria, LV, OFT, RV}",010000,{RV},13,4,0,111111,"{AB, AVC, Atria, LV, OFT, RV}",E8.5-165,11.0,Small
All,1,111111,"{AB, AVC, Atria, LV, OFT, RV}",010000,{RV},13,4,0,111111,"{AB, AVC, Atria, LV, OFT, RV}",E8.5-13,13.0,Small
All,1,111111,"{AB, AVC, Atria, LV, OFT, RV}",010000,{RV},13,4,0,111111,"{AB, AVC, Atria, LV, OFT, RV}",E8.5-145,13.0,Small
All,1,111111,"{AB, AVC, Atria, LV, OFT, RV}",010000,{RV},13,4,0,111111,"{AB, AVC, Atria, LV, OFT, RV}",E8.5-185,18.0,Small
All,1,111111,"{AB, AVC, Atria, LV, OFT, RV}",010000,{RV},13,4,0,111111,"{AB, AVC, Atria, LV, OFT, RV}",E8.5-163,19.0,Small
All,1,111111,"{AB, AVC, Atria, LV, OFT, RV}",010000,{RV},13,4,0,111111,"{AB, AVC, Atria, LV, OFT, RV}",E8.5-184,20.0,Small
All,1,111111,"{AB, AVC, Atria, LV, OFT, RV}",010000,{RV},13,4,0,111111,"{AB, AVC, Atria, LV, OFT, RV}",E8.5-4,20.0,Small
All,1,111111,"{AB, AVC, Atria, LV, OFT, RV}",010000,{RV},13,4,0,111111,"{AB, AVC, Atria, LV, OFT, RV}",E8.5-85,24.0,Small
All,1,111111,"{AB, AVC, Atria, LV, OFT, RV}",010000,{RV},13,4,0,111111,"{AB, AVC, Atria, LV, OFT, RV}",E8.5-128,54.0,Large
All,1,111111,"{AB, AVC, Atria, LV, OFT, RV}",010000,{RV},13,4,0,111111,"{AB, AVC, Atria, LV, OFT, RV}",E8.5-105,3.0,Small
All,1,111111,"{AB, AVC, Atria, LV, OFT, RV}",010000,{RV},13,4,0,111111,"{AB, AVC, Atria, LV, OFT, RV}",E8.5-209,4.0,Small
All,1,111111,"{AB, AVC, Atria, LV, OFT, RV}",010000,{RV},13,4,0,111111,"{AB, AVC, Atria, LV, OFT, RV}",E8.5-69,6.0,Small
All,1,111111,"{AB, AVC, Atria, LV, OFT, RV}",010000,{RV},13,4,0,111111,"{AB, AVC, Atria, LV, OFT, RV}",E8.5-122,7.0,Small
All,1,111111,"{AB, AVC, Atria, LV, OFT, RV}",010000,{RV},13,4,1,110101,"{AVC, Atria, OFT, RV}",E8.5-2,82.0,Large
All,1,111111,"{AB, AVC, Atria, LV, OFT, RV}",010000,{RV},13,4,1,110101,"{AVC, Atria, OFT, RV}",E8.5-170,142.0,
All,1,111111,"{AB, AVC, Atria, LV, OFT, RV}",010000,{RV},13,4,1,110101,"{AVC, Atria, OFT, RV}",E8.5-191,36.0,Large
All,1,111111,"{AB, AVC, Atria, LV, OFT, RV}",010000,{RV},13,4,1,110101,"{AVC, Atria, OFT, RV}",E8.5-14,32.0,Large
All,1,111111,"{AB, AVC, Atria, LV, OFT, RV}",010000,{RV},13,4,1,110101,"{AVC, Atria, OFT, RV}",E8.5-43,7.0,Small
All,1,111111,"{AB, AVC, Atria, LV, OFT, RV}",010000,{RV},13,4,1,110101,"{AVC, Atria, OFT, RV}",E8.5-165,11.0,Small
All,1,111111,"{AB, AVC, Atria, LV, OFT, RV}",010000,{RV},13,4,1,110101,"{AVC, Atria, OFT, RV}",E8.5-13,13.0,Small
All,1,111111,"{AB, AVC, Atria, LV, OFT, RV}",010000,{RV},13,4,1,110101,"{AVC, Atria, OFT, RV}",E8.5-145,13.0,Small
All,1,111111,"{AB, AVC, Atria, LV, OFT, RV}",010000,{RV},13,4,1,110101,"{AVC, Atria, OFT, RV}",E8.5-185,18.0,Small
All,1,111111,"{AB, AVC, Atria, LV, OFT, RV}",010000,{RV},13,4,1,110101,"{AVC, Atria, OFT, RV}",E8.5-163,19.0,Small
All,1,111111,"{AB, AVC, Atria, LV, OFT, RV}",010000,{RV},13,4,1,110101,"{AVC, Atria, OFT, RV}",E8.5-184,20.0,Small
All,1,111111,"{AB, AVC, Atria, LV, OFT, RV}",010000,{RV},13,4,1,110101,"{AVC, Atria, OFT, RV}",E8.5-4,20.0,Small
All,1,111111,"{AB, AVC, Atria, LV, OFT, RV}",010000,{RV},13,4,1,110101,"{AVC, Atria, OFT, RV}",E8.5-85,24.0,Small
All,1,111111,"{AB, AVC, Atria, LV, OFT, RV}",010000,{RV},13,4,1,110101,"{AVC, Atria, OFT, RV}",E8.5-128,54.0,Large
All,1,111111,"{AB, AVC, Atria, LV, OFT, RV}",010000,{RV},13,4,1,110101,"{AVC, Atria, OFT, RV}",E8.5-105,3.0,Small
All,1,111111,"{AB, AVC, Atria, LV, OFT, RV}",010000,{RV},13,4,1,110101,"{AVC, Atria, OFT, RV}",E8.5-209,4.0,Small
All,1,111111,"{AB, AVC, Atria, LV, OFT, RV}",010000,{RV},13,4,1,110101,"{AVC, Atria, OFT, RV}",E8.5-69,6.0,Small
All,1,111111,"{AB, AVC, Atria, LV, OFT, RV}",010000,{RV},13,4,1,110101,"{AVC, Atria, OFT, RV}",E8.5-122,7.0,Small
All,1,111111,"{AB, AVC, Atria, LV, OFT, RV}",010000,{RV},13,4,2,110001,"{Atria, OFT, RV}",E8.5-2,82.0,Large
All,1,111111,"{AB, AVC, Atria, LV, OFT, RV}",010000,{RV},13,4,2,110001,"{Atria, OFT, RV}",E8.5-170,142.0,
All,1,111111,"{AB, AVC, Atria, LV, OFT, RV}",010000,{RV},13,4,2,110001,"{Atria, OFT, RV}",E8.5-191,36.0,Large
All,1,111111,"{AB, AVC, Atria, LV, OFT, RV}",010000,{RV},13,4,2,110001,"{Atria, OFT, RV}",E8.5-14,32.0,Large
All,1,111111,"{AB, AVC, Atria, LV, OFT, RV}",010000,{RV},13,4,2,110001,"{Atria, OFT, RV}",E8.5-43,7.0,Small
All,1,111111,"{AB, AVC, Atria, LV, OFT, RV}",010000,{RV},13,4,2,110001,"{Atria, OFT, RV}",E8.5-165,11.0,Small
All,1,111111,"{AB, AVC, Atria, LV, OFT, RV}",010000,{RV},13,4,2,110001,"{Atria, OFT, RV}",E8.5-13,13.0,Small
All,1,111111,"{AB, AVC, Atria, LV, OFT, RV}",010000,{RV},13,4,2,110001,"{Atria, OFT, RV}",E8.5-145,13.0,Small
All,1,111111,"{AB, AVC, Atria, LV, OFT, RV}",010000,{RV},13,4,2,110001,"{Atria, OFT, RV}",E8.5-185,18.0,Small
All,1,111111,"{AB, AVC, Atria, LV, OFT, RV}",010000,{RV},13,4,2,110001,"{Atria, OFT, RV}",E8.5-163,19.0,Small
All,1,111111,"{AB, AVC, Atria, LV, OFT, RV}",010000,{RV},13,4,2,110001,"{Atria, OFT, RV}",E8.5-184,20.0,Small
All,1,111111,"{AB, AVC, Atria, LV, OFT, RV}",010000,{RV},13,4,2,110001,"{Atria, OFT, RV}",E8.5-4,20.0,Small
All,1,111111,"{AB, AVC, Atria, LV, OFT, RV}",010000,{RV},13,4,2,110001,"{Atria, OFT, RV}",E8.5-85,24.0,Small
All,1,111111,"{AB, AVC, Atria, LV, OFT, RV}",010000,{RV},13,4,2,110001,"{Atria, OFT, RV}",E8.5-128,54.0,Large
All,1,111111,"{AB, AVC, Atria, LV, OFT, RV}",010000,{RV},13,4,2,110001,"{Atria, OFT, RV}",E8.5-105,3.0,Small
All,1,111111,"{AB, AVC, Atria, LV, OFT, RV}",010000,{RV},13,4,2,110001,"{Atria, OFT, RV}",E8.5-209,4.0,Small
All,1,111111,"{AB, AVC, Atria, LV, OFT, RV}",010000,{RV},13,4,2,110001,"{Atria, OFT, RV}",E8.5-69,6.0,Small
All,1,111111,"{AB, AVC, Atria, LV, OFT, RV}",010000,{RV},13,4,2,110001,"{Atria, OFT, RV}",E8.5-122,7.0,Small
All,1,111111,"{AB, AVC, Atria, LV, OFT, RV}",010000,{RV},13,4,3,110000,"{OFT, RV}",E8.5-2,82.0,Large
All,1,111111,"{AB, AVC, Atria, LV, OFT, RV}",010000,{RV},13,4,3,110000,"{OFT, RV}",E8.5-170,142.0,
All,1,111111,"{AB, AVC, Atria, LV, OFT, RV}",010000,{RV},13,4,3,110000,"{OFT, RV}",E8.5-191,36.0,Large
All,1,111111,"{AB, AVC, Atria, LV, OFT, RV}",010000,{RV},13,4,3,110000,"{OFT, RV}",E8.5-14,32.0,Large
All,1,111111,"{AB, AVC, Atria, LV, OFT, RV}",010000,{RV},13,4,3,110000,"{OFT, RV}",E8.5-43,7.0,Small
All,1,111111,"{AB, AVC, Atria, LV, OFT, RV}",010000,{RV},13,4,3,110000,"{OFT, RV}",E8.5-165,11.0,Small
All,1,111111,"{AB, AVC, Atria, LV, OFT, RV}",010000,{RV},13,4,3,110000,"{OFT, RV}",E8.5-13,13.0,Small
All,1,111111,"{AB, AVC, Atria, LV, OFT, RV}",010000,{RV},13,4,3,110000,"{OFT, RV}",E8.5-145,13.0,Small
All,1,111111,"{AB, AVC, Atria, LV, OFT, RV}",010000,{RV},13,4,3,110000,"{OFT, RV}",E8.5-185,18.0,Small
All,1,111111,"{AB, AVC, Atria, LV, OFT, RV}",010000,{RV},13,4,3,110000,"{OFT, RV}",E8.5-163,19.0,Small
All,1,111111,"{AB, AVC, Atria, LV, OFT, RV}",010000,{RV},13,4,3,110000,"{OFT, RV}",E8.5-184,20.0,Small
All,1,111111,"{AB, AVC, Atria, LV, OFT, RV}",010000,{RV},13,4,3,110000,"{OFT, RV}",E8.5-4,20.0,Small
All,1,111111,"{AB, AVC, Atria, LV, OFT, RV}",010000,{RV},13,4,3,110000,"{OFT, RV}",E8.5-85,24.0,Small
All,1,111111,"{AB, AVC, Atria, LV, OFT, RV}",010000,{RV},13,4,3,110000,"{OFT, RV}",E8.5-128,54.0,Large
All,1,111111,"{AB, AVC, Atria, LV, OFT, RV}",010000,{RV},13,4,3,110000,"{OFT, RV}",E8.5-105,3.0,Small
All,1,111111,"{AB, AVC, Atria, LV, OFT, RV}",010000,{RV},13,4,3,110000,"{OFT, RV}",E8.5-209,4.0,Small
All,1,111111,"{AB, AVC, Atria, LV, OFT, RV}",010000,{RV},13,4,3,110000,"{OFT, RV}",E8.5-69,6.0,Small
All,1,111111,"{AB, AVC, Atria, LV, OFT, RV}",010000,{RV},13,4,3,110000,"{OFT, RV}",E8.5-122,7.0,Small
All,1,111111,"{AB, AVC, Atria, LV, OFT, RV}",010000,{RV},13,4,4,010000,{RV},E8.5-2,82.0,Large
All,1,111111,"{AB, AVC, Atria, LV, OFT, RV}",010000,{RV},13,4,4,010000,{RV},E8.5-170,142.0,
All,1,111111,"{AB, AVC, Atria, LV, OFT, RV}",010000,{RV},13,4,4,010000,{RV},E8.5-191,36.0,Large
All,1,111111,"{AB, AVC, Atria, LV, OFT, RV}",010000,{RV},13,4,4,010000,{RV},E8.5-14,32.0,Large
All,1,111111,"{AB, AVC, Atria, LV, OFT, RV}",010000,{RV},13,4,4,010000,{RV},E8.5-43,7.0,Small
All,1,111111,"{AB, AVC, Atria, LV, OFT, RV}",010000,{RV},13,4,4,010000,{RV},E8.5-165,11.0,Small
All,1,111111,"{AB, AVC, Atria, LV, OFT, RV}",010000,{RV},13,4,4,010000,{RV},E8.5-13,13.0,Small
All,1,111111,"{AB, AVC, Atria, LV, OFT, RV}",010000,{RV},13,4,4,010000,{RV},E8.5-145,13.0,Small
All,1,111111,"{AB, AVC, Atria, LV, OFT, RV}",010000,{RV},13,4,4,010000,{RV},E8.5-185,18.0,Small
All,1,111111,"{AB, AVC, Atria, LV, OFT, RV}",010000,{RV},13,4,4,010000,{RV},E8.5-163,19.0,Small
All,1,111111,"{AB, AVC, Atria, LV, OFT, RV}",010000,{RV},13,4,4,010000,{RV},E8.5-184,20.0,Small
All,1,111111,"{AB, AVC, Atria, LV, OFT, RV}",010000,{RV},13,4,4,010000,{RV},E8.5-4,20.0,Small
All,1,111111,"{AB, AVC, Atria, LV, OFT, RV}",010000,{RV},13,4,4,010000,{RV},E8.5-85,24.0,Small
All,1,111111,"{AB, AVC, Atria, LV, OFT, RV}",010000,{RV},13,4,4,010000,{RV},E8.5-128,54.0,Large
All,1,111111,"{AB, AVC, Atria, LV, OFT, RV}",010000,{RV},13,4,4,010000,{RV},E8.5-105,3.0,Small
All,1,111111,"{AB, AVC, Atria, LV, OFT, RV}",010000,{RV},13,4,4,010000,{RV},E8.5-209,4.0,Small
All,1,111111,"{AB, AVC, Atria, LV, OFT, RV}",010000,{RV},13,4,4,010000,{RV},E8.5-69,6.0,Small
All,1,111111,"{AB, AVC, Atria, LV, OFT, RV}",010000,{RV},13,4,4,010000,{RV},E8.5-122,7.0,Small
All,1,111111,"{AB, AVC, Atria, LV, OFT, RV}",010000,{RV},14,3,0,111111,"{AB, AVC, Atria, LV, OFT, RV}",E8.5-2,82.0,Large
All,1,111111,"{AB, AVC, Atria, LV, OFT, RV}",010000,{RV},14,3,0,111111,"{AB, AVC, Atria, LV, OFT, RV}",E8.5-170,142.0,
All,1,111111,"{AB, AVC, Atria, LV, OFT, RV}",010000,{RV},14,3,0,111111,"{AB, AVC, Atria, LV, OFT, RV}",E8.5-191,36.0,Large
All,1,111111,"{AB, AVC, Atria, LV, OFT, RV}",010000,{RV},14,3,0,111111,"{AB, AVC, Atria, LV, OFT, RV}",E8.5-14,32.0,Large
All,1,111111,"{AB, AVC, Atria, LV, OFT, RV}",010000,{RV},14,3,0,111111,"{AB, AVC, Atria, LV, OFT, RV}",E8.5-105,3.0,Small
All,1,111111,"{AB, AVC, Atria, LV, OFT, RV}",010000,{RV},14,3,0,111111,"{AB, AVC, Atria, LV, OFT, RV}",E8.5-209,4.0,Small
All,1,111111,"{AB, AVC, Atria, LV, OFT, RV}",010000,{RV},14,3,0,111111,"{AB, AVC, Atria, LV, OFT, RV}",E8.5-69,6.0,Small
All,1,111111,"{AB, AVC, Atria, LV, OFT, RV}",010000,{RV},14,3,0,111111,"{AB, AVC, Atria, LV, OFT, RV}",E8.5-122,7.0,Small
All,1,111111,"{AB, AVC, Atria, LV, OFT, RV}",010000,{RV},14,3,1,110101,"{AVC, Atria, OFT, RV}",E8.5-2,82.0,Large
All,1,111111,"{AB, AVC, Atria, LV, OFT, RV}",010000,{RV},14,3,1,110101,"{AVC, Atria, OFT, RV}",E8.5-170,142.0,
All,1,111111,"{AB, AVC, Atria, LV, OFT, RV}",010000,{RV},14,3,1,110101,"{AVC, Atria, OFT, RV}",E8.5-191,36.0,Large
All,1,111111,"{AB, AVC, Atria, LV, OFT, RV}",010000,{RV},14,3,1,110101,"{AVC, Atria, OFT, RV}",E8.5-14,32.0,Large
All,1,111111,"{AB, AVC, Atria, LV, OFT, RV}",010000,{RV},14,3,1,110101,"{AVC, Atria, OFT, RV}",E8.5-105,3.0,Small
All,1,111111,"{AB, AVC, Atria, LV, OFT, RV}",010000,{RV},14,3,1,110101,"{AVC, Atria, OFT, RV}",E8.5-209,4.0,Small
All,1,111111,"{AB, AVC, Atria, LV, OFT, RV}",010000,{RV},14,3,1,110101,"{AVC, Atria, OFT, RV}",E8.5-69,6.0,Small
All,1,111111,"{AB, AVC, Atria, LV, OFT, RV}",010000,{RV},14,3,1,110101,"{AVC, Atria, OFT, RV}",E8.5-122,7.0,Small
All,1,111111,"{AB, AVC, Atria, LV, OFT, RV}",010000,{RV},14,3,2,110001,"{Atria, OFT, RV}",E8.5-2,82.0,Large
All,1,111111,"{AB, AVC, Atria, LV, OFT, RV}",010000,{RV},14,3,2,110001,"{Atria, OFT, RV}",E8.5-170,142.0,
All,1,111111,"{AB, AVC, Atria, LV, OFT, RV}",010000,{RV},14,3,2,110001,"{Atria, OFT, RV}",E8.5-191,36.0,Large
All,1,111111,"{AB, AVC, Atria, LV, OFT, RV}",010000,{RV},14,3,2,110001,"{Atria, OFT, RV}",E8.5-14,32.0,Large
All,1,111111,"{AB, AVC, Atria, LV, OFT, RV}",010000,{RV},14,3,2,110001,"{Atria, OFT, RV}",E8.5-105,3.0,Small
All,1,111111,"{AB, AVC, Atria, LV, OFT, RV}",010000,{RV},14,3,2,110001,"{Atria, OFT, RV}",E8.5-209,4.0,Small
All,1,111111,"{AB, AVC, Atria, LV, OFT, RV}",010000,{RV},14,3,2,110001,"{Atria, OFT, RV}",E8.5-69,6.0,Small
All,1,111111,"{AB, AVC, Atria, LV, OFT, RV}",010000,{RV},14,3,2,110001,"{Atria, OFT, RV}",E8.5-122,7.0,Small
All,1,111111,"{AB, AVC, Atria, LV, OFT, RV}",010000,{RV},14,3,3,010000,{RV},E8.5-2,82.0,Large
All,1,111111,"{AB, AVC, Atria, LV, OFT, RV}",010000,{RV},14,3,3,010000,{RV},E8.5-170,142.0,
All,1,111111,"{AB, AVC, Atria, LV, OFT, RV}",010000,{RV},14,3,3,010000,{RV},E8.5-191,36.0,Large
All,1,111111,"{AB, AVC, Atria, LV, OFT, RV}",010000,{RV},14,3,3,010000,{RV},E8.5-14,32.0,Large
All,1,111111,"{AB, AVC, Atria, LV, OFT, RV}",010000,{RV},14,3,3,010000,{RV},E8.5-105,3.0,Small
All,1,111111,"{AB, AVC, Atria, LV, OFT, RV}",010000,{RV},14,3,3,010000,{RV},E8.5-209,4.0,Small
All,1,111111,"{AB, AVC, Atria, LV, OFT, RV}",010000,{RV},14,3,3,010000,{RV},E8.5-69,6.0,Small
All,1,111111,"{AB, AVC, Atria, LV, OFT, RV}",010000,{RV},14,3,3,010000,{RV},E8.5-122,7.0,Small
All,1,111111,"{AB, AVC, Atria, LV, OFT, RV}",010000,{RV},15,3,0,111111,"{AB, AVC, Atria, LV, OFT, RV}",E8.5-2,82.0,Large
All,1,111111,"{AB, AVC, Atria, LV, OFT, RV}",010000,{RV},15,3,0,111111,"{AB, AVC, Atria, LV, OFT, RV}",E8.5-170,142.0,
All,1,111111,"{AB, AVC, Atria, LV, OFT, RV}",010000,{RV},15,3,0,111111,"{AB, AVC, Atria, LV, OFT, RV}",E8.5-191,36.0,Large
All,1,111111,"{AB, AVC, Atria, LV, OFT, RV}",010000,{RV},15,3,0,111111,"{AB, AVC, Atria, LV, OFT, RV}",E8.5-43,7.0,Small
All,1,111111,"{AB, AVC, Atria, LV, OFT, RV}",010000,{RV},15,3,0,111111,"{AB, AVC, Atria, LV, OFT, RV}",E8.5-165,11.0,Small
All,1,111111,"{AB, AVC, Atria, LV, OFT, RV}",010000,{RV},15,3,0,111111,"{AB, AVC, Atria, LV, OFT, RV}",E8.5-13,13.0,Small
All,1,111111,"{AB, AVC, Atria, LV, OFT, RV}",010000,{RV},15,3,0,111111,"{AB, AVC, Atria, LV, OFT, RV}",E8.5-145,13.0,Small
All,1,111111,"{AB, AVC, Atria, LV, OFT, RV}",010000,{RV},15,3,0,111111,"{AB, AVC, Atria, LV, OFT, RV}",E8.5-185,18.0,Small
All,1,111111,"{AB, AVC, Atria, LV, OFT, RV}",010000,{RV},15,3,0,111111,"{AB, AVC, Atria, LV, OFT, RV}",E8.5-163,19.0,Small
All,1,111111,"{AB, AVC, Atria, LV, OFT, RV}",010000,{RV},15,3,0,111111,"{AB, AVC, Atria, LV, OFT, RV}",E8.5-184,20.0,Small
All,1,111111,"{AB, AVC, Atria, LV, OFT, RV}",010000,{RV},15,3,0,111111,"{AB, AVC, Atria, LV, OFT, RV}",E8.5-4,20.0,Small
All,1,111111,"{AB, AVC, Atria, LV, OFT, RV}",010000,{RV},15,3,0,111111,"{AB, AVC, Atria, LV, OFT, RV}",E8.5-85,24.0,Small
All,1,111111,"{AB, AVC, Atria, LV, OFT, RV}",010000,{RV},15,3,0,111111,"{AB, AVC, Atria, LV, OFT, RV}",E8.5-128,54.0,Large
All,1,111111,"{AB, AVC, Atria, LV, OFT, RV}",010000,{RV},15,3,0,111111,"{AB, AVC, Atria, LV, OFT, RV}",E8.5-105,3.0,Small
All,1,111111,"{AB, AVC, Atria, LV, OFT, RV}",010000,{RV},15,3,0,111111,"{AB, AVC, Atria, LV, OFT, RV}",E8.5-209,4.0,Small
All,1,111111,"{AB, AVC, Atria, LV, OFT, RV}",010000,{RV},15,3,0,111111,"{AB, AVC, Atria, LV, OFT, RV}",E8.5-69,6.0,Small
All,1,111111,"{AB, AVC, Atria, LV, OFT, RV}",010000,{RV},15,3,0,111111,"{AB, AVC, Atria, LV, OFT, RV}",E8.5-122,7.0,Small
All,1,111111,"{AB, AVC, Atria, LV, OFT, RV}",010000,{RV},15,3,1,110101,"{AVC, Atria, OFT, RV}",E8.5-2,82.0,Large
All,1,111111,"{AB, AVC, Atria, LV, OFT, RV}",010000,{RV},15,3,1,110101,"{AVC, Atria, OFT, RV}",E8.5-170,142.0,
All,1,111111,"{AB, AVC, Atria, LV, OFT, RV}",010000,{RV},15,3,1,110101,"{AVC, Atria, OFT, RV}",E8.5-191,36.0,Large
All,1,111111,"{AB, AVC, Atria, LV, OFT, RV}",010000,{RV},15,3,1,110101,"{AVC, Atria, OFT, RV}",E8.5-43,7.0,Small
All,1,111111,"{AB, AVC, Atria, LV, OFT, RV}",010000,{RV},15,3,1,110101,"{AVC, Atria, OFT, RV}",E8.5-165,11.0,Small
All,1,111111,"{AB, AVC, Atria, LV, OFT, RV}",010000,{RV},15,3,1,110101,"{AVC, Atria, OFT, RV}",E8.5-13,13.0,Small
All,1,111111,"{AB, AVC, Atria, LV, OFT, RV}",010000,{RV},15,3,1,110101,"{AVC, Atria, OFT, RV}",E8.5-145,13.0,Small
All,1,111111,"{AB, AVC, Atria, LV, OFT, RV}",010000,{RV},15,3,1,110101,"{AVC, Atria, OFT, RV}",E8.5-185,18.0,Small
All,1,111111,"{AB, AVC, Atria, LV, OFT, RV}",010000,{RV},15,3,1,110101,"{AVC, Atria, OFT, RV}",E8.5-163,19.0,Small
All,1,111111,"{AB, AVC, Atria, LV, OFT, RV}",010000,{RV},15,3,1,110101,"{AVC, Atria, OFT, RV}",E8.5-184,20.0,Small
All,1,111111,"{AB, AVC, Atria, LV, OFT, RV}",010000,{RV},15,3,1,110101,"{AVC, Atria, OFT, RV}",E8.5-4,20.0,Small
All,1,111111,"{AB, AVC, Atria, LV, OFT, RV}",010000,{RV},15,3,1,110101,"{AVC, Atria, OFT, RV}",E8.5-85,24.0,Small
All,1,111111,"{AB, AVC, Atria, LV, OFT, RV}",010000,{RV},15,3,1,110101,"{AVC, Atria, OFT, RV}",E8.5-128,54.0,Large
All,1,111111,"{AB, AVC, Atria, LV, OFT, RV}",010000,{RV},15,3,1,110101,"{AVC, Atria, OFT, RV}",E8.5-105,3.0,Small
All,1,111111,"{AB, AVC, Atria, LV, OFT, RV}",010000,{RV},15,3,1,110101,"{AVC, Atria, OFT, RV}",E8.5-209,4.0,Small
All,1,111111,"{AB, AVC, Atria, LV, OFT, RV}",010000,{RV},15,3,1,110101,"{AVC, Atria, OFT, RV}",E8.5-69,6.0,Small
All,1,111111,"{AB, AVC, Atria, LV, OFT, RV}",010000,{RV},15,3,1,110101,"{AVC, Atria, OFT, RV}",E8.5-122,7.0,Small
All,1,111111,"{AB, AVC, Atria, LV, OFT, RV}",010000,{RV},15,3,2,110000,"{OFT, RV}",E8.5-2,82.0,Large
All,1,111111,"{AB, AVC, Atria, LV, OFT, RV}",010000,{RV},15,3,2,110000,"{OFT, RV}",E8.5-170,142.0,
All,1,111111,"{AB, AVC, Atria, LV, OFT, RV}",010000,{RV},15,3,2,110000,"{OFT, RV}",E8.5-191,36.0,Large
All,1,111111,"{AB, AVC, Atria, LV, OFT, RV}",010000,{RV},15,3,2,110000,"{OFT, RV}",E8.5-43,7.0,Small
All,1,111111,"{AB, AVC, Atria, LV, OFT, RV}",010000,{RV},15,3,2,110000,"{OFT, RV}",E8.5-165,11.0,Small
All,1,111111,"{AB, AVC, Atria, LV, OFT, RV}",010000,{RV},15,3,2,110000,"{OFT, RV}",E8.5-13,13.0,Small
All,1,111111,"{AB, AVC, Atria, LV, OFT, RV}",010000,{RV},15,3,2,110000,"{OFT, RV}",E8.5-145,13.0,Small
All,1,111111,"{AB, AVC, Atria, LV, OFT, RV}",010000,{RV},15,3,2,110000,"{OFT, RV}",E8.5-185,18.0,Small
All,1,111111,"{AB, AVC, Atria, LV, OFT, RV}",010000,{RV},15,3,2,110000,"{OFT, RV}",E8.5-163,19.0,Small
All,1,111111,"{AB, AVC, Atria, LV, OFT, RV}",010000,{RV},15,3,2,110000,"{OFT, RV}",E8.5-184,20.0,Small
All,1,111111,"{AB, AVC, Atria, LV, OFT, RV}",010000,{RV},15,3,2,110000,"{OFT, RV}",E8.5-4,20.0,Small
All,1,111111,"{AB, AVC, Atria, LV, OFT, RV}",010000,{RV},15,3,2,110000,"{OFT, RV}",E8.5-85,24.0,Small
All,1,111111,"{AB, AVC, Atria, LV, OFT, RV}",010000,{RV},15,3,2,110000,"{OFT, RV}",E8.5-128,54.0,Large
All,1,111111,"{AB, AVC, Atria, LV, OFT, RV}",010000,{RV},15,3,2,110000,"{OFT, RV}",E8.5-105,3.0,Small
All,1,111111,"{AB, AVC, Atria, LV, OFT, RV}",010000,{RV},15,3,2,110000,"{OFT, RV}",E8.5-209,4.0,Small
All,1,111111,"{AB, AVC, Atria, LV, OFT, RV}",010000,{RV},15,3,2,110000,"{OFT, RV}",E8.5-69,6.0,Small
All,1,111111,"{AB, AVC, Atria, LV, OFT, RV}",010000,{RV},15,3,2,110000,"{OFT, RV}",E8.5-122,7.0,Small
All,1,111111,"{AB, AVC, Atria, LV, OFT, RV}",010000,{RV},15,3,3,010000,{RV},E8.5-2,82.0,Large
All,1,111111,"{AB, AVC, Atria, LV, OFT, RV}",010000,{RV},15,3,3,010000,{RV},E8.5-170,142.0,
All,1,111111,"{AB, AVC, Atria, LV, OFT, RV}",010000,{RV},15,3,3,010000,{RV},E8.5-191,36.0,Large
All,1,111111,"{AB, AVC, Atria, LV, OFT, RV}",010000,{RV},15,3,3,010000,{RV},E8.5-43,7.0,Small
All,1,111111,"{AB, AVC, Atria, LV, OFT, RV}",010000,{RV},15,3,3,010000,{RV},E8.5-165,11.0,Small
All,1,111111,"{AB, AVC, Atria, LV, OFT, RV}",010000,{RV},15,3,3,010000,{RV},E8.5-13,13.0,Small
All,1,111111,"{AB, AVC, Atria, LV, OFT, RV}",010000,{RV},15,3,3,010000,{RV},E8.5-145,13.0,Small
All,1,111111,"{AB, AVC, Atria, LV, OFT, RV}",010000,{RV},15,3,3,010000,{RV},E8.5-185,18.0,Small
All,1,111111,"{AB, AVC, Atria, LV, OFT, RV}",010000,{RV},15,3,3,010000,{RV},E8.5-163,19.0,Small
All,1,111111,"{AB, AVC, Atria, LV, OFT, RV}",010000,{RV},15,3,3,010000,{RV},E8.5-184,20.0,Small
All,1,111111,"{AB, AVC, Atria, LV, OFT, RV}",010000,{RV},15,3,3,010000,{RV},E8.5-4,20.0,Small
All,1,111111,"{AB, AVC, Atria, LV, OFT, RV}",010000,{RV},15,3,3,010000,{RV},E8.5-85,24.0,Small
All,1,111111,"{AB, AVC, Atria, LV, OFT, RV}",010000,{RV},15,3,3,010000,{RV},E8.5-128,54.0,Large
All,1,111111,"{AB, AVC, Atria, LV, OFT, RV}",010000,{RV},15,3,3,010000,{RV},E8.5-105,3.0,Small
All,1,111111,"{AB, AVC, Atria, LV, OFT, RV}",010000,{RV},15,3,3,010000,{RV},E8.5-209,4.0,Small
All,1,111111,"{AB, AVC, Atria, LV, OFT, RV}",010000,{RV},15,3,3,010000,{RV},E8.5-69,6.0,Small
All,1,111111,"{AB, AVC, Atria, LV, OFT, RV}",010000,{RV},15,3,3,010000,{RV},E8.5-122,7.0,Small
All,1,111111,"{AB, AVC, Atria, LV, OFT, RV}",010000,{RV},16,4,0,111111,"{AB, AVC, Atria, LV, OFT, RV}",E8.5-2,82.0,Large
All,1,111111,"{AB, AVC, Atria, LV, OFT, RV}",010000,{RV},16,4,0,111111,"{AB, AVC, Atria, LV, OFT, RV}",E8.5-170,142.0,
All,1,111111,"{AB, AVC, Atria, LV, OFT, RV}",010000,{RV},16,4,0,111111,"{AB, AVC, Atria, LV, OFT, RV}",E8.5-198,57.0,Large
All,1,111111,"{AB, AVC, Atria, LV, OFT, RV}",010000,{RV},16,4,0,111111,"{AB, AVC, Atria, LV, OFT, RV}",E8.5-14,32.0,Large
All,1,111111,"{AB, AVC, Atria, LV, OFT, RV}",010000,{RV},16,4,0,111111,"{AB, AVC, Atria, LV, OFT, RV}",E8.5-43,7.0,Small
All,1,111111,"{AB, AVC, Atria, LV, OFT, RV}",010000,{RV},16,4,0,111111,"{AB, AVC, Atria, LV, OFT, RV}",E8.5-165,11.0,Small
All,1,111111,"{AB, AVC, Atria, LV, OFT, RV}",010000,{RV},16,4,0,111111,"{AB, AVC, Atria, LV, OFT, RV}",E8.5-13,13.0,Small
All,1,111111,"{AB, AVC, Atria, LV, OFT, RV}",010000,{RV},16,4,0,111111,"{AB, AVC, Atria, LV, OFT, RV}",E8.5-145,13.0,Small
All,1,111111,"{AB, AVC, Atria, LV, OFT, RV}",010000,{RV},16,4,0,111111,"{AB, AVC, Atria, LV, OFT, RV}",E8.5-185,18.0,Small
All,1,111111,"{AB, AVC, Atria, LV, OFT, RV}",010000,{RV},16,4,0,111111,"{AB, AVC, Atria, LV, OFT, RV}",E8.5-163,19.0,Small
All,1,111111,"{AB, AVC, Atria, LV, OFT, RV}",010000,{RV},16,4,0,111111,"{AB, AVC, Atria, LV, OFT, RV}",E8.5-184,20.0,Small
All,1,111111,"{AB, AVC, Atria, LV, OFT, RV}",010000,{RV},16,4,0,111111,"{AB, AVC, Atria, LV, OFT, RV}",E8.5-4,20.0,Small
All,1,111111,"{AB, AVC, Atria, LV, OFT, RV}",010000,{RV},16,4,0,111111,"{AB, AVC, Atria, LV, OFT, RV}",E8.5-85,24.0,Small
All,1,111111,"{AB, AVC, Atria, LV, OFT, RV}",010000,{RV},16,4,0,111111,"{AB, AVC, Atria, LV, OFT, RV}",E8.5-128,54.0,Large
All,1,111111,"{AB, AVC, Atria, LV, OFT, RV}",010000,{RV},16,4,0,111111,"{AB, AVC, Atria, LV, OFT, RV}",E8.5-105,3.0,Small
All,1,111111,"{AB, AVC, Atria, LV, OFT, RV}",010000,{RV},16,4,0,111111,"{AB, AVC, Atria, LV, OFT, RV}",E8.5-209,4.0,Small
All,1,111111,"{AB, AVC, Atria, LV, OFT, RV}",010000,{RV},16,4,0,111111,"{AB, AVC, Atria, LV, OFT, RV}",E8.5-69,6.0,Small
All,1,111111,"{AB, AVC, Atria, LV, OFT, RV}",010000,{RV},16,4,0,111111,"{AB, AVC, Atria, LV, OFT, RV}",E8.5-122,7.0,Small
All,1,111111,"{AB, AVC, Atria, LV, OFT, RV}",010000,{RV},16,4,1,111001,"{Atria, LV, OFT, RV}",E8.5-2,82.0,Large
All,1,111111,"{AB, AVC, Atria, LV, OFT, RV}",010000,{RV},16,4,1,111001,"{Atria, LV, OFT, RV}",E8.5-170,142.0,
All,1,111111,"{AB, AVC, Atria, LV, OFT, RV}",010000,{RV},16,4,1,111001,"{Atria, LV, OFT, RV}",E8.5-198,57.0,Large
All,1,111111,"{AB, AVC, Atria, LV, OFT, RV}",010000,{RV},16,4,1,111001,"{Atria, LV, OFT, RV}",E8.5-14,32.0,Large
All,1,111111,"{AB, AVC, Atria, LV, OFT, RV}",010000,{RV},16,4,1,111001,"{Atria, LV, OFT, RV}",E8.5-43,7.0,Small
All,1,111111,"{AB, AVC, Atria, LV, OFT, RV}",010000,{RV},16,4,1,111001,"{Atria, LV, OFT, RV}",E8.5-165,11.0,Small
All,1,111111,"{AB, AVC, Atria, LV, OFT, RV}",010000,{RV},16,4,1,111001,"{Atria, LV, OFT, RV}",E8.5-13,13.0,Small
All,1,111111,"{AB, AVC, Atria, LV, OFT, RV}",010000,{RV},16,4,1,111001,"{Atria, LV, OFT, RV}",E8.5-145,13.0,Small
All,1,111111,"{AB, AVC, Atria, LV, OFT, RV}",010000,{RV},16,4,1,111001,"{Atria, LV, OFT, RV}",E8.5-185,18.0,Small
All,1,111111,"{AB, AVC, Atria, LV, OFT, RV}",010000,{RV},16,4,1,111001,"{Atria, LV, OFT, RV}",E8.5-163,19.0,Small
All,1,111111,"{AB, AVC, Atria, LV, OFT, RV}",010000,{RV},16,4,1,111001,"{Atria, LV, OFT, RV}",E8.5-184,20.0,Small
All,1,111111,"{AB, AVC, Atria, LV, OFT, RV}",010000,{RV},16,4,1,111001,"{Atria, LV, OFT, RV}",E8.5-4,20.0,Small
All,1,111111,"{AB, AVC, Atria, LV, OFT, RV}",010000,{RV},16,4,1,111001,"{Atria, LV, OFT, RV}",E8.5-85,24.0,Small
All,1,111111,"{AB, AVC, Atria, LV, OFT, RV}",010000,{RV},16,4,1,111001,"{Atria, LV, OFT, RV}",E8.5-128,54.0,Large
All,1,111111,"{AB, AVC, Atria, LV, OFT, RV}",010000,{RV},16,4,1,111001,"{Atria, LV, OFT, RV}",E8.5-105,3.0,Small
All,1,111111,"{AB, AVC, Atria, LV, OFT, RV}",010000,{RV},16,4,1,111001,"{Atria, LV, OFT, RV}",E8.5-209,4.0,Small
All,1,111111,"{AB, AVC, Atria, LV, OFT, RV}",010000,{RV},16,4,1,111001,"{Atria, LV, OFT, RV}",E8.5-69,6.0,Small
All,1,111111,"{AB, AVC, Atria, LV, OFT, RV}",010000,{RV},16,4,1,111001,"{Atria, LV, OFT, RV}",E8.5-122,7.0,Small
All,1,111111,"{AB, AVC, Atria, LV, OFT, RV}",010000,{RV},16,4,2,110001,"{Atria, OFT, RV}",E8.5-2,82.0,Large
All,1,111111,"{AB, AVC, Atria, LV, OFT, RV}",010000,{RV},16,4,2,110001,"{Atria, OFT, RV}",E8.5-170,142.0,
All,1,111111,"{AB, AVC, Atria, LV, OFT, RV}",010000,{RV},16,4,2,110001,"{Atria, OFT, RV}",E8.5-198,57.0,Large
All,1,111111,"{AB, AVC, Atria, LV, OFT, RV}",010000,{RV},16,4,2,110001,"{Atria, OFT, RV}",E8.5-14,32.0,Large
All,1,111111,"{AB, AVC, Atria, LV, OFT, RV}",010000,{RV},16,4,2,110001,"{Atria, OFT, RV}",E8.5-43,7.0,Small
All,1,111111,"{AB, AVC, Atria, LV, OFT, RV}",010000,{RV},16,4,2,110001,"{Atria, OFT, RV}",E8.5-165,11.0,Small
All,1,111111,"{AB, AVC, Atria, LV, OFT, RV}",010000,{RV},16,4,2,110001,"{Atria, OFT, RV}",E8.5-13,13.0,Small
All,1,111111,"{AB, AVC, Atria, LV, OFT, RV}",010000,{RV},16,4,2,110001,"{Atria, OFT, RV}",E8.5-145,13.0,Small
All,1,111111,"{AB, AVC, Atria, LV, OFT, RV}",010000,{RV},16,4,2,110001,"{Atria, OFT, RV}",E8.5-185,18.0,Small
All,1,111111,"{AB, AVC, Atria, LV, OFT, RV}",010000,{RV},16,4,2,110001,"{Atria, OFT, RV}",E8.5-163,19.0,Small
All,1,111111,"{AB, AVC, Atria, LV, OFT, RV}",010000,{RV},16,4,2,110001,"{Atria, OFT, RV}",E8.5-184,20.0,Small
All,1,111111,"{AB, AVC, Atria, LV, OFT, RV}",010000,{RV},16,4,2,110001,"{Atria, OFT, RV}",E8.5-4,20.0,Small
All,1,111111,"{AB, AVC, Atria, LV, OFT, RV}",010000,{RV},16,4,2,110001,"{Atria, OFT, RV}",E8.5-85,24.0,Small
All,1,111111,"{AB, AVC, Atria, LV, OFT, RV}",010000,{RV},16,4,2,110001,"{Atria, OFT, RV}",E8.5-128,54.0,Large
All,1,111111,"{AB, AVC, Atria, LV, OFT, RV}",010000,{RV},16,4,2,110001,"{Atria, OFT, RV}",E8.5-105,3.0,Small
All,1,111111,"{AB, AVC, Atria, LV, OFT, RV}",010000,{RV},16,4,2,110001,"{Atria, OFT, RV}",E8.5-209,4.0,Small
All,1,111111,"{AB, AVC, Atria, LV, OFT, RV}",010000,{RV},16,4,2,110001,"{Atria, OFT, RV}",E8.5-69,6.0,Small
All,1,111111,"{AB, AVC, Atria, LV, OFT, RV}",010000,{RV},16,4,2,110001,"{Atria, OFT, RV}",E8.5-122,7.0,Small
All,1,111111,"{AB, AVC, Atria, LV, OFT, RV}",010000,{RV},16,4,3,110000,"{OFT, RV}",E8.5-2,82.0,Large
All,1,111111,"{AB, AVC, Atria, LV, OFT, RV}",010000,{RV},16,4,3,110000,"{OFT, RV}",E8.5-170,142.0,
All,1,111111,"{AB, AVC, Atria, LV, OFT, RV}",010000,{RV},16,4,3,110000,"{OFT, RV}",E8.5-198,57.0,Large
All,1,111111,"{AB, AVC, Atria, LV, OFT, RV}",010000,{RV},16,4,3,110000,"{OFT, RV}",E8.5-14,32.0,Large
All,1,111111,"{AB, AVC, Atria, LV, OFT, RV}",010000,{RV},16,4,3,110000,"{OFT, RV}",E8.5-43,7.0,Small
All,1,111111,"{AB, AVC, Atria, LV, OFT, RV}",010000,{RV},16,4,3,110000,"{OFT, RV}",E8.5-165,11.0,Small
All,1,111111,"{AB, AVC, Atria, LV, OFT, RV}",010000,{RV},16,4,3,110000,"{OFT, RV}",E8.5-13,13.0,Small
All,1,111111,"{AB, AVC, Atria, LV, OFT, RV}",010000,{RV},16,4,3,110000,"{OFT, RV}",E8.5-145,13.0,Small
All,1,111111,"{AB, AVC, Atria, LV, OFT, RV}",010000,{RV},16,4,3,110000,"{OFT, RV}",E8.5-185,18.0,Small
All,1,111111,"{AB, AVC, Atria, LV, OFT, RV}",010000,{RV},16,4,3,110000,"{OFT, RV}",E8.5-163,19.0,Small
All,1,111111,"{AB, AVC, Atria, LV, OFT, RV}",010000,{RV},16,4,3,110000,"{OFT, RV}",E8.5-184,20.0,Small
All,1,111111,"{AB, AVC, Atria, LV, OFT, RV}",010000,{RV},16,4,3,110000,"{OFT, RV}",E8.5-4,20.0,Small
All,1,111111,"{AB, AVC, Atria, LV, OFT, RV}",010000,{RV},16,4,3,110000,"{OFT, RV}",E8.5-85,24.0,Small
All,1,111111,"{AB, AVC, Atria, LV, OFT, RV}",010000,{RV},16,4,3,110000,"{OFT, RV}",E8.5-128,54.0,Large
All,1,111111,"{AB, AVC, Atria, LV, OFT, RV}",010000,{RV},16,4,3,110000,"{OFT, RV}",E8.5-105,3.0,Small
All,1,111111,"{AB, AVC, Atria, LV, OFT, RV}",010000,{RV},16,4,3,110000,"{OFT, RV}",E8.5-209,4.0,Small
All,1,111111,"{AB, AVC, Atria, LV, OFT, RV}",010000,{RV},16,4,3,110000,"{OFT, RV}",E8.5-69,6.0,Small
All,1,111111,"{AB, AVC, Atria, LV, OFT, RV}",010000,{RV},16,4,3,110000,"{OFT, RV}",E8.5-122,7.0,Small
All,1,111111,"{AB, AVC, Atria, LV, OFT, RV}",010000,{RV},16,4,4,010000,{RV},E8.5-2,82.0,Large
All,1,111111,"{AB, AVC, Atria, LV, OFT, RV}",010000,{RV},16,4,4,010000,{RV},E8.5-170,142.0,
All,1,111111,"{AB, AVC, Atria, LV, OFT, RV}",010000,{RV},16,4,4,010000,{RV},E8.5-198,57.0,Large
All,1,111111,"{AB, AVC, Atria, LV, OFT, RV}",010000,{RV},16,4,4,010000,{RV},E8.5-14,32.0,Large
All,1,111111,"{AB, AVC, Atria, LV, OFT, RV}",010000,{RV},16,4,4,010000,{RV},E8.5-43,7.0,Small
All,1,111111,"{AB, AVC, Atria, LV, OFT, RV}",010000,{RV},16,4,4,010000,{RV},E8.5-165,11.0,Small
All,1,111111,"{AB, AVC, Atria, LV, OFT, RV}",010000,{RV},16,4,4,010000,{RV},E8.5-13,13.0,Small
All,1,111111,"{AB, AVC, Atria, LV, OFT, RV}",010000,{RV},16,4,4,010000,{RV},E8.5-145,13.0,Small
All,1,111111,"{AB, AVC, Atria, LV, OFT, RV}",010000,{RV},16,4,4,010000,{RV},E8.5-185,18.0,Small
All,1,111111,"{AB, AVC, Atria, LV, OFT, RV}",010000,{RV},16,4,4,010000,{RV},E8.5-163,19.0,Small
All,1,111111,"{AB, AVC, Atria, LV, OFT, RV}",010000,{RV},16,4,4,010000,{RV},E8.5-184,20.0,Small
All,1,111111,"{AB, AVC, Atria, LV, OFT, RV}",010000,{RV},16,4,4,010000,{RV},E8.5-4,20.0,Small
All,1,111111,"{AB, AVC, Atria, LV, OFT, RV}",010000,{RV},16,4,4,010000,{RV},E8.5-85,24.0,Small
All,1,111111,"{AB, AVC, Atria, LV, OFT, RV}",010000,{RV},16,4,4,010000,{RV},E8.5-128,54.0,Large
All,1,111111,"{AB, AVC, Atria, LV, OFT, RV}",010000,{RV},16,4,4,010000,{RV},E8.5-105,3.0,Small
All,1,111111,"{AB, AVC, Atria, LV, OFT, RV}",010000,{RV},16,4,4,010000,{RV},E8.5-209,4.0,Small
All,1,111111,"{AB, AVC, Atria, LV, OFT, RV}",010000,{RV},16,4,4,010000,{RV},E8.5-69,6.0,Small
All,1,111111,"{AB, AVC, Atria, LV, OFT, RV}",010000,{RV},16,4,4,010000,{RV},E8.5-122,7.0,Small
All,1,111111,"{AB, AVC, Atria, LV, OFT, RV}",010000,{RV},17,3,0,111111,"{AB, AVC, Atria, LV, OFT, RV}",E8.5-2,82.0,Large
All,1,111111,"{AB, AVC, Atria, LV, OFT, RV}",010000,{RV},17,3,0,111111,"{AB, AVC, Atria, LV, OFT, RV}",E8.5-170,142.0,
All,1,111111,"{AB, AVC, Atria, LV, OFT, RV}",010000,{RV},17,3,0,111111,"{AB, AVC, Atria, LV, OFT, RV}",E8.5-198,57.0,Large
All,1,111111,"{AB, AVC, Atria, LV, OFT, RV}",010000,{RV},17,3,0,111111,"{AB, AVC, Atria, LV, OFT, RV}",E8.5-14,32.0,Large
All,1,111111,"{AB, AVC, Atria, LV, OFT, RV}",010000,{RV},17,3,0,111111,"{AB, AVC, Atria, LV, OFT, RV}",E8.5-105,3.0,Small
All,1,111111,"{AB, AVC, Atria, LV, OFT, RV}",010000,{RV},17,3,0,111111,"{AB, AVC, Atria, LV, OFT, RV}",E8.5-209,4.0,Small
All,1,111111,"{AB, AVC, Atria, LV, OFT, RV}",010000,{RV},17,3,0,111111,"{AB, AVC, Atria, LV, OFT, RV}",E8.5-69,6.0,Small
All,1,111111,"{AB, AVC, Atria, LV, OFT, RV}",010000,{RV},17,3,0,111111,"{AB, AVC, Atria, LV, OFT, RV}",E8.5-122,7.0,Small
All,1,111111,"{AB, AVC, Atria, LV, OFT, RV}",010000,{RV},17,3,1,111001,"{Atria, LV, OFT, RV}",E8.5-2,82.0,Large
All,1,111111,"{AB, AVC, Atria, LV, OFT, RV}",010000,{RV},17,3,1,111001,"{Atria, LV, OFT, RV}",E8.5-170,142.0,
All,1,111111,"{AB, AVC, Atria, LV, OFT, RV}",010000,{RV},17,3,1,111001,"{Atria, LV, OFT, RV}",E8.5-198,57.0,Large
All,1,111111,"{AB, AVC, Atria, LV, OFT, RV}",010000,{RV},17,3,1,111001,"{Atria, LV, OFT, RV}",E8.5-14,32.0,Large
All,1,111111,"{AB, AVC, Atria, LV, OFT, RV}",010000,{RV},17,3,1,111001,"{Atria, LV, OFT, RV}",E8.5-105,3.0,Small
All,1,111111,"{AB, AVC, Atria, LV, OFT, RV}",010000,{RV},17,3,1,111001,"{Atria, LV, OFT, RV}",E8.5-209,4.0,Small
All,1,111111,"{AB, AVC, Atria, LV, OFT, RV}",010000,{RV},17,3,1,111001,"{Atria, LV, OFT, RV}",E8.5-69,6.0,Small
All,1,111111,"{AB, AVC, Atria, LV, OFT, RV}",010000,{RV},17,3,1,111001,"{Atria, LV, OFT, RV}",E8.5-122,7.0,Small
All,1,111111,"{AB, AVC, Atria, LV, OFT, RV}",010000,{RV},17,3,2,110001,"{Atria, OFT, RV}",E8.5-2,82.0,Large
All,1,111111,"{AB, AVC, Atria, LV, OFT, RV}",010000,{RV},17,3,2,110001,"{Atria, OFT, RV}",E8.5-170,142.0,
All,1,111111,"{AB, AVC, Atria, LV, OFT, RV}",010000,{RV},17,3,2,110001,"{Atria, OFT, RV}",E8.5-198,57.0,Large
All,1,111111,"{AB, AVC, Atria, LV, OFT, RV}",010000,{RV},17,3,2,110001,"{Atria, OFT, RV}",E8.5-14,32.0,Large
All,1,111111,"{AB, AVC, Atria, LV, OFT, RV}",010000,{RV},17,3,2,110001,"{Atria, OFT, RV}",E8.5-105,3.0,Small
All,1,111111,"{AB, AVC, Atria, LV, OFT, RV}",010000,{RV},17,3,2,110001,"{Atria, OFT, RV}",E8.5-209,4.0,Small
All,1,111111,"{AB, AVC, Atria, LV, OFT, RV}",010000,{RV},17,3,2,110001,"{Atria, OFT, RV}",E8.5-69,6.0,Small
All,1,111111,"{AB, AVC, Atria, LV, OFT, RV}",010000,{RV},17,3,2,110001,"{Atria, OFT, RV}",E8.5-122,7.0,Small
All,1,111111,"{AB, AVC, Atria, LV, OFT, RV}",010000,{RV},17,3,3,010000,{RV},E8.5-2,82.0,Large
All,1,111111,"{AB, AVC, Atria, LV, OFT, RV}",010000,{RV},17,3,3,010000,{RV},E8.5-170,142.0,
All,1,111111,"{AB, AVC, Atria, LV, OFT, RV}",010000,{RV},17,3,3,010000,{RV},E8.5-198,57.0,Large
All,1,111111,"{AB, AVC, Atria, LV, OFT, RV}",010000,{RV},17,3,3,010000,{RV},E8.5-14,32.0,Large
All,1,111111,"{AB, AVC, Atria, LV, OFT, RV}",010000,{RV},17,3,3,010000,{RV},E8.5-105,3.0,Small
All,1,111111,"{AB, AVC, Atria, LV, OFT, RV}",010000,{RV},17,3,3,010000,{RV},E8.5-209,4.0,Small
All,1,111111,"{AB, AVC, Atria, LV, OFT, RV}",010000,{RV},17,3,3,010000,{RV},E8.5-69,6.0,Small
All,1,111111,"{AB, AVC, Atria, LV, OFT, RV}",010000,{RV},17,3,3,010000,{RV},E8.5-122,7.0,Small
All,1,111111,"{AB, AVC, Atria, LV, OFT, RV}",010000,{RV},18,3,0,111111,"{AB, AVC, Atria, LV, OFT, RV}",E8.5-2,82.0,Large
All,1,111111,"{AB, AVC, Atria, LV, OFT, RV}",010000,{RV},18,3,0,111111,"{AB, AVC, Atria, LV, OFT, RV}",E8.5-170,142.0,
All,1,111111,"{AB, AVC, Atria, LV, OFT, RV}",010000,{RV},18,3,0,111111,"{AB, AVC, Atria, LV, OFT, RV}",E8.5-198,57.0,Large
All,1,111111,"{AB, AVC, Atria, LV, OFT, RV}",010000,{RV},18,3,0,111111,"{AB, AVC, Atria, LV, OFT, RV}",E8.5-238,52.0,Large
All,1,111111,"{AB, AVC, Atria, LV, OFT, RV}",010000,{RV},18,3,0,111111,"{AB, AVC, Atria, LV, OFT, RV}",E8.5-127,20.0,Small
All,1,111111,"{AB, AVC, Atria, LV, OFT, RV}",010000,{RV},18,3,0,111111,"{AB, AVC, Atria, LV, OFT, RV}",E8.5-105,3.0,Small
All,1,111111,"{AB, AVC, Atria, LV, OFT, RV}",010000,{RV},18,3,0,111111,"{AB, AVC, Atria, LV, OFT, RV}",E8.5-209,4.0,Small
All,1,111111,"{AB, AVC, Atria, LV, OFT, RV}",010000,{RV},18,3,0,111111,"{AB, AVC, Atria, LV, OFT, RV}",E8.5-69,6.0,Small
All,1,111111,"{AB, AVC, Atria, LV, OFT, RV}",010000,{RV},18,3,0,111111,"{AB, AVC, Atria, LV, OFT, RV}",E8.5-122,7.0,Small
All,1,111111,"{AB, AVC, Atria, LV, OFT, RV}",010000,{RV},18,3,1,111001,"{Atria, LV, OFT, RV}",E8.5-2,82.0,Large
All,1,111111,"{AB, AVC, Atria, LV, OFT, RV}",010000,{RV},18,3,1,111001,"{Atria, LV, OFT, RV}",E8.5-170,142.0,
All,1,111111,"{AB, AVC, Atria, LV, OFT, RV}",010000,{RV},18,3,1,111001,"{Atria, LV, OFT, RV}",E8.5-198,57.0,Large
All,1,111111,"{AB, AVC, Atria, LV, OFT, RV}",010000,{RV},18,3,1,111001,"{Atria, LV, OFT, RV}",E8.5-238,52.0,Large
All,1,111111,"{AB, AVC, Atria, LV, OFT, RV}",010000,{RV},18,3,1,111001,"{Atria, LV, OFT, RV}",E8.5-127,20.0,Small
All,1,111111,"{AB, AVC, Atria, LV, OFT, RV}",010000,{RV},18,3,1,111001,"{Atria, LV, OFT, RV}",E8.5-105,3.0,Small
All,1,111111,"{AB, AVC, Atria, LV, OFT, RV}",010000,{RV},18,3,1,111001,"{Atria, LV, OFT, RV}",E8.5-209,4.0,Small
All,1,111111,"{AB, AVC, Atria, LV, OFT, RV}",010000,{RV},18,3,1,111001,"{Atria, LV, OFT, RV}",E8.5-69,6.0,Small
All,1,111111,"{AB, AVC, Atria, LV, OFT, RV}",010000,{RV},18,3,1,111001,"{Atria, LV, OFT, RV}",E8.5-122,7.0,Small
All,1,111111,"{AB, AVC, Atria, LV, OFT, RV}",010000,{RV},18,3,2,010001,"{Atria, RV}",E8.5-2,82.0,Large
All,1,111111,"{AB, AVC, Atria, LV, OFT, RV}",010000,{RV},18,3,2,010001,"{Atria, RV}",E8.5-170,142.0,
All,1,111111,"{AB, AVC, Atria, LV, OFT, RV}",010000,{RV},18,3,2,010001,"{Atria, RV}",E8.5-198,57.0,Large
All,1,111111,"{AB, AVC, Atria, LV, OFT, RV}",010000,{RV},18,3,2,010001,"{Atria, RV}",E8.5-238,52.0,Large
All,1,111111,"{AB, AVC, Atria, LV, OFT, RV}",010000,{RV},18,3,2,010001,"{Atria, RV}",E8.5-127,20.0,Small
All,1,111111,"{AB, AVC, Atria, LV, OFT, RV}",010000,{RV},18,3,2,010001,"{Atria, RV}",E8.5-105,3.0,Small
All,1,111111,"{AB, AVC, Atria, LV, OFT, RV}",010000,{RV},18,3,2,010001,"{Atria, RV}",E8.5-209,4.0,Small
All,1,111111,"{AB, AVC, Atria, LV, OFT, RV}",010000,{RV},18,3,2,010001,"{Atria, RV}",E8.5-69,6.0,Small
All,1,111111,"{AB, AVC, Atria, LV, OFT, RV}",010000,{RV},18,3,2,010001,"{Atria, RV}",E8.5-122,7.0,Small
All,1,111111,"{AB, AVC, Atria, LV, OFT, RV}",010000,{RV},18,3,3,010000,{RV},E8.5-2,82.0,Large
All,1,111111,"{AB, AVC, Atria, LV, OFT, RV}",010000,{RV},18,3,3,010000,{RV},E8.5-170,142.0,
All,1,111111,"{AB, AVC, Atria, LV, OFT, RV}",010000,{RV},18,3,3,010000,{RV},E8.5-198,57.0,Large
All,1,111111,"{AB, AVC, Atria, LV, OFT, RV}",010000,{RV},18,3,3,010000,{RV},E8.5-238,52.0,Large
All,1,111111,"{AB, AVC, Atria, LV, OFT, RV}",010000,{RV},18,3,3,010000,{RV},E8.5-127,20.0,Small
All,1,111111,"{AB, AVC, Atria, LV, OFT, RV}",010000,{RV},18,3,3,010000,{RV},E8.5-105,3.0,Small
All,1,111111,"{AB, AVC, Atria, LV, OFT, RV}",010000,{RV},18,3,3,010000,{RV},E8.5-209,4.0,Small
All,1,111111,"{AB, AVC, Atria, LV, OFT, RV}",010000,{RV},18,3,3,010000,{RV},E8.5-69,6.0,Small
All,1,111111,"{AB, AVC, Atria, LV, OFT, RV}",010000,{RV},18,3,3,010000,{RV},E8.5-122,7.0,Small
All,1,111111,"{AB, AVC, Atria, LV, OFT, RV}",010000,{RV},19,3,0,111111,"{AB, AVC, Atria, LV, OFT, RV}",E8.5-2,82.0,Large
All,1,111111,"{AB, AVC, Atria, LV, OFT, RV}",010000,{RV},19,3,0,111111,"{AB, AVC, Atria, LV, OFT, RV}",E8.5-170,142.0,
All,1,111111,"{AB, AVC, Atria, LV, OFT, RV}",010000,{RV},19,3,0,111111,"{AB, AVC, Atria, LV, OFT, RV}",E8.5-198,57.0,Large
All,1,111111,"{AB, AVC, Atria, LV, OFT, RV}",010000,{RV},19,3,0,111111,"{AB, AVC, Atria, LV, OFT, RV}",E8.5-181,21.0,Small
All,1,111111,"{AB, AVC, Atria, LV, OFT, RV}",010000,{RV},19,3,0,111111,"{AB, AVC, Atria, LV, OFT, RV}",E8.5-175,24.0,Small
All,1,111111,"{AB, AVC, Atria, LV, OFT, RV}",010000,{RV},19,3,0,111111,"{AB, AVC, Atria, LV, OFT, RV}",E8.5-96,42.0,Large
All,1,111111,"{AB, AVC, Atria, LV, OFT, RV}",010000,{RV},19,3,0,111111,"{AB, AVC, Atria, LV, OFT, RV}",E8.5-105,3.0,Small
All,1,111111,"{AB, AVC, Atria, LV, OFT, RV}",010000,{RV},19,3,0,111111,"{AB, AVC, Atria, LV, OFT, RV}",E8.5-209,4.0,Small
All,1,111111,"{AB, AVC, Atria, LV, OFT, RV}",010000,{RV},19,3,0,111111,"{AB, AVC, Atria, LV, OFT, RV}",E8.5-69,6.0,Small
All,1,111111,"{AB, AVC, Atria, LV, OFT, RV}",010000,{RV},19,3,0,111111,"{AB, AVC, Atria, LV, OFT, RV}",E8.5-122,7.0,Small
All,1,111111,"{AB, AVC, Atria, LV, OFT, RV}",010000,{RV},19,3,1,111001,"{Atria, LV, OFT, RV}",E8.5-2,82.0,Large
All,1,111111,"{AB, AVC, Atria, LV, OFT, RV}",010000,{RV},19,3,1,111001,"{Atria, LV, OFT, RV}",E8.5-170,142.0,
All,1,111111,"{AB, AVC, Atria, LV, OFT, RV}",010000,{RV},19,3,1,111001,"{Atria, LV, OFT, RV}",E8.5-198,57.0,Large
All,1,111111,"{AB, AVC, Atria, LV, OFT, RV}",010000,{RV},19,3,1,111001,"{Atria, LV, OFT, RV}",E8.5-181,21.0,Small
All,1,111111,"{AB, AVC, Atria, LV, OFT, RV}",010000,{RV},19,3,1,111001,"{Atria, LV, OFT, RV}",E8.5-175,24.0,Small
All,1,111111,"{AB, AVC, Atria, LV, OFT, RV}",010000,{RV},19,3,1,111001,"{Atria, LV, OFT, RV}",E8.5-96,42.0,Large
All,1,111111,"{AB, AVC, Atria, LV, OFT, RV}",010000,{RV},19,3,1,111001,"{Atria, LV, OFT, RV}",E8.5-105,3.0,Small
All,1,111111,"{AB, AVC, Atria, LV, OFT, RV}",010000,{RV},19,3,1,111001,"{Atria, LV, OFT, RV}",E8.5-209,4.0,Small
All,1,111111,"{AB, AVC, Atria, LV, OFT, RV}",010000,{RV},19,3,1,111001,"{Atria, LV, OFT, RV}",E8.5-69,6.0,Small
All,1,111111,"{AB, AVC, Atria, LV, OFT, RV}",010000,{RV},19,3,1,111001,"{Atria, LV, OFT, RV}",E8.5-122,7.0,Small
All,1,111111,"{AB, AVC, Atria, LV, OFT, RV}",010000,{RV},19,3,2,011000,"{LV, RV}",E8.5-2,82.0,Large
All,1,111111,"{AB, AVC, Atria, LV, OFT, RV}",010000,{RV},19,3,2,011000,"{LV, RV}",E8.5-170,142.0,
All,1,111111,"{AB, AVC, Atria, LV, OFT, RV}",010000,{RV},19,3,2,011000,"{LV, RV}",E8.5-198,57.0,Large
All,1,111111,"{AB, AVC, Atria, LV, OFT, RV}",010000,{RV},19,3,2,011000,"{LV, RV}",E8.5-181,21.0,Small
All,1,111111,"{AB, AVC, Atria, LV, OFT, RV}",010000,{RV},19,3,2,011000,"{LV, RV}",E8.5-175,24.0,Small
All,1,111111,"{AB, AVC, Atria, LV, OFT, RV}",010000,{RV},19,3,2,011000,"{LV, RV}",E8.5-96,42.0,Large
All,1,111111,"{AB, AVC, Atria, LV, OFT, RV}",010000,{RV},19,3,2,011000,"{LV, RV}",E8.5-105,3.0,Small
All,1,111111,"{AB, AVC, Atria, LV, OFT, RV}",010000,{RV},19,3,2,011000,"{LV, RV}",E8.5-209,4.0,Small
All,1,111111,"{AB, AVC, Atria, LV, OFT, RV}",010000,{RV},19,3,2,011000,"{LV, RV}",E8.5-69,6.0,Small
All,1,111111,"{AB, AVC, Atria, LV, OFT, RV}",010000,{RV},19,3,2,011000,"{LV, RV}",E8.5-122,7.0,Small
All,1,111111,"{AB, AVC, Atria, LV, OFT, RV}",010000,{RV},19,3,3,010000,{RV},E8.5-2,82.0,Large
All,1,111111,"{AB, AVC, Atria, LV, OFT, RV}",010000,{RV},19,3,3,010000,{RV},E8.5-170,142.0,
All,1,111111,"{AB, AVC, Atria, LV, OFT, RV}",010000,{RV},19,3,3,010000,{RV},E8.5-198,57.0,Large
All,1,111111,"{AB, AVC, Atria, LV, OFT, RV}",010000,{RV},19,3,3,010000,{RV},E8.5-181,21.0,Small
All,1,111111,"{AB, AVC, Atria, LV, OFT, RV}",010000,{RV},19,3,3,010000,{RV},E8.5-175,24.0,Small
All,1,111111,"{AB, AVC, Atria, LV, OFT, RV}",010000,{RV},19,3,3,010000,{RV},E8.5-96,42.0,Large
All,1,111111,"{AB, AVC, Atria, LV, OFT, RV}",010000,{RV},19,3,3,010000,{RV},E8.5-105,3.0,Small
All,1,111111,"{AB, AVC, Atria, LV, OFT, RV}",010000,{RV},19,3,3,010000,{RV},E8.5-209,4.0,Small
All,1,111111,"{AB, AVC, Atria, LV, OFT, RV}",010000,{RV},19,3,3,010000,{RV},E8.5-69,6.0,Small
All,1,111111,"{AB, AVC, Atria, LV, OFT, RV}",010000,{RV},19,3,3,010000,{RV},E8.5-122,7.0,Small
All,1,111111,"{AB, AVC, Atria, LV, OFT, RV}",010000,{RV},20,3,0,111111,"{AB, AVC, Atria, LV, OFT, RV}",E8.5-2,82.0,Large
All,1,111111,"{AB, AVC, Atria, LV, OFT, RV}",010000,{RV},20,3,0,111111,"{AB, AVC, Atria, LV, OFT, RV}",E8.5-170,142.0,
All,1,111111,"{AB, AVC, Atria, LV, OFT, RV}",010000,{RV},20,3,0,111111,"{AB, AVC, Atria, LV, OFT, RV}",E8.5-198,57.0,Large
All,1,111111,"{AB, AVC, Atria, LV, OFT, RV}",010000,{RV},20,3,0,111111,"{AB, AVC, Atria, LV, OFT, RV}",E8.5-43,7.0,Small
All,1,111111,"{AB, AVC, Atria, LV, OFT, RV}",010000,{RV},20,3,0,111111,"{AB, AVC, Atria, LV, OFT, RV}",E8.5-165,11.0,Small
All,1,111111,"{AB, AVC, Atria, LV, OFT, RV}",010000,{RV},20,3,0,111111,"{AB, AVC, Atria, LV, OFT, RV}",E8.5-13,13.0,Small
All,1,111111,"{AB, AVC, Atria, LV, OFT, RV}",010000,{RV},20,3,0,111111,"{AB, AVC, Atria, LV, OFT, RV}",E8.5-145,13.0,Small
All,1,111111,"{AB, AVC, Atria, LV, OFT, RV}",010000,{RV},20,3,0,111111,"{AB, AVC, Atria, LV, OFT, RV}",E8.5-185,18.0,Small
All,1,111111,"{AB, AVC, Atria, LV, OFT, RV}",010000,{RV},20,3,0,111111,"{AB, AVC, Atria, LV, OFT, RV}",E8.5-163,19.0,Small
All,1,111111,"{AB, AVC, Atria, LV, OFT, RV}",010000,{RV},20,3,0,111111,"{AB, AVC, Atria, LV, OFT, RV}",E8.5-184,20.0,Small
All,1,111111,"{AB, AVC, Atria, LV, OFT, RV}",010000,{RV},20,3,0,111111,"{AB, AVC, Atria, LV, OFT, RV}",E8.5-4,20.0,Small
All,1,111111,"{AB, AVC, Atria, LV, OFT, RV}",010000,{RV},20,3,0,111111,"{AB, AVC, Atria, LV, OFT, RV}",E8.5-85,24.0,Small
All,1,111111,"{AB, AVC, Atria, LV, OFT, RV}",010000,{RV},20,3,0,111111,"{AB, AVC, Atria, LV, OFT, RV}",E8.5-128,54.0,Large
All,1,111111,"{AB, AVC, Atria, LV, OFT, RV}",010000,{RV},20,3,0,111111,"{AB, AVC, Atria, LV, OFT, RV}",E8.5-105,3.0,Small
All,1,111111,"{AB, AVC, Atria, LV, OFT, RV}",010000,{RV},20,3,0,111111,"{AB, AVC, Atria, LV, OFT, RV}",E8.5-209,4.0,Small
All,1,111111,"{AB, AVC, Atria, LV, OFT, RV}",010000,{RV},20,3,0,111111,"{AB, AVC, Atria, LV, OFT, RV}",E8.5-69,6.0,Small
All,1,111111,"{AB, AVC, Atria, LV, OFT, RV}",010000,{RV},20,3,0,111111,"{AB, AVC, Atria, LV, OFT, RV}",E8.5-122,7.0,Small
All,1,111111,"{AB, AVC, Atria, LV, OFT, RV}",010000,{RV},20,3,1,111001,"{Atria, LV, OFT, RV}",E8.5-2,82.0,Large
All,1,111111,"{AB, AVC, Atria, LV, OFT, RV}",010000,{RV},20,3,1,111001,"{Atria, LV, OFT, RV}",E8.5-170,142.0,
All,1,111111,"{AB, AVC, Atria, LV, OFT, RV}",010000,{RV},20,3,1,111001,"{Atria, LV, OFT, RV}",E8.5-198,57.0,Large
All,1,111111,"{AB, AVC, Atria, LV, OFT, RV}",010000,{RV},20,3,1,111001,"{Atria, LV, OFT, RV}",E8.5-43,7.0,Small
All,1,111111,"{AB, AVC, Atria, LV, OFT, RV}",010000,{RV},20,3,1,111001,"{Atria, LV, OFT, RV}",E8.5-165,11.0,Small
All,1,111111,"{AB, AVC, Atria, LV, OFT, RV}",010000,{RV},20,3,1,111001,"{Atria, LV, OFT, RV}",E8.5-13,13.0,Small
All,1,111111,"{AB, AVC, Atria, LV, OFT, RV}",010000,{RV},20,3,1,111001,"{Atria, LV, OFT, RV}",E8.5-145,13.0,Small
All,1,111111,"{AB, AVC, Atria, LV, OFT, RV}",010000,{RV},20,3,1,111001,"{Atria, LV, OFT, RV}",E8.5-185,18.0,Small
All,1,111111,"{AB, AVC, Atria, LV, OFT, RV}",010000,{RV},20,3,1,111001,"{Atria, LV, OFT, RV}",E8.5-163,19.0,Small
All,1,111111,"{AB, AVC, Atria, LV, OFT, RV}",010000,{RV},20,3,1,111001,"{Atria, LV, OFT, RV}",E8.5-184,20.0,Small
All,1,111111,"{AB, AVC, Atria, LV, OFT, RV}",010000,{RV},20,3,1,111001,"{Atria, LV, OFT, RV}",E8.5-4,20.0,Small
All,1,111111,"{AB, AVC, Atria, LV, OFT, RV}",010000,{RV},20,3,1,111001,"{Atria, LV, OFT, RV}",E8.5-85,24.0,Small
All,1,111111,"{AB, AVC, Atria, LV, OFT, RV}",010000,{RV},20,3,1,111001,"{Atria, LV, OFT, RV}",E8.5-128,54.0,Large
All,1,111111,"{AB, AVC, Atria, LV, OFT, RV}",010000,{RV},20,3,1,111001,"{Atria, LV, OFT, RV}",E8.5-105,3.0,Small
All,1,111111,"{AB, AVC, Atria, LV, OFT, RV}",010000,{RV},20,3,1,111001,"{Atria, LV, OFT, RV}",E8.5-209,4.0,Small
All,1,111111,"{AB, AVC, Atria, LV, OFT, RV}",010000,{RV},20,3,1,111001,"{Atria, LV, OFT, RV}",E8.5-69,6.0,Small
All,1,111111,"{AB, AVC, Atria, LV, OFT, RV}",010000,{RV},20,3,1,111001,"{Atria, LV, OFT, RV}",E8.5-122,7.0,Small
All,1,111111,"{AB, AVC, Atria, LV, OFT, RV}",010000,{RV},20,3,2,110000,"{OFT, RV}",E8.5-2,82.0,Large
All,1,111111,"{AB, AVC, Atria, LV, OFT, RV}",010000,{RV},20,3,2,110000,"{OFT, RV}",E8.5-170,142.0,
All,1,111111,"{AB, AVC, Atria, LV, OFT, RV}",010000,{RV},20,3,2,110000,"{OFT, RV}",E8.5-198,57.0,Large
All,1,111111,"{AB, AVC, Atria, LV, OFT, RV}",010000,{RV},20,3,2,110000,"{OFT, RV}",E8.5-43,7.0,Small
All,1,111111,"{AB, AVC, Atria, LV, OFT, RV}",010000,{RV},20,3,2,110000,"{OFT, RV}",E8.5-165,11.0,Small
All,1,111111,"{AB, AVC, Atria, LV, OFT, RV}",010000,{RV},20,3,2,110000,"{OFT, RV}",E8.5-13,13.0,Small
All,1,111111,"{AB, AVC, Atria, LV, OFT, RV}",010000,{RV},20,3,2,110000,"{OFT, RV}",E8.5-145,13.0,Small
All,1,111111,"{AB, AVC, Atria, LV, OFT, RV}",010000,{RV},20,3,2,110000,"{OFT, RV}",E8.5-185,18.0,Small
All,1,111111,"{AB, AVC, Atria, LV, OFT, RV}",010000,{RV},20,3,2,110000,"{OFT, RV}",E8.5-163,19.0,Small
All,1,111111,"{AB, AVC, Atria, LV, OFT, RV}",010000,{RV},20,3,2,110000,"{OFT, RV}",E8.5-184,20.0,Small
All,1,111111,"{AB, AVC, Atria, LV, OFT, RV}",010000,{RV},20,3,2,110000,"{OFT, RV}",E8.5-4,20.0,Small
All,1,111111,"{AB, AVC, Atria, LV, OFT, RV}",010000,{RV},20,3,2,110000,"{OFT, RV}",E8.5-85,24.0,Small
All,1,111111,"{AB, AVC, Atria, LV, OFT, RV}",010000,{RV},20,3,2,110000,"{OFT, RV}",E8.5-128,54.0,Large
All,1,111111,"{AB, AVC, Atria, LV, OFT, RV}",010000,{RV},20,3,2,110000,"{OFT, RV}",E8.5-105,3.0,Small
All,1,111111,"{AB, AVC, Atria, LV, OFT, RV}",010000,{RV},20,3,2,110000,"{OFT, RV}",E8.5-209,4.0,Small
All,1,111111,"{AB, AVC, Atria, LV, OFT, RV}",010000,{RV},20,3,2,110000,"{OFT, RV}",E8.5-69,6.0,Small
All,1,111111,"{AB, AVC, Atria, LV, OFT, RV}",010000,{RV},20,3,2,110000,"{OFT, RV}",E8.5-122,7.0,Small
All,1,111111,"{AB, AVC, Atria, LV, OFT, RV}",010000,{RV},20,3,3,010000,{RV},E8.5-2,82.0,Large
All,1,111111,"{AB, AVC, Atria, LV, OFT, RV}",010000,{RV},20,3,3,010000,{RV},E8.5-170,142.0,
All,1,111111,"{AB, AVC, Atria, LV, OFT, RV}",010000,{RV},20,3,3,010000,{RV},E8.5-198,57.0,Large
All,1,111111,"{AB, AVC, Atria, LV, OFT, RV}",010000,{RV},20,3,3,010000,{RV},E8.5-43,7.0,Small
All,1,111111,"{AB, AVC, Atria, LV, OFT, RV}",010000,{RV},20,3,3,010000,{RV},E8.5-165,11.0,Small
All,1,111111,"{AB, AVC, Atria, LV, OFT, RV}",010000,{RV},20,3,3,010000,{RV},E8.5-13,13.0,Small
All,1,111111,"{AB, AVC, Atria, LV, OFT, RV}",010000,{RV},20,3,3,010000,{RV},E8.5-145,13.0,Small
All,1,111111,"{AB, AVC, Atria, LV, OFT, RV}",010000,{RV},20,3,3,010000,{RV},E8.5-185,18.0,Small
All,1,111111,"{AB, AVC, Atria, LV, OFT, RV}",010000,{RV},20,3,3,010000,{RV},E8.5-163,19.0,Small
All,1,111111,"{AB, AVC, Atria, LV, OFT, RV}",010000,{RV},20,3,3,010000,{RV},E8.5-184,20.0,Small
All,1,111111,"{AB, AVC, Atria, LV, OFT, RV}",010000,{RV},20,3,3,010000,{RV},E8.5-4,20.0,Small
All,1,111111,"{AB, AVC, Atria, LV, OFT, RV}",010000,{RV},20,3,3,010000,{RV},E8.5-85,24.0,Small
All,1,111111,"{AB, AVC, Atria, LV, OFT, RV}",010000,{RV},20,3,3,010000,{RV},E8.5-128,54.0,Large
All,1,111111,"{AB, AVC, Atria, LV, OFT, RV}",010000,{RV},20,3,3,010000,{RV},E8.5-105,3.0,Small
All,1,111111,"{AB, AVC, Atria, LV, OFT, RV}",010000,{RV},20,3,3,010000,{RV},E8.5-209,4.0,Small
All,1,111111,"{AB, AVC, Atria, LV, OFT, RV}",010000,{RV},20,3,3,010000,{RV},E8.5-69,6.0,Small
All,1,111111,"{AB, AVC, Atria, LV, OFT, RV}",010000,{RV},20,3,3,010000,{RV},E8.5-122,7.0,Small
All,1,100110,"{AB, AVC, OFT}",000010,{AB},1,2,0,100110,"{AB, AVC, OFT}",E8.5-200,22.0,Small
All,1,100110,"{AB, AVC, OFT}",000010,{AB},1,2,0,100110,"{AB, AVC, OFT}",E8.5-66,8.0,Small
All,1,100110,"{AB, AVC, OFT}",000010,{AB},1,2,0,100110,"{AB, AVC, OFT}",E8.5-135,9.0,Small
All,1,100110,"{AB, AVC, OFT}",000010,{AB},1,2,0,100110,"{AB, AVC, OFT}",E8.5-117,19.0,Small
All,1,100110,"{AB, AVC, OFT}",000010,{AB},1,2,0,100110,"{AB, AVC, OFT}",E8.5-49,31.0,Large
All,1,100110,"{AB, AVC, OFT}",000010,{AB},1,2,0,100110,"{AB, AVC, OFT}",E8.5-194,4.0,Small
All,1,100110,"{AB, AVC, OFT}",000010,{AB},1,2,0,100110,"{AB, AVC, OFT}",E8.5-137,4.0,Small
All,1,100110,"{AB, AVC, OFT}",000010,{AB},1,2,0,100110,"{AB, AVC, OFT}",E8.5-32,5.0,Small
All,1,100110,"{AB, AVC, OFT}",000010,{AB},1,2,0,100110,"{AB, AVC, OFT}",E8.5-79,10.0,Small
All,1,100110,"{AB, AVC, OFT}",000010,{AB},1,2,0,100110,"{AB, AVC, OFT}",E8.5-63,4.0,Small
All,1,100110,"{AB, AVC, OFT}",000010,{AB},1,2,1,000110,"{AB, AVC}",E8.5-200,22.0,Small
All,1,100110,"{AB, AVC, OFT}",000010,{AB},1,2,1,000110,"{AB, AVC}",E8.5-66,8.0,Small
All,1,100110,"{AB, AVC, OFT}",000010,{AB},1,2,1,000110,"{AB, AVC}",E8.5-135,9.0,Small
All,1,100110,"{AB, AVC, OFT}",000010,{AB},1,2,1,000110,"{AB, AVC}",E8.5-117,19.0,Small
All,1,100110,"{AB, AVC, OFT}",000010,{AB},1,2,1,000110,"{AB, AVC}",E8.5-49,31.0,Large
All,1,100110,"{AB, AVC, OFT}",000010,{AB},1,2,1,000110,"{AB, AVC}",E8.5-194,4.0,Small
All,1,100110,"{AB, AVC, OFT}",000010,{AB},1,2,1,000110,"{AB, AVC}",E8.5-137,4.0,Small
All,1,100110,"{AB, AVC, OFT}",000010,{AB},1,2,1,000110,"{AB, AVC}",E8.5-32,5.0,Small
All,1,100110,"{AB, AVC, OFT}",000010,{AB},1,2,1,000110,"{AB, AVC}",E8.5-79,10.0,Small
All,1,100110,"{AB, AVC, OFT}",000010,{AB},1,2,1,000110,"{AB, AVC}",E8.5-63,4.0,Small
All,1,100110,"{AB, AVC, OFT}",000010,{AB},1,2,2,000010,{AB},E8.5-200,22.0,Small
All,1,100110,"{AB, AVC, OFT}",000010,{AB},1,2,2,000010,{AB},E8.5-66,8.0,Small
All,1,100110,"{AB, AVC, OFT}",000010,{AB},1,2,2,000010,{AB},E8.5-135,9.0,Small
All,1,100110,"{AB, AVC, OFT}",000010,{AB},1,2,2,000010,{AB},E8.5-117,19.0,Small
All,1,100110,"{AB, AVC, OFT}",000010,{AB},1,2,2,000010,{AB},E8.5-49,31.0,Large
All,1,100110,"{AB, AVC, OFT}",000010,{AB},1,2,2,000010,{AB},E8.5-194,4.0,Small
All,1,100110,"{AB, AVC, OFT}",000010,{AB},1,2,2,000010,{AB},E8.5-137,4.0,Small
All,1,100110,"{AB, AVC, OFT}",000010,{AB},1,2,2,000010,{AB},E8.5-32,5.0,Small
All,1,100110,"{AB, AVC, OFT}",000010,{AB},1,2,2,000010,{AB},E8.5-79,10.0,Small
All,1,100110,"{AB, AVC, OFT}",000010,{AB},1,2,2,000010,{AB},E8.5-63,4.0,Small
All,1,100110,"{AB, AVC, OFT}",000010,{AB},2,1,0,100110,"{AB, AVC, OFT}",E8.5-200,22.0,Small
All,1,100110,"{AB, AVC, OFT}",000010,{AB},2,1,0,100110,"{AB, AVC, OFT}",E8.5-194,4.0,Small
All,1,100110,"{AB, AVC, OFT}",000010,{AB},2,1,0,100110,"{AB, AVC, OFT}",E8.5-137,4.0,Small
All,1,100110,"{AB, AVC, OFT}",000010,{AB},2,1,0,100110,"{AB, AVC, OFT}",E8.5-32,5.0,Small
All,1,100110,"{AB, AVC, OFT}",000010,{AB},2,1,0,100110,"{AB, AVC, OFT}",E8.5-79,10.0,Small
All,1,100110,"{AB, AVC, OFT}",000010,{AB},2,1,0,100110,"{AB, AVC, OFT}",E8.5-63,4.0,Small
All,1,100110,"{AB, AVC, OFT}",000010,{AB},2,1,1,000010,{AB},E8.5-200,22.0,Small
All,1,100110,"{AB, AVC, OFT}",000010,{AB},2,1,1,000010,{AB},E8.5-194,4.0,Small
All,1,100110,"{AB, AVC, OFT}",000010,{AB},2,1,1,000010,{AB},E8.5-137,4.0,Small
All,1,100110,"{AB, AVC, OFT}",000010,{AB},2,1,1,000010,{AB},E8.5-32,5.0,Small
All,1,100110,"{AB, AVC, OFT}",000010,{AB},2,1,1,000010,{AB},E8.5-79,10.0,Small
All,1,100110,"{AB, AVC, OFT}",000010,{AB},2,1,1,000010,{AB},E8.5-63,4.0,Small
All,1,100110,"{AB, AVC, OFT}",000100,{AVC},1,2,0,100110,"{AB, AVC, OFT}",E8.5-200,22.0,Small
All,1,100110,"{AB, AVC, OFT}",000100,{AVC},1,2,0,100110,"{AB, AVC, OFT}",E8.5-66,8.0,Small
All,1,100110,"{AB, AVC, OFT}",000100,{AVC},1,2,0,100110,"{AB, AVC, OFT}",E8.5-135,9.0,Small
All,1,100110,"{AB, AVC, OFT}",000100,{AVC},1,2,0,100110,"{AB, AVC, OFT}",E8.5-117,19.0,Small
All,1,100110,"{AB, AVC, OFT}",000100,{AVC},1,2,0,100110,"{AB, AVC, OFT}",E8.5-49,31.0,Large
All,1,100110,"{AB, AVC, OFT}",000100,{AVC},1,2,0,100110,"{AB, AVC, OFT}",E8.5-106,4.0,Small
All,1,100110,"{AB, AVC, OFT}",000100,{AVC},1,2,0,100110,"{AB, AVC, OFT}",E8.5-29,8.0,Small
All,1,100110,"{AB, AVC, OFT}",000100,{AVC},1,2,1,000110,"{AB, AVC}",E8.5-200,22.0,Small
All,1,100110,"{AB, AVC, OFT}",000100,{AVC},1,2,1,000110,"{AB, AVC}",E8.5-66,8.0,Small
All,1,100110,"{AB, AVC, OFT}",000100,{AVC},1,2,1,000110,"{AB, AVC}",E8.5-135,9.0,Small
All,1,100110,"{AB, AVC, OFT}",000100,{AVC},1,2,1,000110,"{AB, AVC}",E8.5-117,19.0,Small
All,1,100110,"{AB, AVC, OFT}",000100,{AVC},1,2,1,000110,"{AB, AVC}",E8.5-49,31.0,Large
All,1,100110,"{AB, AVC, OFT}",000100,{AVC},1,2,1,000110,"{AB, AVC}",E8.5-106,4.0,Small
All,1,100110,"{AB, AVC, OFT}",000100,{AVC},1,2,1,000110,"{AB, AVC}",E8.5-29,8.0,Small
All,1,100110,"{AB, AVC, OFT}",000100,{AVC},1,2,2,000100,{AVC},E8.5-200,22.0,Small
All,1,100110,"{AB, AVC, OFT}",000100,{AVC},1,2,2,000100,{AVC},E8.5-66,8.0,Small
All,1,100110,"{AB, AVC, OFT}",000100,{AVC},1,2,2,000100,{AVC},E8.5-135,9.0,Small
All,1,100110,"{AB, AVC, OFT}",000100,{AVC},1,2,2,000100,{AVC},E8.5-117,19.0,Small
All,1,100110,"{AB, AVC, OFT}",000100,{AVC},1,2,2,000100,{AVC},E8.5-49,31.0,Large
All,1,100110,"{AB, AVC, OFT}",000100,{AVC},1,2,2,000100,{AVC},E8.5-106,4.0,Small
All,1,100110,"{AB, AVC, OFT}",000100,{AVC},1,2,2,000100,{AVC},E8.5-29,8.0,Small
All,1,100110,"{AB, AVC, OFT}",000100,{AVC},2,1,0,100110,"{AB, AVC, OFT}",E8.5-200,22.0,Small
All,1,100110,"{AB, AVC, OFT}",000100,{AVC},2,1,0,100110,"{AB, AVC, OFT}",E8.5-106,4.0,Small
All,1,100110,"{AB, AVC, OFT}",000100,{AVC},2,1,0,100110,"{AB, AVC, OFT}",E8.5-29,8.0,Small
All,1,100110,"{AB, AVC, OFT}",000100,{AVC},2,1,1,000100,{AVC},E8.5-200,22.0,Small
All,1,100110,"{AB, AVC, OFT}",000100,{AVC},2,1,1,000100,{AVC},E8.5-106,4.0,Small
All,1,100110,"{AB, AVC, OFT}",000100,{AVC},2,1,1,000100,{AVC},E8.5-29,8.0,Small
All,1,100110,"{AB, AVC, OFT}",100000,{OFT},1,1,0,100110,"{AB, AVC, OFT}",E8.5-200,22.0,Small
All,1,100110,"{AB, AVC, OFT}",100000,{OFT},1,1,0,100110,"{AB, AVC, OFT}",E8.5-171,3.0,Small
All,1,100110,"{AB, AVC, OFT}",100000,{OFT},1,1,0,100110,"{AB, AVC, OFT}",E8.5-236,5.0,Small
All,1,100110,"{AB, AVC, OFT}",100000,{OFT},1,1,0,100110,"{AB, AVC, OFT}",E8.5-17,6.0,Small
All,1,100110,"{AB, AVC, OFT}",100000,{OFT},1,1,0,100110,"{AB, AVC, OFT}",E8.5-199,6.0,Small
All,1,100110,"{AB, AVC, OFT}",100000,{OFT},1,1,0,100110,"{AB, AVC, OFT}",E8.5-78,6.0,Small
All,1,100110,"{AB, AVC, OFT}",100000,{OFT},1,1,0,100110,"{AB, AVC, OFT}",E8.5-220,7.0,Small
All,1,100110,"{AB, AVC, OFT}",100000,{OFT},1,1,0,100110,"{AB, AVC, OFT}",E8.5-10,10.0,Small
All,1,100110,"{AB, AVC, OFT}",100000,{OFT},1,1,1,100000,{OFT},E8.5-200,22.0,Small
All,1,100110,"{AB, AVC, OFT}",100000,{OFT},1,1,1,100000,{OFT},E8.5-171,3.0,Small
All,1,100110,"{AB, AVC, OFT}",100000,{OFT},1,1,1,100000,{OFT},E8.5-236,5.0,Small
All,1,100110,"{AB, AVC, OFT}",100000,{OFT},1,1,1,100000,{OFT},E8.5-17,6.0,Small
All,1,100110,"{AB, AVC, OFT}",100000,{OFT},1,1,1,100000,{OFT},E8.5-199,6.0,Small
All,1,100110,"{AB, AVC, OFT}",100000,{OFT},1,1,1,100000,{OFT},E8.5-78,6.0,Small
All,1,100110,"{AB, AVC, OFT}",100000,{OFT},1,1,1,100000,{OFT},E8.5-220,7.0,Small
All,1,100110,"{AB, AVC, OFT}",100000,{OFT},1,1,1,100000,{OFT},E8.5-10,10.0,Small
All,1,001011,"{AB, Atria, LV}",000010,{AB},1,2,0,001011,"{AB, Atria, LV}",E8.5-139,75.0,Large
All,1,001011,"{AB, Atria, LV}",000010,{AB},1,2,0,001011,"{AB, Atria, LV}",E8.5-15,12.0,Small
All,1,001011,"{AB, Atria, LV}",000010,{AB},1,2,0,001011,"{AB, Atria, LV}",E8.5-144,20.0,Small
All,1,001011,"{AB, Atria, LV}",000010,{AB},1,2,0,001011,"{AB, Atria, LV}",E8.5-227,30.0,Small
All,1,001011,"{AB, Atria, LV}",000010,{AB},1,2,0,001011,"{AB, Atria, LV}",E8.5-194,4.0,Small
All,1,001011,"{AB, Atria, LV}",000010,{AB},1,2,0,001011,"{AB, Atria, LV}",E8.5-137,4.0,Small
All,1,001011,"{AB, Atria, LV}",000010,{AB},1,2,0,001011,"{AB, Atria, LV}",E8.5-32,5.0,Small
All,1,001011,"{AB, Atria, LV}",000010,{AB},1,2,0,001011,"{AB, Atria, LV}",E8.5-79,10.0,Small
All,1,001011,"{AB, Atria, LV}",000010,{AB},1,2,0,001011,"{AB, Atria, LV}",E8.5-63,4.0,Small
All,1,001011,"{AB, Atria, LV}",000010,{AB},1,2,1,000011,"{AB, Atria}",E8.5-139,75.0,Large
All,1,001011,"{AB, Atria, LV}",000010,{AB},1,2,1,000011,"{AB, Atria}",E8.5-15,12.0,Small
All,1,001011,"{AB, Atria, LV}",000010,{AB},1,2,1,000011,"{AB, Atria}",E8.5-144,20.0,Small
All,1,001011,"{AB, Atria, LV}",000010,{AB},1,2,1,000011,"{AB, Atria}",E8.5-227,30.0,Small
All,1,001011,"{AB, Atria, LV}",000010,{AB},1,2,1,000011,"{AB, Atria}",E8.5-194,4.0,Small
All,1,001011,"{AB, Atria, LV}",000010,{AB},1,2,1,000011,"{AB, Atria}",E8.5-137,4.0,Small
All,1,001011,"{AB, Atria, LV}",000010,{AB},1,2,1,000011,"{AB, Atria}",E8.5-32,5.0,Small
All,1,001011,"{AB, Atria, LV}",000010,{AB},1,2,1,000011,"{AB, Atria}",E8.5-79,10.0,Small
All,1,001011,"{AB, Atria, LV}",000010,{AB},1,2,1,000011,"{AB, Atria}",E8.5-63,4.0,Small
All,1,001011,"{AB, Atria, LV}",000010,{AB},1,2,2,000010,{AB},E8.5-139,75.0,Large
All,1,001011,"{AB, Atria, LV}",000010,{AB},1,2,2,000010,{AB},E8.5-15,12.0,Small
All,1,001011,"{AB, Atria, LV}",000010,{AB},1,2,2,000010,{AB},E8.5-144,20.0,Small
All,1,001011,"{AB, Atria, LV}",000010,{AB},1,2,2,000010,{AB},E8.5-227,30.0,Small
All,1,001011,"{AB, Atria, LV}",000010,{AB},1,2,2,000010,{AB},E8.5-194,4.0,Small
All,1,001011,"{AB, Atria, LV}",000010,{AB},1,2,2,000010,{AB},E8.5-137,4.0,Small
All,1,001011,"{AB, Atria, LV}",000010,{AB},1,2,2,000010,{AB},E8.5-32,5.0,Small
All,1,001011,"{AB, Atria, LV}",000010,{AB},1,2,2,000010,{AB},E8.5-79,10.0,Small
All,1,001011,"{AB, Atria, LV}",000010,{AB},1,2,2,000010,{AB},E8.5-63,4.0,Small
All,1,001011,"{AB, Atria, LV}",000010,{AB},2,1,0,001011,"{AB, Atria, LV}",E8.5-139,75.0,Large
All,1,001011,"{AB, Atria, LV}",000010,{AB},2,1,0,001011,"{AB, Atria, LV}",E8.5-194,4.0,Small
All,1,001011,"{AB, Atria, LV}",000010,{AB},2,1,0,001011,"{AB, Atria, LV}",E8.5-137,4.0,Small
All,1,001011,"{AB, Atria, LV}",000010,{AB},2,1,0,001011,"{AB, Atria, LV}",E8.5-32,5.0,Small
All,1,001011,"{AB, Atria, LV}",000010,{AB},2,1,0,001011,"{AB, Atria, LV}",E8.5-79,10.0,Small
All,1,001011,"{AB, Atria, LV}",000010,{AB},2,1,0,001011,"{AB, Atria, LV}",E8.5-63,4.0,Small
All,1,001011,"{AB, Atria, LV}",000010,{AB},2,1,1,000010,{AB},E8.5-139,75.0,Large
All,1,001011,"{AB, Atria, LV}",000010,{AB},2,1,1,000010,{AB},E8.5-194,4.0,Small
All,1,001011,"{AB, Atria, LV}",000010,{AB},2,1,1,000010,{AB},E8.5-137,4.0,Small
All,1,001011,"{AB, Atria, LV}",000010,{AB},2,1,1,000010,{AB},E8.5-32,5.0,Small
All,1,001011,"{AB, Atria, LV}",000010,{AB},2,1,1,000010,{AB},E8.5-79,10.0,Small
All,1,001011,"{AB, Atria, LV}",000010,{AB},2,1,1,000010,{AB},E8.5-63,4.0,Small
All,1,001011,"{AB, Atria, LV}",000001,{Atria},1,2,0,001011,"{AB, Atria, LV}",E8.5-139,75.0,Large
All,1,001011,"{AB, Atria, LV}",000001,{Atria},1,2,0,001011,"{AB, Atria, LV}",E8.5-15,12.0,Small
All,1,001011,"{AB, Atria, LV}",000001,{Atria},1,2,0,001011,"{AB, Atria, LV}",E8.5-144,20.0,Small
All,1,001011,"{AB, Atria, LV}",000001,{Atria},1,2,0,001011,"{AB, Atria, LV}",E8.5-227,30.0,Small
All,1,001011,"{AB, Atria, LV}",000001,{Atria},1,2,0,001011,"{AB, Atria, LV}",E8.5-178,4.0,Small
All,1,001011,"{AB, Atria, LV}",000001,{Atria},1,2,0,001011,"{AB, Atria, LV}",E8.5-146,4.0,Small
All,1,001011,"{AB, Atria, LV}",000001,{Atria},1,2,0,001011,"{AB, Atria, LV}",E8.5-21,5.0,Small
All,1,001011,"{AB, Atria, LV}",000001,{Atria},1,2,0,001011,"{AB, Atria, LV}",E8.5-224,6.0,Small
All,1,001011,"{AB, Atria, LV}",000001,{Atria},1,2,0,001011,"{AB, Atria, LV}",E8.5-6,7.0,Small
All,1,001011,"{AB, Atria, LV}",000001,{Atria},1,2,0,001011,"{AB, Atria, LV}",E8.5-7,7.0,Small
All,1,001011,"{AB, Atria, LV}",000001,{Atria},1,2,0,001011,"{AB, Atria, LV}",E8.5-116,8.0,Small
All,1,001011,"{AB, Atria, LV}",000001,{Atria},1,2,0,001011,"{AB, Atria, LV}",E8.5-172,8.0,Small
All,1,001011,"{AB, Atria, LV}",000001,{Atria},1,2,0,001011,"{AB, Atria, LV}",E8.5-193,10.0,Small
All,1,001011,"{AB, Atria, LV}",000001,{Atria},1,2,0,001011,"{AB, Atria, LV}",E8.5-20,16.0,Small
All,1,001011,"{AB, Atria, LV}",000001,{Atria},1,2,0,001011,"{AB, Atria, LV}",E8.5-138,16.0,Small
All,1,001011,"{AB, Atria, LV}",000001,{Atria},1,2,0,001011,"{AB, Atria, LV}",E8.5-110,17.0,Small
All,1,001011,"{AB, Atria, LV}",000001,{Atria},1,2,0,001011,"{AB, Atria, LV}",E8.5-221,20.0,Small
All,1,001011,"{AB, Atria, LV}",000001,{Atria},1,2,0,001011,"{AB, Atria, LV}",E8.5-16,25.0,Small
All,1,001011,"{AB, Atria, LV}",000001,{Atria},1,2,0,001011,"{AB, Atria, LV}",E8.5-201,42.0,Large
All,1,001011,"{AB, Atria, LV}",000001,{Atria},1,2,1,000011,"{AB, Atria}",E8.5-139,75.0,Large
All,1,001011,"{AB, Atria, LV}",000001,{Atria},1,2,1,000011,"{AB, Atria}",E8.5-15,12.0,Small
All,1,001011,"{AB, Atria, LV}",000001,{Atria},1,2,1,000011,"{AB, Atria}",E8.5-144,20.0,Small
All,1,001011,"{AB, Atria, LV}",000001,{Atria},1,2,1,000011,"{AB, Atria}",E8.5-227,30.0,Small
All,1,001011,"{AB, Atria, LV}",000001,{Atria},1,2,1,000011,"{AB, Atria}",E8.5-178,4.0,Small
All,1,001011,"{AB, Atria, LV}",000001,{Atria},1,2,1,000011,"{AB, Atria}",E8.5-146,4.0,Small
All,1,001011,"{AB, Atria, LV}",000001,{Atria},1,2,1,000011,"{AB, Atria}",E8.5-21,5.0,Small
All,1,001011,"{AB, Atria, LV}",000001,{Atria},1,2,1,000011,"{AB, Atria}",E8.5-224,6.0,Small
All,1,001011,"{AB, Atria, LV}",000001,{Atria},1,2,1,000011,"{AB, Atria}",E8.5-6,7.0,Small
All,1,001011,"{AB, Atria, LV}",000001,{Atria},1,2,1,000011,"{AB, Atria}",E8.5-7,7.0,Small
All,1,001011,"{AB, Atria, LV}",000001,{Atria},1,2,1,000011,"{AB, Atria}",E8.5-116,8.0,Small
All,1,001011,"{AB, Atria, LV}",000001,{Atria},1,2,1,000011,"{AB, Atria}",E8.5-172,8.0,Small
All,1,001011,"{AB, Atria, LV}",000001,{Atria},1,2,1,000011,"{AB, Atria}",E8.5-193,10.0,Small
All,1,001011,"{AB, Atria, LV}",000001,{Atria},1,2,1,000011,"{AB, Atria}",E8.5-20,16.0,Small
All,1,001011,"{AB, Atria, LV}",000001,{Atria},1,2,1,000011,"{AB, Atria}",E8.5-138,16.0,Small
All,1,001011,"{AB, Atria, LV}",000001,{Atria},1,2,1,000011,"{AB, Atria}",E8.5-110,17.0,Small
All,1,001011,"{AB, Atria, LV}",000001,{Atria},1,2,1,000011,"{AB, Atria}",E8.5-221,20.0,Small
All,1,001011,"{AB, Atria, LV}",000001,{Atria},1,2,1,000011,"{AB, Atria}",E8.5-16,25.0,Small
All,1,001011,"{AB, Atria, LV}",000001,{Atria},1,2,1,000011,"{AB, Atria}",E8.5-201,42.0,Large
All,1,001011,"{AB, Atria, LV}",000001,{Atria},1,2,2,000001,{Atria},E8.5-139,75.0,Large
All,1,001011,"{AB, Atria, LV}",000001,{Atria},1,2,2,000001,{Atria},E8.5-15,12.0,Small
All,1,001011,"{AB, Atria, LV}",000001,{Atria},1,2,2,000001,{Atria},E8.5-144,20.0,Small
All,1,001011,"{AB, Atria, LV}",000001,{Atria},1,2,2,000001,{Atria},E8.5-227,30.0,Small
All,1,001011,"{AB, Atria, LV}",000001,{Atria},1,2,2,000001,{Atria},E8.5-178,4.0,Small
All,1,001011,"{AB, Atria, LV}",000001,{Atria},1,2,2,000001,{Atria},E8.5-146,4.0,Small
All,1,001011,"{AB, Atria, LV}",000001,{Atria},1,2,2,000001,{Atria},E8.5-21,5.0,Small
All,1,001011,"{AB, Atria, LV}",000001,{Atria},1,2,2,000001,{Atria},E8.5-224,6.0,Small
All,1,001011,"{AB, Atria, LV}",000001,{Atria},1,2,2,000001,{Atria},E8.5-6,7.0,Small
All,1,001011,"{AB, Atria, LV}",000001,{Atria},1,2,2,000001,{Atria},E8.5-7,7.0,Small
All,1,001011,"{AB, Atria, LV}",000001,{Atria},1,2,2,000001,{Atria},E8.5-116,8.0,Small
All,1,001011,"{AB, Atria, LV}",000001,{Atria},1,2,2,000001,{Atria},E8.5-172,8.0,Small
All,1,001011,"{AB, Atria, LV}",000001,{Atria},1,2,2,000001,{Atria},E8.5-193,10.0,Small
All,1,001011,"{AB, Atria, LV}",000001,{Atria},1,2,2,000001,{Atria},E8.5-20,16.0,Small
All,1,001011,"{AB, Atria, LV}",000001,{Atria},1,2,2,000001,{Atria},E8.5-138,16.0,Small
All,1,001011,"{AB, Atria, LV}",000001,{Atria},1,2,2,000001,{Atria},E8.5-110,17.0,Small
All,1,001011,"{AB, Atria, LV}",000001,{Atria},1,2,2,000001,{Atria},E8.5-221,20.0,Small
All,1,001011,"{AB, Atria, LV}",000001,{Atria},1,2,2,000001,{Atria},E8.5-16,25.0,Small
All,1,001011,"{AB, Atria, LV}",000001,{Atria},1,2,2,000001,{Atria},E8.5-201,42.0,Large
All,1,001011,"{AB, Atria, LV}",000001,{Atria},2,2,0,001011,"{AB, Atria, LV}",E8.5-139,75.0,Large
All,1,001011,"{AB, Atria, LV}",000001,{Atria},2,2,0,001011,"{AB, Atria, LV}",E8.5-91,42.0,Large
All,1,001011,"{AB, Atria, LV}",000001,{Atria},2,2,0,001011,"{AB, Atria, LV}",E8.5-178,4.0,Small
All,1,001011,"{AB, Atria, LV}",000001,{Atria},2,2,0,001011,"{AB, Atria, LV}",E8.5-146,4.0,Small
All,1,001011,"{AB, Atria, LV}",000001,{Atria},2,2,0,001011,"{AB, Atria, LV}",E8.5-21,5.0,Small
All,1,001011,"{AB, Atria, LV}",000001,{Atria},2,2,0,001011,"{AB, Atria, LV}",E8.5-224,6.0,Small
All,1,001011,"{AB, Atria, LV}",000001,{Atria},2,2,0,001011,"{AB, Atria, LV}",E8.5-6,7.0,Small
All,1,001011,"{AB, Atria, LV}",000001,{Atria},2,2,0,001011,"{AB, Atria, LV}",E8.5-7,7.0,Small
All,1,001011,"{AB, Atria, LV}",000001,{Atria},2,2,0,001011,"{AB, Atria, LV}",E8.5-116,8.0,Small
All,1,001011,"{AB, Atria, LV}",000001,{Atria},2,2,0,001011,"{AB, Atria, LV}",E8.5-172,8.0,Small
All,1,001011,"{AB, Atria, LV}",000001,{Atria},2,2,0,001011,"{AB, Atria, LV}",E8.5-193,10.0,Small
All,1,001011,"{AB, Atria, LV}",000001,{Atria},2,2,0,001011,"{AB, Atria, LV}",E8.5-20,16.0,Small
All,1,001011,"{AB, Atria, LV}",000001,{Atria},2,2,0,001011,"{AB, Atria, LV}",E8.5-138,16.0,Small
All,1,001011,"{AB, Atria, LV}",000001,{Atria},2,2,0,001011,"{AB, Atria, LV}",E8.5-110,17.0,Small
All,1,001011,"{AB, Atria, LV}",000001,{Atria},2,2,0,001011,"{AB, Atria, LV}",E8.5-221,20.0,Small
All,1,001011,"{AB, Atria, LV}",000001,{Atria},2,2,0,001011,"{AB, Atria, LV}",E8.5-16,25.0,Small
All,1,001011,"{AB, Atria, LV}",000001,{Atria},2,2,0,001011,"{AB, Atria, LV}",E8.5-201,42.0,Large
All,1,001011,"{AB, Atria, LV}",000001,{Atria},2,2,1,001001,"{Atria, LV}",E8.5-139,75.0,Large
All,1,001011,"{AB, Atria, LV}",000001,{Atria},2,2,1,001001,"{Atria, LV}",E8.5-91,42.0,Large
All,1,001011,"{AB, Atria, LV}",000001,{Atria},2,2,1,001001,"{Atria, LV}",E8.5-178,4.0,Small
All,1,001011,"{AB, Atria, LV}",000001,{Atria},2,2,1,001001,"{Atria, LV}",E8.5-146,4.0,Small
All,1,001011,"{AB, Atria, LV}",000001,{Atria},2,2,1,001001,"{Atria, LV}",E8.5-21,5.0,Small
All,1,001011,"{AB, Atria, LV}",000001,{Atria},2,2,1,001001,"{Atria, LV}",E8.5-224,6.0,Small
All,1,001011,"{AB, Atria, LV}",000001,{Atria},2,2,1,001001,"{Atria, LV}",E8.5-6,7.0,Small
All,1,001011,"{AB, Atria, LV}",000001,{Atria},2,2,1,001001,"{Atria, LV}",E8.5-7,7.0,Small
All,1,001011,"{AB, Atria, LV}",000001,{Atria},2,2,1,001001,"{Atria, LV}",E8.5-116,8.0,Small
All,1,001011,"{AB, Atria, LV}",000001,{Atria},2,2,1,001001,"{Atria, LV}",E8.5-172,8.0,Small
All,1,001011,"{AB, Atria, LV}",000001,{Atria},2,2,1,001001,"{Atria, LV}",E8.5-193,10.0,Small
All,1,001011,"{AB, Atria, LV}",000001,{Atria},2,2,1,001001,"{Atria, LV}",E8.5-20,16.0,Small
All,1,001011,"{AB, Atria, LV}",000001,{Atria},2,2,1,001001,"{Atria, LV}",E8.5-138,16.0,Small
All,1,001011,"{AB, Atria, LV}",000001,{Atria},2,2,1,001001,"{Atria, LV}",E8.5-110,17.0,Small
All,1,001011,"{AB, Atria, LV}",000001,{Atria},2,2,1,001001,"{Atria, LV}",E8.5-221,20.0,Small
All,1,001011,"{AB, Atria, LV}",000001,{Atria},2,2,1,001001,"{Atria, LV}",E8.5-16,25.0,Small
All,1,001011,"{AB, Atria, LV}",000001,{Atria},2,2,1,001001,"{Atria, LV}",E8.5-201,42.0,Large
All,1,001011,"{AB, Atria, LV}",000001,{Atria},2,2,2,000001,{Atria},E8.5-139,75.0,Large
All,1,001011,"{AB, Atria, LV}",000001,{Atria},2,2,2,000001,{Atria},E8.5-91,42.0,Large
All,1,001011,"{AB, Atria, LV}",000001,{Atria},2,2,2,000001,{Atria},E8.5-178,4.0,Small
All,1,001011,"{AB, Atria, LV}",000001,{Atria},2,2,2,000001,{Atria},E8.5-146,4.0,Small
All,1,001011,"{AB, Atria, LV}",000001,{Atria},2,2,2,000001,{Atria},E8.5-21,5.0,Small
All,1,001011,"{AB, Atria, LV}",000001,{Atria},2,2,2,000001,{Atria},E8.5-224,6.0,Small
All,1,001011,"{AB, Atria, LV}",000001,{Atria},2,2,2,000001,{Atria},E8.5-6,7.0,Small
All,1,001011,"{AB, Atria, LV}",000001,{Atria},2,2,2,000001,{Atria},E8.5-7,7.0,Small
All,1,001011,"{AB, Atria, LV}",000001,{Atria},2,2,2,000001,{Atria},E8.5-116,8.0,Small
All,1,001011,"{AB, Atria, LV}",000001,{Atria},2,2,2,000001,{Atria},E8.5-172,8.0,Small
All,1,001011,"{AB, Atria, LV}",000001,{Atria},2,2,2,000001,{Atria},E8.5-193,10.0,Small
All,1,001011,"{AB, Atria, LV}",000001,{Atria},2,2,2,000001,{Atria},E8.5-20,16.0,Small
All,1,001011,"{AB, Atria, LV}",000001,{Atria},2,2,2,000001,{Atria},E8.5-138,16.0,Small
All,1,001011,"{AB, Atria, LV}",000001,{Atria},2,2,2,000001,{Atria},E8.5-110,17.0,Small
All,1,001011,"{AB, Atria, LV}",000001,{Atria},2,2,2,000001,{Atria},E8.5-221,20.0,Small
All,1,001011,"{AB, Atria, LV}",000001,{Atria},2,2,2,000001,{Atria},E8.5-16,25.0,Small
All,1,001011,"{AB, Atria, LV}",000001,{Atria},2,2,2,000001,{Atria},E8.5-201,42.0,Large
All,1,001011,"{AB, Atria, LV}",000001,{Atria},3,1,0,001011,"{AB, Atria, LV}",E8.5-139,75.0,Large
All,1,001011,"{AB, Atria, LV}",000001,{Atria},3,1,0,001011,"{AB, Atria, LV}",E8.5-178,4.0,Small
All,1,001011,"{AB, Atria, LV}",000001,{Atria},3,1,0,001011,"{AB, Atria, LV}",E8.5-146,4.0,Small
All,1,001011,"{AB, Atria, LV}",000001,{Atria},3,1,0,001011,"{AB, Atria, LV}",E8.5-21,5.0,Small
All,1,001011,"{AB, Atria, LV}",000001,{Atria},3,1,0,001011,"{AB, Atria, LV}",E8.5-224,6.0,Small
All,1,001011,"{AB, Atria, LV}",000001,{Atria},3,1,0,001011,"{AB, Atria, LV}",E8.5-6,7.0,Small
All,1,001011,"{AB, Atria, LV}",000001,{Atria},3,1,0,001011,"{AB, Atria, LV}",E8.5-7,7.0,Small
All,1,001011,"{AB, Atria, LV}",000001,{Atria},3,1,0,001011,"{AB, Atria, LV}",E8.5-116,8.0,Small
All,1,001011,"{AB, Atria, LV}",000001,{Atria},3,1,0,001011,"{AB, Atria, LV}",E8.5-172,8.0,Small
All,1,001011,"{AB, Atria, LV}",000001,{Atria},3,1,0,001011,"{AB, Atria, LV}",E8.5-193,10.0,Small
All,1,001011,"{AB, Atria, LV}",000001,{Atria},3,1,0,001011,"{AB, Atria, LV}",E8.5-20,16.0,Small
All,1,001011,"{AB, Atria, LV}",000001,{Atria},3,1,0,001011,"{AB, Atria, LV}",E8.5-138,16.0,Small
All,1,001011,"{AB, Atria, LV}",000001,{Atria},3,1,0,001011,"{AB, Atria, LV}",E8.5-110,17.0,Small
All,1,001011,"{AB, Atria, LV}",000001,{Atria},3,1,0,001011,"{AB, Atria, LV}",E8.5-221,20.0,Small
All,1,001011,"{AB, Atria, LV}",000001,{Atria},3,1,0,001011,"{AB, Atria, LV}",E8.5-16,25.0,Small
All,1,001011,"{AB, Atria, LV}",000001,{Atria},3,1,0,001011,"{AB, Atria, LV}",E8.5-201,42.0,Large
All,1,001011,"{AB, Atria, LV}",000001,{Atria},3,1,1,000001,{Atria},E8.5-139,75.0,Large
All,1,001011,"{AB, Atria, LV}",000001,{Atria},3,1,1,000001,{Atria},E8.5-178,4.0,Small
All,1,001011,"{AB, Atria, LV}",000001,{Atria},3,1,1,000001,{Atria},E8.5-146,4.0,Small
All,1,001011,"{AB, Atria, LV}",000001,{Atria},3,1,1,000001,{Atria},E8.5-21,5.0,Small
All,1,001011,"{AB, Atria, LV}",000001,{Atria},3,1,1,000001,{Atria},E8.5-224,6.0,Small
All,1,001011,"{AB, Atria, LV}",000001,{Atria},3,1,1,000001,{Atria},E8.5-6,7.0,Small
All,1,001011,"{AB, Atria, LV}",000001,{Atria},3,1,1,000001,{Atria},E8.5-7,7.0,Small
All,1,001011,"{AB, Atria, LV}",000001,{Atria},3,1,1,000001,{Atria},E8.5-116,8.0,Small
All,1,001011,"{AB, Atria, LV}",000001,{Atria},3,1,1,000001,{Atria},E8.5-172,8.0,Small
All,1,001011,"{AB, Atria, LV}",000001,{Atria},3,1,1,000001,{Atria},E8.5-193,10.0,Small
All,1,001011,"{AB, Atria, LV}",000001,{Atria},3,1,1,000001,{Atria},E8.5-20,16.0,Small
All,1,001011,"{AB, Atria, LV}",000001,{Atria},3,1,1,000001,{Atria},E8.5-138,16.0,Small
All,1,001011,"{AB, Atria, LV}",000001,{Atria},3,1,1,000001,{Atria},E8.5-110,17.0,Small
All,1,001011,"{AB, Atria, LV}",000001,{Atria},3,1,1,000001,{Atria},E8.5-221,20.0,Small
All,1,001011,"{AB, Atria, LV}",000001,{Atria},3,1,1,000001,{Atria},E8.5-16,25.0,Small
All,1,001011,"{AB, Atria, LV}",000001,{Atria},3,1,1,000001,{Atria},E8.5-201,42.0,Large
All,1,001011,"{AB, Atria, LV}",001000,{LV},1,2,0,001011,"{AB, Atria, LV}",E8.5-139,75.0,Large
All,1,001011,"{AB, Atria, LV}",001000,{LV},1,2,0,001011,"{AB, Atria, LV}",E8.5-91,42.0,Large
All,1,001011,"{AB, Atria, LV}",001000,{LV},1,2,0,001011,"{AB, Atria, LV}",E8.5-124,4.0,Small
All,1,001011,"{AB, Atria, LV}",001000,{LV},1,2,0,001011,"{AB, Atria, LV}",E8.5-23,4.0,Small
All,1,001011,"{AB, Atria, LV}",001000,{LV},1,2,0,001011,"{AB, Atria, LV}",E8.5-57,4.0,Small
All,1,001011,"{AB, Atria, LV}",001000,{LV},1,2,0,001011,"{AB, Atria, LV}",E8.5-208,5.0,Small
All,1,001011,"{AB, Atria, LV}",001000,{LV},1,2,0,001011,"{AB, Atria, LV}",E8.5-22,8.0,Small
All,1,001011,"{AB, Atria, LV}",001000,{LV},1,2,0,001011,"{AB, Atria, LV}",E8.5-62,8.0,Small
All,1,001011,"{AB, Atria, LV}",001000,{LV},1,2,0,001011,"{AB, Atria, LV}",E8.5-89,8.0,Small
All,1,001011,"{AB, Atria, LV}",001000,{LV},1,2,0,001011,"{AB, Atria, LV}",E8.5-132,8.0,Small
All,1,001011,"{AB, Atria, LV}",001000,{LV},1,2,0,001011,"{AB, Atria, LV}",E8.5-98,11.0,Small
All,1,001011,"{AB, Atria, LV}",001000,{LV},1,2,0,001011,"{AB, Atria, LV}",E8.5-159,12.0,Small
All,1,001011,"{AB, Atria, LV}",001000,{LV},1,2,0,001011,"{AB, Atria, LV}",E8.5-162,16.0,Small
All,1,001011,"{AB, Atria, LV}",001000,{LV},1,2,0,001011,"{AB, Atria, LV}",E8.5-153,27.0,Small
All,1,001011,"{AB, Atria, LV}",001000,{LV},1,2,0,001011,"{AB, Atria, LV}",E8.5-180,30.0,Small
All,1,001011,"{AB, Atria, LV}",001000,{LV},1,2,1,001001,"{Atria, LV}",E8.5-139,75.0,Large
All,1,001011,"{AB, Atria, LV}",001000,{LV},1,2,1,001001,"{Atria, LV}",E8.5-91,42.0,Large
All,1,001011,"{AB, Atria, LV}",001000,{LV},1,2,1,001001,"{Atria, LV}",E8.5-124,4.0,Small
All,1,001011,"{AB, Atria, LV}",001000,{LV},1,2,1,001001,"{Atria, LV}",E8.5-23,4.0,Small
All,1,001011,"{AB, Atria, LV}",001000,{LV},1,2,1,001001,"{Atria, LV}",E8.5-57,4.0,Small
All,1,001011,"{AB, Atria, LV}",001000,{LV},1,2,1,001001,"{Atria, LV}",E8.5-208,5.0,Small
All,1,001011,"{AB, Atria, LV}",001000,{LV},1,2,1,001001,"{Atria, LV}",E8.5-22,8.0,Small
All,1,001011,"{AB, Atria, LV}",001000,{LV},1,2,1,001001,"{Atria, LV}",E8.5-62,8.0,Small
All,1,001011,"{AB, Atria, LV}",001000,{LV},1,2,1,001001,"{Atria, LV}",E8.5-89,8.0,Small
All,1,001011,"{AB, Atria, LV}",001000,{LV},1,2,1,001001,"{Atria, LV}",E8.5-132,8.0,Small
All,1,001011,"{AB, Atria, LV}",001000,{LV},1,2,1,001001,"{Atria, LV}",E8.5-98,11.0,Small
All,1,001011,"{AB, Atria, LV}",001000,{LV},1,2,1,001001,"{Atria, LV}",E8.5-159,12.0,Small
All,1,001011,"{AB, Atria, LV}",001000,{LV},1,2,1,001001,"{Atria, LV}",E8.5-162,16.0,Small
All,1,001011,"{AB, Atria, LV}",001000,{LV},1,2,1,001001,"{Atria, LV}",E8.5-153,27.0,Small
All,1,001011,"{AB, Atria, LV}",001000,{LV},1,2,1,001001,"{Atria, LV}",E8.5-180,30.0,Small
All,1,001011,"{AB, Atria, LV}",001000,{LV},1,2,2,001000,{LV},E8.5-139,75.0,Large
All,1,001011,"{AB, Atria, LV}",001000,{LV},1,2,2,001000,{LV},E8.5-91,42.0,Large
All,1,001011,"{AB, Atria, LV}",001000,{LV},1,2,2,001000,{LV},E8.5-124,4.0,Small
All,1,001011,"{AB, Atria, LV}",001000,{LV},1,2,2,001000,{LV},E8.5-23,4.0,Small
All,1,001011,"{AB, Atria, LV}",001000,{LV},1,2,2,001000,{LV},E8.5-57,4.0,Small
All,1,001011,"{AB, Atria, LV}",001000,{LV},1,2,2,001000,{LV},E8.5-208,5.0,Small
All,1,001011,"{AB, Atria, LV}",001000,{LV},1,2,2,001000,{LV},E8.5-22,8.0,Small
All,1,001011,"{AB, Atria, LV}",001000,{LV},1,2,2,001000,{LV},E8.5-62,8.0,Small
All,1,001011,"{AB, Atria, LV}",001000,{LV},1,2,2,001000,{LV},E8.5-89,8.0,Small
All,1,001011,"{AB, Atria, LV}",001000,{LV},1,2,2,001000,{LV},E8.5-132,8.0,Small
All,1,001011,"{AB, Atria, LV}",001000,{LV},1,2,2,001000,{LV},E8.5-98,11.0,Small
All,1,001011,"{AB, Atria, LV}",001000,{LV},1,2,2,001000,{LV},E8.5-159,12.0,Small
All,1,001011,"{AB, Atria, LV}",001000,{LV},1,2,2,001000,{LV},E8.5-162,16.0,Small
All,1,001011,"{AB, Atria, LV}",001000,{LV},1,2,2,001000,{LV},E8.5-153,27.0,Small
All,1,001011,"{AB, Atria, LV}",001000,{LV},1,2,2,001000,{LV},E8.5-180,30.0,Small
All,1,001011,"{AB, Atria, LV}",001000,{LV},2,1,0,001011,"{AB, Atria, LV}",E8.5-139,75.0,Large
All,1,001011,"{AB, Atria, LV}",001000,{LV},2,1,0,001011,"{AB, Atria, LV}",E8.5-124,4.0,Small
All,1,001011,"{AB, Atria, LV}",001000,{LV},2,1,0,001011,"{AB, Atria, LV}",E8.5-23,4.0,Small
All,1,001011,"{AB, Atria, LV}",001000,{LV},2,1,0,001011,"{AB, Atria, LV}",E8.5-57,4.0,Small
All,1,001011,"{AB, Atria, LV}",001000,{LV},2,1,0,001011,"{AB, Atria, LV}",E8.5-208,5.0,Small
All,1,001011,"{AB, Atria, LV}",001000,{LV},2,1,0,001011,"{AB, Atria, LV}",E8.5-22,8.0,Small
All,1,001011,"{AB, Atria, LV}",001000,{LV},2,1,0,001011,"{AB, Atria, LV}",E8.5-62,8.0,Small
All,1,001011,"{AB, Atria, LV}",001000,{LV},2,1,0,001011,"{AB, Atria, LV}",E8.5-89,8.0,Small
All,1,001011,"{AB, Atria, LV}",001000,{LV},2,1,0,001011,"{AB, Atria, LV}",E8.5-132,8.0,Small
All,1,001011,"{AB, Atria, LV}",001000,{LV},2,1,0,001011,"{AB, Atria, LV}",E8.5-98,11.0,Small
All,1,001011,"{AB, Atria, LV}",001000,{LV},2,1,0,001011,"{AB, Atria, LV}",E8.5-159,12.0,Small
All,1,001011,"{AB, Atria, LV}",001000,{LV},2,1,0,001011,"{AB, Atria, LV}",E8.5-162,16.0,Small
All,1,001011,"{AB, Atria, LV}",001000,{LV},2,1,0,001011,"{AB, Atria, LV}",E8.5-153,27.0,Small
All,1,001011,"{AB, Atria, LV}",001000,{LV},2,1,0,001011,"{AB, Atria, LV}",E8.5-180,30.0,Small
All,1,001011,"{AB, Atria, LV}",001000,{LV},2,1,1,001000,{LV},E8.5-139,75.0,Large
All,1,001011,"{AB, Atria, LV}",001000,{LV},2,1,1,001000,{LV},E8.5-124,4.0,Small
All,1,001011,"{AB, Atria, LV}",001000,{LV},2,1,1,001000,{LV},E8.5-23,4.0,Small
All,1,001011,"{AB, Atria, LV}",001000,{LV},2,1,1,001000,{LV},E8.5-57,4.0,Small
All,1,001011,"{AB, Atria, LV}",001000,{LV},2,1,1,001000,{LV},E8.5-208,5.0,Small
All,1,001011,"{AB, Atria, LV}",001000,{LV},2,1,1,001000,{LV},E8.5-22,8.0,Small
All,1,001011,"{AB, Atria, LV}",001000,{LV},2,1,1,001000,{LV},E8.5-62,8.0,Small
All,1,001011,"{AB, Atria, LV}",001000,{LV},2,1,1,001000,{LV},E8.5-89,8.0,Small
All,1,001011,"{AB, Atria, LV}",001000,{LV},2,1,1,001000,{LV},E8.5-132,8.0,Small
All,1,001011,"{AB, Atria, LV}",001000,{LV},2,1,1,001000,{LV},E8.5-98,11.0,Small
All,1,001011,"{AB, Atria, LV}",001000,{LV},2,1,1,001000,{LV},E8.5-159,12.0,Small
All,1,001011,"{AB, Atria, LV}",001000,{LV},2,1,1,001000,{LV},E8.5-162,16.0,Small
All,1,001011,"{AB, Atria, LV}",001000,{LV},2,1,1,001000,{LV},E8.5-153,27.0,Small
All,1,001011,"{AB, Atria, LV}",001000,{LV},2,1,1,001000,{LV},E8.5-180,30.0,Small
All,1,001100,"{AVC, LV}",000100,{AVC},1,1,0,001100,"{AVC, LV}",E8.5-176,42.0,Large
All,1,001100,"{AVC, LV}",000100,{AVC},1,1,0,001100,"{AVC, LV}",E8.5-106,4.0,Small
All,1,001100,"{AVC, LV}",000100,{AVC},1,1,0,001100,"{AVC, LV}",E8.5-29,8.0,Small
All,1,001100,"{AVC, LV}",000100,{AVC},1,1,1,000100,{AVC},E8.5-176,42.0,Large
All,1,001100,"{AVC, LV}",000100,{AVC},1,1,1,000100,{AVC},E8.5-106,4.0,Small
All,1,001100,"{AVC, LV}",000100,{AVC},1,1,1,000100,{AVC},E8.5-29,8.0,Small
All,1,001100,"{AVC, LV}",001000,{LV},1,1,0,001100,"{AVC, LV}",E8.5-176,42.0,Large
All,1,001100,"{AVC, LV}",001000,{LV},1,1,0,001100,"{AVC, LV}",E8.5-124,4.0,Small
All,1,001100,"{AVC, LV}",001000,{LV},1,1,0,001100,"{AVC, LV}",E8.5-23,4.0,Small
All,1,001100,"{AVC, LV}",001000,{LV},1,1,0,001100,"{AVC, LV}",E8.5-57,4.0,Small
All,1,001100,"{AVC, LV}",001000,{LV},1,1,0,001100,"{AVC, LV}",E8.5-208,5.0,Small
All,1,001100,"{AVC, LV}",001000,{LV},1,1,0,001100,"{AVC, LV}",E8.5-22,8.0,Small
All,1,001100,"{AVC, LV}",001000,{LV},1,1,0,001100,"{AVC, LV}",E8.5-62,8.0,Small
All,1,001100,"{AVC, LV}",001000,{LV},1,1,0,001100,"{AVC, LV}",E8.5-89,8.0,Small
All,1,001100,"{AVC, LV}",001000,{LV},1,1,0,001100,"{AVC, LV}",E8.5-132,8.0,Small
All,1,001100,"{AVC, LV}",001000,{LV},1,1,0,001100,"{AVC, LV}",E8.5-98,11.0,Small
All,1,001100,"{AVC, LV}",001000,{LV},1,1,0,001100,"{AVC, LV}",E8.5-159,12.0,Small
All,1,001100,"{AVC, LV}",001000,{LV},1,1,0,001100,"{AVC, LV}",E8.5-162,16.0,Small
All,1,001100,"{AVC, LV}",001000,{LV},1,1,0,001100,"{AVC, LV}",E8.5-153,27.0,Small
All,1,001100,"{AVC, LV}",001000,{LV},1,1,0,001100,"{AVC, LV}",E8.5-180,30.0,Small
All,1,001100,"{AVC, LV}",001000,{LV},1,1,1,001000,{LV},E8.5-176,42.0,Large
All,1,001100,"{AVC, LV}",001000,{LV},1,1,1,001000,{LV},E8.5-124,4.0,Small
All,1,001100,"{AVC, LV}",001000,{LV},1,1,1,001000,{LV},E8.5-23,4.0,Small
All,1,001100,"{AVC, LV}",001000,{LV},1,1,1,001000,{LV},E8.5-57,4.0,Small
All,1,001100,"{AVC, LV}",001000,{LV},1,1,1,001000,{LV},E8.5-208,5.0,Small
All,1,001100,"{AVC, LV}",001000,{LV},1,1,1,001000,{LV},E8.5-22,8.0,Small
All,1,001100,"{AVC, LV}",001000,{LV},1,1,1,001000,{LV},E8.5-62,8.0,Small
All,1,001100,"{AVC, LV}",001000,{LV},1,1,1,001000,{LV},E8.5-89,8.0,Small
All,1,001100,"{AVC, LV}",001000,{LV},1,1,1,001000,{LV},E8.5-132,8.0,Small
All,1,001100,"{AVC, LV}",001000,{LV},1,1,1,001000,{LV},E8.5-98,11.0,Small
All,1,001100,"{AVC, LV}",001000,{LV},1,1,1,001000,{LV},E8.5-159,12.0,Small
All,1,001100,"{AVC, LV}",001000,{LV},1,1,1,001000,{LV},E8.5-162,16.0,Small
All,1,001100,"{AVC, LV}",001000,{LV},1,1,1,001000,{LV},E8.5-153,27.0,Small
All,1,001100,"{AVC, LV}",001000,{LV},1,1,1,001000,{LV},E8.5-180,30.0,Small
